10000
0.1500 2.6213 4.6510 0.5500 1.9014 2.0698 0.3500 1.5290 1.2798
1.1000 -0.4938 0.0001 1.9000 -0.0065 0.0095 1.4000 0.5094 -0.0079
1.5000 -0.2931 -0.5025 1.5000 0.2901 -0.5039 1.5000 0.0015 0.5075
2.1500 -1.7162 0.8031 2.5500 3.1339 0.2372 2.3500 2.1673 1.8727
3.1500 -0.8781 2.9564 3.5500 -3.4413 4.2238 3.3500 4.3912 4.7054
4.1500 -2.4612 -1.2450 4.5500 3.0726 -0.0173 4.3500 1.5227 2.5827
5.1500 2.3301 -3.3297 5.5500 -2.0311 0.4224 5.3500 4.9861 4.5429
6.1500 -4.2233 -2.8977 6.5500 -4.2150 -2.7288 6.3500 -0.4340 2.3738
7.1500 4.2764 2.6392 7.5500 2.1831 -1.6620 7.3500 1.5450 -4.6755
8.1500 -4.6802 3.2851 8.5500 -1.1244 -0.2305 8.3500 3.2108 -1.5006
9.1500 1.6810 4.2979 9.5500 0.0717 0.2931 9.3500 1.6007 -1.4423
10.1500 1.7219 -4.3735 10.5500 2.7626 -3.1508 10.3500 -4.7279 2.7097
11.1500 -3.5511 -2.2528 11.5500 1.7306 -2.0488 11.3500 1.1129 -2.9244
12.1500 -4.2376 0.1037 12.5500 -4.9548 1.2631 12.3500 -3.6589 4.6237
13.1500 2.0976 0.5044 13.5500 4.7486 -1.0240 13.3500 -4.0935 -4.3320
14.1500 4.1751 3.7754 14.5500 -2.4993 -4.8692 14.3500 2.8541 1.2687
15.1500 -0.1047 -2.8703 15.5500 0.9431 4.5292 15.3500 2.8376 4.3200
16.1500 -4.5916 4.3873 16.5500 1.9322 2.8154 16.3500 -1.3585 1.4541
17.1500 3.7716 2.4686 17.5500 -3.6504 2.5327 17.3500 -1.9685 4.7838
18.1500 3.7574 -2.3023 18.5500 -3.7061 1.4268 18.3500 -0.1725 -3.7530
19.1500 -3.6979 -3.0731 19.5500 3.6142 -4.4396 19.3500 -4.4373 2.9559
20.1500 2.8357 2.3894 20.5500 1.1239 -4.2541 20.3500 -0.2221 -4.8282
21.1000 -0.4922 0.0057 21.9000 -0.0048 -0.0006 21.4000 0.5081 0.0062
21.5000 -0.3051 -0.4937 21.5000 0.3080 -0.5052 21.5000 -0.0031 0.5017
22.1500 -2.4797 -3.3762 22.5500 -1.6241 3.7154 22.3500 1.5037 -4.2304
23.1500 1.1339 -1.6165 23.5500 -2.8441 -2.2541 23.3500 2.5422 3.6521
24.1500 -3.2612 2.4132 24.5500 4.7234 3.8165 24.3500 4.4270 1.0693
25.1500 -3.9133 1.9160 25.5500 -4.2206 -0.9817 25.3500 -4.8986 4.8779
26.1500 -2.8289 3.2080 26.5500 2.2659 2.9450 26.3500 4.8319 -1.6997
27.1500 -4.4143 -0.4192 27.5500 0.0164 0.9048 27.3500 1.3124 -2.6018
28.1500 -2.7343 4.8133 28.5500 -1.2952 4.2239 28.3500 -0.4076 -1.6996
29.1500 -0.5539 3.1921 29.5500 -1.0103 -4.1062 29.3500 -2.7338 -4.8386
30.1500 3.3915 -3.8268 30.5500 4.8506 -0.7754 30.3500 4.9489 -1.3287
31.1000 -0.5010 -0.0045 31.9000 0.0043 0.0073 31.4000 0.4943 0.0023
31.5000 -0.3061 -0.5063 31.5000 0.2964 -0.5084 31.5000 0.0006 0.5065
32.1500 1.9325 -2.7308 32.5500 2.5958 -2.7522 32.3500 -3.8422 2.2220
33.1500 -1.9416 1.1922 33.5500 4.2828 0.9461 33.3500 -0.8010 -1.5422
34.1500 0.2086 -4.9090 34.5500 -0.5772 -3.4534 34.3500 -4.2207 2.3591
35.1500 0.9859 1.4890 35.5500 4.3608 -0.6844 35.3500 3.3533 -3.5050
36.1500 1.6338 -3.4194 36.5500 0.7489 0.7393 36.3500 -2.9488 -2.1558
37.1500 -3.2070 -1.9941 37.5500 -4.5041 3.9310 37.3500 -1.6575 4.1030
38.1000 -0.4971 -0.0025 38.9000 0.0072 0.0062 38.4000 0.4966 -0.0033
38.5000 -0.2926 -0.5016 38.5000 0.3035 -0.5082 38.5000 -0.0022 0.5081
39.1500 1.8214 -3.6730 39.5500 -0.2629 1.3742 39.3500 2.7304 0.6217
40.1500 -3.1384 -2.4111 40.5500 -2.6093 -3.6342 40.3500 1.4067 -0.0891
41.1500 0.0086 4.9159 41.5500 0.8277 -4.3284 41.3500 -2.9927 1.3266
42.1500 4.2832 -0.1957 42.5500 -1.2467 -1.1802 42.3500 1.9881 1.7433
43.1000 -0.4939 -0.0049 43.9000 0.0084 -0.0100 43.4000 0.5089 0.0002
43.5000 -0.3095 -0.5044 43.5000 0.2952 -0.5018 43.5000 -0.0071 0.4935
44.1500 0.0152 2.4243 44.5500 -2.5243 0.2647 44.3500 2.4508 -1.5032
45.1500 2.5771 2.4393 45.5500 0.2734 -2.8065 45.3500 0.9348 0.8638
46.1000 -0.5018 -0.0088 46.9000 0.0050 -0.0030 46.4000 0.5041 0.0064
46.5000 -0.3014 -0.4946 46.5000 0.2913 -0.5072 46.5000 0.0061 0.5076
47.1000 -0.5012 -0.0018 47.9000 -0.0053 0.0080 47.4000 0.4978 -0.0007
47.5000 -0.3034 -0.5006 47.5000 0.2942 -0.4980 47.5000 -0.0091 0.4964
48.1500 0.6898 -0.4013 48.5500 -2.9247 0.3567 48.3500 1.8337 -1.6567
49.1500 -3.9343 3.4406 49.5500 -3.2622 1.1705 49.3500 -4.1438 -3.1633
50.1500 0.1689 0.9521 50.5500 3.4722 1.1198 50.3500 -2.4149 -4.8792
51.1500 1.2662 -4.0735 51.5500 3.8802 -1.0510 51.3500 -0.9934 -2.7833
52.1500 0.5755 1.4251 52.5500 1.9847 3.5789 52.3500 2.6683 2.2210
53.1500 0.6742 -4.1748 53.5500 -3.6974 0.3636 53.3500 0.3303 -3.3017
54.1500 -2.2060 2.4102 54.5500 -0.6964 1.3686 54.3500 0.2296 1.1532
55.1500 2.2366 0.1993 55.5500 -3.6943 -0.0489 55.3500 -3.6168 3.9333
56.1500 -3.5435 -0.6639 56.5500 -3.9261 2.3880 56.3500 2.8365 -2.0935
57.1500 1.4599 -1.6002 57.5500 -3.7777 -1.3086 57.3500 -0.3464 0.4187
58.1000 -0.4968 -0.0095 58.9000 0.0038 0.0082 58.4000 0.4983 0.0010
58.5000 -0.3010 -0.5099 58.5000 0.2962 -0.5046 58.5000 0.0084 0.5070
59.1500 0.0632 1.3786 59.5500 2.2494 0.2774 59.3500 2.1270 -4.8895
60.1500 -0.4894 -1.9244 60.5500 1.4761 -3.7514 60.3500 0.3418 1.1393
61.1500 -0.8112 1.5563 61.5500 2.5488 3.8824 61.3500 -3.8024 -1.7248
62.1500 2.0233 2.0657 62.5500 3.5942 2.9250 62.3500 2.5520 1.4025
63.1500 -0.8314 0.4989 63.5500 -0.9879 2.3628 63.3500 -2.7307 2.8706
64.1000 -0.4986 0.0032 64.9000 0.0093 -0.0065 64.4000 0.5041 -0.0054
64.5000 -0.3031 -0.5069 64.5000 0.3097 -0.4968 64.5000 -0.0019 0.4977
65.1500 -2.0785 4.4043 65.5500 -0.2548 0.5137 65.3500 2.6351 0.2604
66.1500 -0.0330 -1.9656 66.5500 1.0013 4.0324 66.3500 -1.0441 -1.6678
67.1000 -0.4928 0.0091 67.9000 0.0040 0.0092 67.4000 0.4957 -0.0020
67.5000 -0.2996 -0.5050 67.5000 0.3095 -0.5067 67.5000 -0.0081 0.4980
68.1500 -4.1716 2.6858 68.5500 -4.5750 3.1611 68.3500 -3.0034 -3.9446
69.1500 3.8018 1.2448 69.5500 4.3534 2.9705 69.3500 3.3328 3.4461
70.1500 -1.8271 -0.2655 70.5500 -1.3963 -4.9846 70.3500 -0.4009 3.3425
71.1500 0.8243 -3.0360 71.5500 -0.1388 3.2713 71.3500 -4.8422 -0.2960
72.1500 -1.2707 -1.3048 72.5500 -4.3918 -3.4640 72.3500 3.2185 -0.2603
73.1500 4.0869 2.3593 73.5500 2.2948 0.7528 73.3500 -4.2484 0.9687
74.1500 -0.3069 4.2845 74.5500 2.4695 2.6015 74.3500 -1.0293 0.6528
75.1500 -4.9767 1.5483 75.5500 1.3967 4.1346 75.3500 2.3885 -4.5084
76.1500 -0.1642 0.1891 76.5500 4.2700 2.7391 76.3500 -0.7115 -3.7110
77.1000 -0.4985 -0.0060 77.9000 -0.0014 0.0068 77.4000 0.5099 -0.0015
77.5000 -0.2968 -0.5046 77.5000 0.3028 -0.4967 77.5000 0.0087 0.5025
78.1500 -1.5337 2.4002 78.5500 3.1627 1.8410 78.3500 -0.5354 0.3362
79.1500 0.6710 -3.6004 79.5500 -0.3746 3.1429 79.3500 -2.2888 -1.9692
80.1000 -0.5016 -0.0021 80.9000 -0.0062 0.0080 80.4000 0.4981 0.0042
80.5000 -0.3037 -0.4929 80.5000 0.3089 -0.4951 80.5000 0.0037 0.5032
81.1500 0.5146 -2.4011 81.5500 -3.0499 3.9816 81.3500 -2.8760 4.5023
82.1500 4.6633 -2.1021 82.5500 -0.1460 -3.8946 82.3500 0.6391 3.6793
83.1500 4.6498 -1.8445 83.5500 -2.1505 -0.6934 83.3500 -2.7647 -3.1289
84.1500 3.7607 1.6211 84.5500 2.7527 -0.5016 84.3500 -4.3213 4.8946
85.1500 4.1545 -2.2632 85.5500 -4.7426 4.7107 85.3500 -4.1655 4.8900
86.1500 2.8272 -0.6351 86.5500 4.8507 2.5168 86.3500 0.6991 4.3395
87.1500 0.2074 2.6294 87.5500 -0.6611 3.6205 87.3500 -2.1795 -3.8715
88.1500 2.9911 -4.2657 88.5500 0.5997 -2.6514 88.3500 1.6503 0.6312
89.1500 2.1172 -1.0229 89.5500 2.0617 1.3649 89.3500 0.4052 -3.3230
90.1500 4.1038 2.6448 90.5500 0.9029 0.4380 90.3500 3.9846 -4.1185
91.1500 0.9468 0.3905 91.5500 3.7814 3.6898 91.3500 -1.3358 1.6298
92.1500 3.7062 1.1958 92.5500 -3.9375 4.1549 92.3500 4.0678 4.1928
93.1500 3.2427 -4.3892 93.5500 -1.0261 -3.6819 93.3500 -1.1196 0.5337
94.1500 -1.9032 2.0985 94.5500 -3.4554 2.8007 94.3500 0.4165 2.0835
95.1000 -0.4982 0.0097 95.9000 0.0040 -0.0095 95.4000 0.4985 -0.0099
95.5000 -0.2952 -0.5059 95.5000 0.2953 -0.5034 95.5000 -0.0008 0.5013
96.1500 1.4801 -0.7887 96.5500 0.3247 4.1380 96.3500 -4.9319 -0.0178
97.1500 -2.0925 3.4892 97.5500 4.8915 -0.1575 97.3500 -0.7457 0.7708
98.1500 3.9701 -4.2402 98.5500 -0.3451 2.9126 98.3500 4.0415 -2.9163
99.1500 -4.2362 3.4454 99.5500 -4.9155 4.1558 99.3500 -1.1304 3.6487
100.1500 -1.2429 4.6923 100.5500 4.6663 -1.7580 100.3500 -4.8902 1.9063
101.1500 -0.5338 -2.6271 101.5500 4.8735 1.1357 101.3500 -1.9558 2.3810
102.1500 -4.1305 -3.2742 102.5500 1.1087 -0.6781 102.3500 -3.2283 -3.8725
103.1500 -4.2938 -4.6962 103.5500 -2.1060 -2.4321 103.3500 0.0599 -4.6769
104.1500 0.5744 1.7304 104.5500 4.8098 -4.1913 104.3500 -1.6808 4.8644
105.1500 3.9158 -2.1290 105.5500 -3.1833 4.0313 105.3500 4.5546 1.0798
106.1500 -2.2757 -3.3660 106.5500 -3.8031 3.2042 106.3500 0.8984 -4.5507
107.1000 -0.5098 -0.0081 107.9000 0.0001 -0.0061 107.4000 0.5078 -0.0074
107.5000 -0.3075 -0.4924 107.5000 0.2989 -0.5060 107.5000 0.0030 0.5080
108.1500 4.8654 2.3933 108.5500 -1.2854 2.8789 108.3500 4.3627 -2.6530
109.1500 -4.8273 -0.3487 109.5500 1.3530 -0.0943 109.3500 4.4990 4.5895
110.1500 -4.0503 2.3511 110.5500 3.4706 -1.5620 110.3500 2.3261 0.3118
111.1500 -1.8916 -1.5194 111.5500 3.2446 1.1841 111.3500 4.9123 -2.8459
112.1500 2.9022 -3.5825 112.5500 0.6518 -4.2788 112.3500 -1.6200 3.9961
113.1500 -2.0552 -1.8399 113.5500 -3.1520 0.2950 113.3500 -3.6699 -4.2136
114.1500 -4.8251 3.2674 114.5500 2.9309 1.9797 114.3500 3.4962 -0.0678
115.1500 3.4339 0.1182 115.5500 -4.2391 1.3530 115.3500 0.1471 -2.5143
116.1500 -1.9222 3.4274 116.5500 0.6628 -0.5606 116.3500 -2.5338 4.9428
117.1500 -1.9440 -2.5708 117.5500 -3.3282 0.9337 117.3500 0.8165 -0.6711
118.1500 -2.1159 3.9736 118.5500 -2.5794 -0.8531 118.3500 -0.1563 0.5248
119.1500 1.9756 -4.3989 119.5500 -1.3760 -0.7216 119.3500 4.6334 0.2989
120.1000 -0.4937 0.0039 120.9000 -0.0047 0.0100 120.4000 0.5083 -0.0009
120.5000 -0.3067 -0.4910 120.5000 0.2930 -0.4945 120.5000 0.0063 0.4975
121.1500 3.9514 4.3705 121.5500 1.1379 -2.5144 121.3500 4.0639 -1.2525
122.1500 3.5845 -3.4391 122.5500 3.9192 -4.6512 122.3500 0.6052 0.2188
123.1500 -4.9612 -4.6107 123.5500 -1.4531 0.9678 123.3500 3.4789 -0.9196
124.1500 -0.0265 1.1542 124.5500 -4.9387 0.8104 124.3500 -2.2488 3.4558
125.1500 -2.7618 1.0396 125.5500 2.0926 -2.6856 125.3500 4.2053 0.5250
126.1500 -4.7475 3.4055 126.5500 -0.2782 3.2736 126.3500 -4.3606 -0.4082
127.1500 -1.0891 -1.4688 127.5500 0.5370 -4.6758 127.3500 3.1316 1.6397
128.1000 -0.4914 -0.0037 128.9000 -0.0066 -0.0008 128.4000 0.5082 -0.0046
128.5000 -0.2982 -0.4913 128.5000 0.2947 -0.4946 128.5000 -0.0064 0.4995
129.1500 2.4602 1.7220 129.5500 -3.8032 -1.3563 129.3500 -2.9960 -4.7377
130.1500 -3.9663 -2.0646 130.5500 -2.4963 2.9192 130.3500 -3.0277 0.6256
131.1500 0.4267 -4.0863 131.5500 0.0602 2.0553 131.3500 -3.6410 0.2649
132.1500 4.9321 -4.1160 132.5500 -3.2379 4.5131 132.3500 0.6666 2.1860
133.1500 0.0809 -0.5810 133.5500 -0.6623 1.6275 133.3500 0.9149 3.3797
134.1500 0.0001 0.3934 134.5500 1.7736 -2.3547 134.3500 -0.2025 -3.8951
135.1500 -4.6881 2.5873 135.5500 4.9952 1.7079 135.3500 2.6244 4.1798
136.1500 -0.9040 3.0923 136.5500 3.4719 3.6332 136.3500 1.3787 4.0838
137.1500 -3.3263 0.4093 137.5500 -4.9924 -1.5443 137.3500 0.2274 -4.4848
138.1500 1.4177 -4.9325 138.5500 -3.4180 2.4199 138.3500 -1.4962 -1.5039
139.1500 1.2049 -2.0069 139.5500 2.8545 -0.4040 139.3500 1.5037 -2.2615
140.1500 2.8086 -4.0921 140.5500 -3.8737 2.8237 140.3500 2.1267 4.5138
141.1500 0.2359 -4.4902 141.5500 -0.7348 -4.4838 141.3500 -0.1607 -3.8746
142.1500 3.7521 -1.2630 142.5500 4.4713 1.5469 142.3500 4.4304 -2.3894
143.1500 1.9634 -1.0442 143.5500 -4.9524 1.1304 143.3500 1.6373 3.8571
144.1500 -3.4151 -3.3195 144.5500 0.4547 3.0417 144.3500 -1.2824 -2.2761
145.1500 0.6239 2.7585 145.5500 4.3793 -4.8522 145.3500 1.6023 -0.2777
146.1500 0.9261 -2.2881 146.5500 3.6041 2.3858 146.3500 -2.9599 0.5154
147.1500 2.1186 4.5992 147.5500 3.9175 -4.5185 147.3500 1.4588 2.0253
148.1500 -3.3974 0.6979 148.5500 -4.8112 -4.4887 148.3500 3.8758 -2.3872
149.1500 -2.9219 -1.0811 149.5500 -4.9341 -4.8174 149.3500 -3.1636 -3.2499
150.1500 2.8009 -1.7067 150.5500 -2.7660 2.6541 150.3500 -2.1955 3.4629
151.1500 3.7107 2.2336 151.5500 0.4663 1.4453 151.3500 3.2468 -3.1389
152.1500 -0.8280 3.6682 152.5500 2.4434 3.7032 152.3500 0.1966 -1.6434
153.1000 -0.4916 -0.0096 153.9000 -0.0075 -0.0100 153.4000 0.4925 -0.0001
153.5000 -0.2991 -0.5019 153.5000 0.3051 -0.5050 153.5000 0.0045 0.5031
154.1500 1.6266 -4.5266 154.5500 1.8632 -4.5705 154.3500 4.8073 0.2272
155.1500 -4.4949 -1.1729 155.5500 0.6665 -3.1833 155.3500 -2.0497 4.8134
156.1500 -4.8617 -0.5962 156.5500 4.7455 3.7448 156.3500 -0.6662 -2.0357
157.1500 -2.8096 -1.4587 157.5500 3.6657 3.4278 157.3500 0.0073 -3.5117
158.1000 -0.5064 -0.0072 158.9000 -0.0069 0.0013 158.4000 0.4995 -0.0095
158.5000 -0.3090 -0.5026 158.5000 0.2965 -0.4925 158.5000 0.0032 0.5051
159.1500 -3.5855 4.3494 159.5500 -1.3962 -0.2760 159.3500 1.8213 0.7267
160.1500 1.6161 4.6659 160.5500 -1.8873 -1.8540 160.3500 3.6117 -0.8964
161.1500 2.3899 0.7946 161.5500 0.8331 -3.6449 161.3500 -1.8239 1.1480
162.1500 2.4944 -3.7047 162.5500 3.4483 2.6518 162.3500 -2.6039 -0.2820
163.1500 -0.5538 3.7227 163.5500 2.0316 2.2164 163.3500 -0.0227 -4.9446
164.1500 3.7023 -1.8701 164.5500 -4.6934 -4.3797 164.3500 1.5626 -3.3561
165.1500 2.4780 2.0577 165.5500 -3.8231 2.9912 165.3500 3.5978 -0.2267
166.1500 4.9912 0.9637 166.5500 2.8499 2.4387 166.3500 -4.6132 -3.8915
167.1500 4.0266 -2.5515 167.5500 -4.5152 3.6173 167.3500 3.1520 -0.2330
168.1500 -3.7441 -2.4695 168.5500 3.0457 3.4698 168.3500 2.2998 -0.3871
169.1000 -0.5039 0.0065 169.9000 0.0071 0.0033 169.4000 0.5038 -0.0071
169.5000 -0.3041 -0.4929 169.5000 0.2936 -0.5061 169.5000 -0.0054 0.5061
170.1500 0.0132 -3.3063 170.5500 3.3463 -2.0841 170.3500 -3.7565 -2.0710
171.1500 -2.4275 -2.4244 171.5500 4.1921 -4.4307 171.3500 0.6047 -1.9056
172.1500 -0.2210 4.4348 172.5500 2.9287 4.5541 172.3500 -0.0285 0.7018
173.1500 1.4724 -2.6943 173.5500 -2.7647 -0.4805 173.3500 2.9282 3.2245
174.1000 -0.5039 -0.0049 174.9000 0.0039 -0.0072 174.4000 0.4900 0.0079
174.5000 -0.2964 -0.5065 174.5000 0.3014 -0.5017 174.5000 -0.0094 0.4961
175.1500 -0.1168 -1.3141 175.5500 -1.9716 3.0623 175.3500 1.9311 -3.0031
176.1500 -4.9749 -0.8152 176.5500 -3.4522 2.2266 176.3500 4.0475 3.8906
177.1000 -0.4975 0.0012 177.9000 -0.0020 -0.0090 177.4000 0.4939 0.0014
177.5000 -0.2920 -0.4962 177.5000 0.2903 -0.5073 177.5000 0.0008 0.5057
178.1500 1.4844 -4.9749 178.5500 -1.3699 -3.9896 178.3500 -1.3248 3.6849
179.1000 -0.4916 0.0035 179.9000 0.0078 0.0017 179.4000 0.5096 0.0050
179.5000 -0.3063 -0.5097 179.5000 0.2961 -0.5006 179.5000 -0.0070 0.4920
180.1500 -2.0192 -0.4533 180.5500 -2.6306 -3.9868 180.3500 -2.2579 -3.0034
181.1500 -2.6962 2.7759 181.5500 -3.5697 2.3002 181.3500 0.1029 1.0449
182.1500 3.2114 -1.3868 182.5500 -2.2759 -1.2320 182.3500 3.1813 -0.4971
183.1500 -4.1187 0.3694 183.5500 -2.4094 -0.7986 183.3500 0.9485 -4.9000
184.1500 -1.4357 -3.8929 184.5500 3.5613 -0.5556 184.3500 4.4539 4.6409
185.1500 1.2529 3.0044 185.5500 3.0346 2.9449 185.3500 -1.0179 -1.0627
186.1000 -0.5093 -0.0013 186.9000 0.0055 0.0039 186.4000 0.5027 0.0075
186.5000 -0.3060 -0.4997 186.5000 0.2944 -0.5095 186.5000 -0.0067 0.5033
187.1500 3.9453 1.0179 187.5500 -4.2459 0.6967 187.3500 4.6662 -3.9767
188.1500 -2.8363 1.4002 188.5500 2.5124 3.8778 188.3500 -3.2304 -4.0411
189.1500 -2.0234 4.9279 189.5500 3.6221 -4.9978 189.3500 4.2641 -1.4848
190.1500 -0.8846 0.9152 190.5500 3.6988 3.9846 190.3500 0.4593 -3.7114
191.1500 -4.1855 4.7706 191.5500 -0.2239 -0.2612 191.3500 -3.8005 -2.1177
192.1500 2.2731 1.3000 192.5500 3.0126 -2.1616 192.3500 -0.1122 2.2916
193.1500 4.8499 1.0369 193.5500 4.6048 -2.5700 193.3500 -1.6402 -2.9517
194.1500 1.4542 -3.9190 194.5500 0.3062 -1.3236 194.3500 -1.8903 1.3276
195.1500 -0.8499 2.9419 195.5500 1.2693 -1.5683 195.3500 -0.6366 -2.4393
196.1500 -0.8515 -2.4374 196.5500 4.7054 -4.7156 196.3500 -1.2954 -3.2140
197.1500 0.9884 -3.3499 197.5500 4.7752 0.5928 197.3500 0.1743 2.6480
198.1500 -3.6874 0.2221 198.5500 -2.7339 0.1288 198.3500 1.8678 -2.1812
199.1500 1.3445 4.9091 199.5500 4.1353 0.3366 199.3500 -2.8336 -0.8484
200.1000 -0.4964 0.0041 200.9000 0.0077 -0.0050 200.4000 0.5083 -0.0050
200.5000 -0.3081 -0.4953 200.5000 0.2962 -0.4973 200.5000 -0.0037 0.4966
201.1500 -3.4760 -1.8258 201.5500 1.4747 -3.8864 201.3500 3.0512 -4.4505
202.1000 -0.4910 -0.0037 202.9000 -0.0059 -0.0027 202.4000 0.5100 0.0039
202.5000 -0.3007 -0.5035 202.5000 0.3072 -0.5077 202.5000 0.0032 0.5079
203.1000 -0.5090 0.0030 203.9000 0.0072 -0.0086 203.4000 0.4934 -0.0083
203.5000 -0.2980 -0.5025 203.5000 0.2952 -0.4972 203.5000 0.0025 0.4933
204.1500 -2.5578 1.9604 204.5500 -4.1497 -1.2331 204.3500 2.4828 3.9692
205.1000 -0.5016 0.0058 205.9000 0.0002 -0.0036 205.4000 0.5022 -0.0019
205.5000 -0.2905 -0.5021 205.5000 0.2914 -0.4914 205.5000 -0.0062 0.5065
206.1500 -4.0195 3.7055 206.5500 -1.8571 0.8635 206.3500 1.9084 4.7929
207.1500 -1.8430 -4.7203 207.5500 4.9942 -3.7195 207.3500 -2.2028 0.3190
208.1000 -0.5056 -0.0067 208.9000 -0.0077 -0.0036 208.4000 0.5070 -0.0011
208.5000 -0.2926 -0.4990 208.5000 0.2900 -0.4906 208.5000 0.0061 0.4924
209.1500 -4.7947 -1.6907 209.5500 1.5845 0.0020 209.3500 1.2271 -4.4722
210.1500 3.1904 4.9214 210.5500 -2.2628 -1.8445 210.3500 3.5297 1.2094
211.1500 1.2277 2.9910 211.5500 4.0814 2.6997 211.3500 -1.4184 -3.3655
212.1000 -0.5094 -0.0029 212.9000 0.0023 -0.0010 212.4000 0.4950 0.0007
212.5000 -0.2950 -0.4952 212.5000 0.3095 -0.5079 212.5000 -0.0014 0.4922
213.1500 -1.7960 -1.6267 213.5500 2.1270 4.1126 213.3500 4.3213 -0.4072
214.1500 -0.1302 -4.2151 214.5500 3.2769 4.5624 214.3500 -0.3436 -2.4790
215.1500 -0.8451 1.5300 215.5500 -3.2492 4.1707 215.3500 3.4318 -1.9209
216.1500 3.5163 -3.6873 216.5500 -1.3708 -1.5604 216.3500 2.0220 -1.8450
217.1500 -0.0301 -1.1609 217.5500 4.3655 2.1985 217.3500 2.2355 0.2944
218.1500 0.4610 3.0689 218.5500 -3.7208 2.4398 218.3500 -4.3442 3.2894
219.1500 2.0797 -0.7243 219.5500 4.8224 -4.0184 219.3500 3.8545 1.3924
220.1500 -0.1933 -1.5907 220.5500 0.5560 -0.4475 220.3500 -3.1957 3.9557
221.1000 -0.5064 0.0024 221.9000 0.0000 -0.0078 221.4000 0.5094 0.0088
221.5000 -0.2925 -0.4917 221.5000 0.3051 -0.5028 221.5000 0.0051 0.4941
222.1500 -3.5976 -2.7450 222.5500 -2.2016 1.0929 222.3500 0.9251 4.8790
223.1500 -3.4413 -4.4743 223.5500 1.2916 -0.3556 223.3500 3.9006 -3.7040
224.1500 4.6746 -2.0304 224.5500 -4.3865 4.8840 224.3500 4.1623 1.7019
225.1500 -1.0019 3.6427 225.5500 -2.8690 -0.8372 225.3500 0.7731 2.1641
226.1500 3.8821 -1.4517 226.5500 4.1413 -1.1593 226.3500 -0.7756 -4.7491
227.1500 2.4803 3.9917 227.5500 0.3326 0.8211 227.3500 4.8268 -1.8008
228.1500 -2.5128 -2.5033 228.5500 3.8344 3.1674 228.3500 2.6080 -0.2897
229.1500 4.4958 3.0756 229.5500 -3.7720 -2.0431 229.3500 -2.0820 -2.8845
230.1500 3.6290 -3.2907 230.5500 -1.6897 -0.4711 230.3500 2.7181 0.5449
231.1000 -0.4974 0.0027 231.9000 -0.0086 -0.0022 231.4000 0.4978 0.0059
231.5000 -0.2932 -0.4994 231.5000 0.3019 -0.5070 231.5000 -0.0055 0.5046
232.1500 4.7185 -3.2877 232.5500 3.5916 -0.5621 232.3500 0.1478 -1.5960
233.1000 -0.4993 0.0033 233.9000 0.0062 0.0074 233.4000 0.5026 -0.0073
233.5000 -0.3065 -0.5047 233.5000 0.2958 -0.5021 233.5000 0.0028 0.5031
234.1000 -0.5065 -0.0089 234.9000 -0.0028 -0.0064 234.4000 0.4922 0.0085
234.5000 -0.3007 -0.4913 234.5000 0.3065 -0.4946 234.5000 -0.0062 0.4997
235.1500 -1.1014 4.4605 235.5500 4.4499 4.8910 235.3500 1.1709 -3.6444
236.1500 1.3985 4.9015 236.5500 4.9472 -3.2791 236.3500 -4.4917 4.6441
237.1000 -0.4913 0.0048 237.9000 0.0022 -0.0011 237.4000 0.4926 -0.0069
237.5000 -0.2940 -0.4903 237.5000 0.3045 -0.4943 237.5000 -0.0094 0.4915
238.1500 -0.3190 3.9420 238.5500 -4.6590 1.3636 238.3500 -2.5612 2.1346
239.1500 0.5396 4.2226 239.5500 3.6580 1.3538 239.3500 -4.2110 2.4187
240.1500 2.6731 -2.5489 240.5500 -2.1100 -2.6827 240.3500 -1.4027 -4.3889
241.1500 -2.0282 1.7293 241.5500 2.4788 2.5626 241.3500 -1.7694 3.2675
242.1500 0.8702 -0.7324 242.5500 -3.6077 -3.0959 242.3500 -0.4374 2.3064
243.1000 -0.4905 0.0058 243.9000 -0.0070 0.0097 243.4000 0.4957 -0.0049
243.5000 -0.2955 -0.5008 243.5000 0.2988 -0.5082 243.5000 -0.0096 0.4916
244.1500 2.7369 0.6508 244.5500 4.7744 2.3373 244.3500 -4.0401 -4.6915
245.1500 -1.1083 0.5715 245.5500 4.9583 0.5520 245.3500 -1.5506 -4.4155
246.1500 3.8062 0.9104 246.5500 1.9955 2.5650 246.3500 -2.4434 0.6335
247.1500 -2.0806 -1.0361 247.5500 3.0792 -0.0665 247.3500 -1.7227 1.4624
248.1500 3.9182 -3.4016 248.5500 -3.8978 -0.6111 248.3500 0.9455 -4.2492
249.1500 -4.6800 -2.1031 249.5500 -4.8563 4.3061 249.3500 0.0962 -4.3944
250.1500 0.1758 1.3309 250.5500 3.0685 -4.2664 250.3500 1.2786 -1.5289
251.1500 4.3069 0.9155 251.5500 0.0688 0.4505 251.3500 1.4324 3.7567
252.1500 -1.6363 -3.1714 252.5500 4.6006 -2.0634 252.3500 -3.6599 4.8413
253.1500 -0.8306 -0.3427 253.5500 -4.6125 2.8671 253.3500 2.5685 0.0968
254.1000 -0.4987 0.0002 254.9000 0.0024 0.0084 254.4000 0.4955 0.0044
254.5000 -0.2973 -0.5020 254.5000 0.3040 -0.5003 254.5000 0.0053 0.4959
255.1500 -2.8794 3.5728 255.5500 -0.1329 -4.9936 255.3500 4.6540 -0.1043
256.1500 -3.7119 0.9921 256.5500 3.0714 -3.4031 256.3500 -2.7078 -2.7696
257.1500 1.4747 -4.2125 257.5500 -1.8256 -3.9778 257.3500 4.2845 4.1493
258.1500 -4.7864 0.4356 258.5500 -4.2524 -1.4379 258.3500 3.9393 2.8356
259.1500 -2.3613 -2.0258 259.5500 0.8000 -1.7425 259.3500 -3.7729 -4.5128
260.1000 -0.5056 -0.0029 260.9000 0.0049 -0.0006 260.4000 0.5020 0.0022
260.5000 -0.3093 -0.4906 260.5000 0.2986 -0.5033 260.5000 0.0084 0.4963
261.1500 -4.1111 -0.3992 261.5500 -1.4954 3.4928 261.3500 1.4319 4.6747
262.1500 -0.9799 -4.8726 262.5500 1.2519 -0.2571 262.3500 4.7126 -4.8827
263.1500 -4.8456 2.6246 263.5500 2.1553 -3.3029 263.3500 3.7431 1.8385
264.1000 -0.4948 0.0012 264.9000 0.0025 0.0077 264.4000 0.5020 0.0037
264.5000 -0.2975 -0.5093 264.5000 0.2909 -0.4978 264.5000 -0.0044 0.5015
265.1500 0.4221 -4.0073 265.5500 -4.8190 2.9560 265.3500 1.2697 -3.8340
266.1500 3.2278 0.3679 266.5500 4.5779 -3.0972 266.3500 2.3325 -2.0374
267.1500 3.4138 -2.9244 267.5500 -3.4491 2.2874 267.3500 4.5675 0.8014
268.1500 2.4459 -3.2121 268.5500 -3.6754 4.8371 268.3500 -3.9390 -1.3400
269.1500 -3.3458 -3.4783 269.5500 -4.6791 0.4689 269.3500 -2.3113 3.7452
270.1500 -1.9220 -1.2093 270.5500 1.2053 1.2178 270.3500 0.9879 -0.6796
271.1500 -4.2800 3.1361 271.5500 -0.7635 2.2156 271.3500 -3.0906 -2.9810
272.1500 1.3218 -1.6699 272.5500 2.6980 -0.9218 272.3500 3.8509 2.5130
273.1500 0.0396 -2.4280 273.5500 1.6334 0.4045 273.3500 -1.7103 4.3139
274.1000 -0.5048 -0.0095 274.9000 0.0038 -0.0062 274.4000 0.4942 -0.0053
274.5000 -0.3085 -0.5025 274.5000 0.2955 -0.4932 274.5000 0.0015 0.4920
275.1500 -4.8710 2.0862 275.5500 -4.6596 2.1883 275.3500 4.5817 4.0965
276.1500 1.2164 -3.7772 276.5500 2.1173 0.7061 276.3500 2.4919 -4.1763
277.1500 3.1784 1.2339 277.5500 4.1345 3.2480 277.3500 -1.8162 -1.9898
278.1000 -0.5071 -0.0029 278.9000 -0.0049 0.0098 278.4000 0.5083 -0.0010
278.5000 -0.2974 -0.4928 278.5000 0.2984 -0.5072 278.5000 -0.0093 0.4950
279.1000 -0.5069 0.0056 279.9000 0.0083 0.0081 279.4000 0.4943 0.0090
279.5000 -0.3080 -0.4903 279.5000 0.2907 -0.5081 279.5000 -0.0022 0.4930
280.1500 3.2459 3.5574 280.5500 -0.5771 -4.3874 280.3500 -4.7982 2.9100
281.1500 0.6428 -1.7453 281.5500 -1.4853 1.9620 281.3500 -1.4801 -1.4767
282.1500 4.3349 -1.7194 282.5500 -3.5496 -3.5505 282.3500 -4.5185 -3.5511
283.1500 -4.3399 2.8315 283.5500 2.2638 4.6950 283.3500 -1.1381 0.3784
284.1000 -0.4976 0.0034 284.9000 -0.0071 0.0064 284.4000 0.4953 0.0053
284.5000 -0.3079 -0.5092 284.5000 0.2989 -0.5095 284.5000 0.0026 0.5030
285.1500 3.9133 3.0119 285.5500 -4.6720 -3.5385 285.3500 -2.3083 3.4667
286.1500 -2.5743 -2.9689 286.5500 -0.9212 -2.7036 286.3500 -4.5738 3.5870
287.1500 2.7649 2.7153 287.5500 -0.4410 1.1282 287.3500 0.5447 -1.0804
288.1500 1.1851 -0.1621 288.5500 4.0603 -4.9452 288.3500 -4.9526 -1.7058
289.1500 1.3842 0.1879 289.5500 2.7903 -0.4789 289.3500 0.0647 2.4998
290.1500 2.4786 -2.2326 290.5500 -1.9972 2.6895 290.3500 2.1328 3.4615
291.1500 1.2576 -0.0003 291.5500 1.2861 1.2014 291.3500 4.7852 -3.1619
292.1500 4.7573 -3.8718 292.5500 -3.2289 0.6928 292.3500 -4.5514 3.2080
293.1500 -2.1305 3.1180 293.5500 0.5019 -1.3359 293.3500 -2.1060 -0.8136
294.1500 3.0265 -0.3681 294.5500 1.2910 0.6839 294.3500 -3.6257 0.5689
295.1500 -1.4201 -0.2160 295.5500 1.4454 0.5153 295.3500 4.7007 3.8080
296.1500 1.3724 -4.0420 296.5500 3.7445 1.6222 296.3500 1.5672 3.1797
297.1500 -0.9543 3.2530 297.5500 3.1761 -0.7845 297.3500 2.6905 2.4427
298.1500 -3.0501 -3.9041 298.5500 -4.8251 -1.0778 298.3500 1.2573 4.8654
299.1500 0.0426 0.4088 299.5500 2.2254 -4.1639 299.3500 -3.5293 0.2673
300.1500 0.5949 0.5904 300.5500 -1.2142 -3.5599 300.3500 2.5280 0.9688
301.1500 -4.0822 -2.4789 301.5500 -1.2474 -4.1259 301.3500 -2.5081 2.0519
302.1500 -4.5400 -0.1368 302.5500 2.0599 -4.5243 302.3500 -0.4804 -3.8729
303.1500 2.6657 -1.9051 303.5500 -1.0548 1.1551 303.3500 -1.7276 -3.3913
304.1500 0.9435 -2.5074 304.5500 -4.1356 2.1524 304.3500 -0.9105 3.3791
305.1500 -4.2301 4.8256 305.5500 -2.6417 -3.2543 305.3500 -1.3834 -1.5903
306.1500 -3.3189 -4.0036 306.5500 -2.3374 3.4112 306.3500 -1.7825 1.3397
307.1500 -4.7908 1.8239 307.5500 -1.0339 -0.1206 307.3500 1.2268 -3.7635
308.1500 0.0498 -0.4279 308.5500 3.8213 3.3418 308.3500 -3.7609 2.7741
309.1500 -2.6007 4.4492 309.5500 -0.0498 3.3856 309.3500 2.7130 1.7712
310.1500 4.0061 2.7078 310.5500 -2.5835 -1.7534 310.3500 -2.3188 -3.6924
311.1500 1.7641 -1.6007 311.5500 0.3229 0.6823 311.3500 2.8493 0.3006
312.1000 -0.5094 0.0033 312.9000 0.0032 -0.0058 312.4000 0.4949 0.0066
312.5000 -0.2928 -0.4961 312.5000 0.3013 -0.4908 312.5000 0.0014 0.5061
313.1500 -2.4611 1.1797 313.5500 0.0670 0.7824 313.3500 -2.0581 -0.0165
314.1500 0.1853 -2.9285 314.5500 2.6233 -4.7550 314.3500 4.9376 2.7579
315.1500 -1.5739 3.6104 315.5500 4.7784 -0.7538 315.3500 -4.1977 1.0016
316.1000 -0.4958 -0.0081 316.9000 0.0087 -0.0052 316.4000 0.4924 0.0086
316.5000 -0.3013 -0.5081 316.5000 0.3068 -0.4990 316.5000 0.0018 0.4965
317.1500 2.3709 0.5401 317.5500 3.0752 2.8653 317.3500 1.0128 2.9604
318.1500 -2.3637 -0.3278 318.5500 3.5293 3.9278 318.3500 4.0152 3.1252
319.1500 0.0836 2.5181 319.5500 -3.8466 3.8761 319.3500 1.9784 2.5406
320.1500 -3.0809 2.2062 320.5500 -0.1567 -2.1009 320.3500 -0.1801 1.9113
321.1500 -3.7671 -2.6806 321.5500 -4.2627 -0.3945 321.3500 3.7984 1.4866
322.1000 -0.5087 -0.0071 322.9000 -0.0075 0.0097 322.4000 0.5045 -0.0008
322.5000 -0.2911 -0.5037 322.5000 0.2952 -0.4969 322.5000 0.0048 0.4900
323.1500 3.6092 -4.2556 323.5500 -2.3455 -0.8538 323.3500 -2.2012 -4.2647
324.1500 3.3105 -0.6398 324.5500 -2.4315 3.5035 324.3500 -2.2700 1.8717
325.1000 -0.4903 0.0066 325.9000 -0.0001 -0.0018 325.4000 0.4914 0.0048
325.5000 -0.2981 -0.5079 325.5000 0.2904 -0.4954 325.5000 -0.0053 0.5051
326.1500 -4.3675 -4.4240 326.5500 -3.9764 3.7104 326.3500 2.7492 0.2903
327.1500 -4.5982 0.0631 327.5500 0.2457 -1.0648 327.3500 -0.1508 -4.1824
328.1500 -4.0761 -4.2126 328.5500 -1.3401 -4.0745 328.3500 4.5135 0.0714
329.1000 -0.5067 -0.0071 329.9000 0.0059 -0.0058 329.4000 0.5073 0.0031
329.5000 -0.2975 -0.5050 329.5000 0.2962 -0.5068 329.5000 0.0093 0.4924
330.1500 0.5221 3.3524 330.5500 -1.0263 -0.3597 330.3500 -0.7329 4.6275
331.1500 4.3732 -3.1120 331.5500 4.9435 2.7155 331.3500 4.7534 -2.1768
332.1500 -4.8710 4.9487 332.5500 -2.4285 0.3297 332.3500 2.1675 -1.7672
333.1500 1.3500 -2.0036 333.5500 3.1720 -3.8572 333.3500 -3.4871 3.5951
334.1500 -1.0514 -4.2641 334.5500 1.9319 -4.2851 334.3500 -0.9656 -1.3993
335.1500 -1.3682 -2.0568 335.5500 -0.1596 -0.1191 335.3500 -0.6850 -3.5809
336.1500 -1.2100 3.7261 336.5500 1.4926 4.7350 336.3500 2.5426 -0.3097
337.1500 0.5691 -2.8655 337.5500 -1.2360 3.0520 337.3500 1.2281 -3.9088
338.1500 0.7341 -2.4766 338.5500 -3.3336 -4.1235 338.3500 2.9839 -3.1234
339.1000 -0.5026 -0.0093 339.9000 0.0056 0.0085 339.4000 0.5040 0.0018
339.5000 -0.3092 -0.5018 339.5000 0.2961 -0.5007 339.5000 0.0068 0.5046
340.1500 -2.8306 0.2291 340.5500 -4.4767 -3.2703 340.3500 -0.0088 3.9844
341.1000 -0.4976 -0.0079 341.9000 0.0086 0.0009 341.4000 0.5010 -0.0040
341.5000 -0.3064 -0.4927 341.5000 0.2910 -0.5035 341.5000 -0.0052 0.4917
342.1500 -0.4782 -3.4856 342.5500 -1.6799 3.5926 342.3500 1.1843 3.1936
343.1500 4.2969 4.2008 343.5500 -2.6829 -0.7277 343.3500 3.5336 -0.5542
344.1500 0.1203 -4.8529 344.5500 2.3765 0.5266 344.3500 4.1883 4.7544
345.1500 3.2888 3.7418 345.5500 -3.7852 -4.9386 345.3500 1.4269 0.7413
346.1000 -0.4977 -0.0077 346.9000 0.0043 -0.0011 346.4000 0.5007 -0.0099
346.5000 -0.3019 -0.4996 346.5000 0.2968 -0.4936 346.5000 -0.0026 0.5083
347.1500 -1.2177 3.3909 347.5500 -2.4404 1.5894 347.3500 -2.6190 1.0938
348.1500 -4.4687 3.7960 348.5500 1.7578 -1.9423 348.3500 4.0044 0.8600
349.1500 0.0596 -2.9625 349.5500 -0.9086 -3.0367 349.3500 0.9846 -0.9322
350.1500 4.7137 4.1850 350.5500 4.7053 -1.5455 350.3500 -0.5713 -4.3937
351.1500 0.9627 -4.8075 351.5500 -4.5299 -4.9862 351.3500 4.8087 -4.6636
352.1000 -0.5087 0.0027 352.9000 -0.0086 0.0071 352.4000 0.4949 -0.0055
352.5000 -0.2930 -0.5061 352.5000 0.2972 -0.4952 352.5000 -0.0062 0.4968
353.1500 2.0977 1.3303 353.5500 2.9311 2.3242 353.3500 4.8893 -0.4074
354.1500 -3.0684 -1.0731 354.5500 -4.1221 -4.1218 354.3500 -2.5108 -3.7057
355.1500 2.5446 -4.3136 355.5500 -3.4201 3.8694 355.3500 3.7559 -0.5586
356.1500 3.1721 -3.8779 356.5500 -1.0869 -3.4134 356.3500 2.5707 1.0908
357.1000 -0.4982 0.0012 357.9000 0.0056 0.0064 357.4000 0.4964 -0.0041
357.5000 -0.3027 -0.5041 357.5000 0.2977 -0.5040 357.5000 0.0032 0.5011
358.1500 -0.5687 1.0222 358.5500 -0.2841 3.4850 358.3500 3.8987 -0.9396
359.1500 -1.3022 -0.3125 359.5500 2.5792 2.6034 359.3500 3.8199 -0.9133
360.1000 -0.5087 0.0074 360.9000 0.0012 -0.0050 360.4000 0.4970 0.0043
360.5000 -0.3094 -0.4988 360.5000 0.2911 -0.4958 360.5000 -0.0077 0.4917
361.1500 -1.2342 -3.3254 361.5500 -0.0813 -3.0549 361.3500 -0.2422 2.2208
362.1500 -4.7448 -4.0403 362.5500 3.6975 -3.5591 362.3500 -1.0910 -1.0432
363.1000 -0.5044 0.0034 363.9000 -0.0032 0.0067 363.4000 0.5074 0.0043
363.5000 -0.2951 -0.4942 363.5000 0.3002 -0.5072 363.5000 0.0064 0.5043
364.1500 2.5650 3.2926 364.5500 -3.6061 -3.0313 364.3500 -4.8234 -0.7865
365.1000 -0.5016 -0.0052 365.9000 -0.0099 -0.0063 365.4000 0.5016 -0.0055
365.5000 -0.3094 -0.4915 365.5000 0.3083 -0.4965 365.5000 -0.0064 0.5078
366.1500 4.9180 0.1547 366.5500 -2.2596 -3.4453 366.3500 -1.4057 3.7293
367.1500 4.4417 2.7793 367.5500 -4.9424 -3.7224 367.3500 3.9921 -4.7871
368.1000 -0.5015 0.0012 368.9000 0.0036 0.0054 368.4000 0.5038 -0.0044
368.5000 -0.2969 -0.4938 368.5000 0.2959 -0.5065 368.5000 0.0060 0.4948
369.1000 -0.4907 0.0084 369.9000 -0.0062 0.0038 369.4000 0.4970 -0.0000
369.5000 -0.3000 -0.4971 369.5000 0.3037 -0.4945 369.5000 0.0089 0.4910
370.1500 -1.5413 -1.0540 370.5500 4.9808 1.5705 370.3500 4.3084 1.0437
371.1500 2.5735 4.4686 371.5500 4.6493 -3.9823 371.3500 -4.4279 -3.3096
372.1500 0.5095 -4.6984 372.5500 1.1006 1.5425 372.3500 -4.2676 -1.3585
373.1500 -3.7613 -3.2893 373.5500 -0.6154 -0.4840 373.3500 -1.4193 -0.4035
374.1500 2.1994 1.4916 374.5500 -2.3904 -0.2298 374.3500 0.7642 2.0741
375.1500 4.1698 -2.4746 375.5500 -1.3251 -0.4104 375.3500 -0.0066 2.3497
376.1500 -0.2672 -2.4038 376.5500 2.2596 2.5197 376.3500 -1.8855 4.6346
377.1500 -4.6228 -3.1737 377.5500 -4.3346 -3.2131 377.3500 4.2030 4.8174
378.1500 -0.3151 -3.6603 378.5500 -2.7687 1.5483 378.3500 0.3879 4.5547
379.1500 -2.9351 3.2135 379.5500 1.9802 -3.3742 379.3500 0.8584 3.7545
380.1500 3.3627 3.8513 380.5500 0.1082 1.2850 380.3500 3.5633 4.3413
381.1500 -3.5771 0.7408 381.5500 -4.8425 4.6776 381.3500 -2.8693 4.9428
382.1500 -0.4765 4.8840 382.5500 1.0937 -4.1326 382.3500 3.3456 1.8452
383.1500 3.3689 -3.4905 383.5500 -1.9595 4.9916 383.3500 -3.2938 -4.6972
384.1000 -0.5086 0.0091 384.9000 0.0080 0.0062 384.4000 0.4978 -0.0068
384.5000 -0.2957 -0.4933 384.5000 0.2925 -0.4988 384.5000 0.0092 0.4904
385.1000 -0.5005 0.0079 385.9000 0.0037 0.0010 385.4000 0.4908 0.0001
385.5000 -0.2916 -0.4952 385.5000 0.3067 -0.4925 385.5000 -0.0012 0.5095
386.1500 1.9984 -3.0897 386.5500 -0.6200 3.9329 386.3500 3.9731 1.3352
387.1500 1.7009 4.9780 387.5500 -3.1136 1.9883 387.3500 -3.5240 -4.1268
388.1500 -0.8027 -0.9218 388.5500 -2.8934 1.9938 388.3500 0.1843 -4.8870
389.1500 -1.9949 -3.0635 389.5500 -1.6688 4.0986 389.3500 2.4913 -3.2325
390.1500 -3.6461 -0.9418 390.5500 3.4298 -2.7812 390.3500 1.8471 -4.4397
391.1500 -0.3204 3.1615 391.5500 -0.1554 -1.4205 391.3500 2.2011 2.3568
392.1500 -1.9152 -2.0593 392.5500 -0.6648 -2.1302 392.3500 2.9727 1.0691
393.1500 -0.8204 1.2592 393.5500 4.4170 -0.8248 393.3500 1.8897 -4.2028
394.1500 -1.6399 -4.0792 394.5500 3.5081 -2.7939 394.3500 -2.1922 0.1947
395.1000 -0.5013 0.0091 395.9000 -0.0055 0.0024 395.4000 0.4942 -0.0011
395.5000 -0.3056 -0.4903 395.5000 0.2945 -0.4945 395.5000 -0.0022 0.4965
396.1500 -2.6954 2.4380 396.5500 -0.1141 4.7393 396.3500 -2.2459 -2.2611
397.1500 -1.0366 1.9484 397.5500 -2.4747 -4.5342 397.3500 0.7281 0.5976
398.1500 0.3302 -2.6020 398.5500 -2.7908 2.1319 398.3500 -3.2782 -1.7648
399.1500 0.7339 -1.4737 399.5500 4.4422 4.0379 399.3500 1.3798 -1.1443
400.1500 -1.9274 -4.3411 400.5500 2.5027 -1.4296 400.3500 -1.7966 -0.0119
401.1500 3.4074 -1.7591 401.5500 -4.8261 -1.3546 401.3500 -3.1759 1.7181
402.1000 -0.5042 -0.0088 402.9000 0.0069 0.0084 402.4000 0.4992 0.0044
402.5000 -0.2971 -0.4973 402.5000 0.2903 -0.5071 402.5000 0.0022 0.5007
403.1500 2.7284 3.8061 403.5500 3.5295 -2.9089 403.3500 3.0019 -2.3805
404.1500 1.2697 -4.6584 404.5500 -1.3403 -1.1772 404.3500 -4.9887 0.1782
405.1500 -0.8381 0.7437 405.5500 2.5480 4.6693 405.3500 1.3715 3.6997
406.1000 -0.4937 -0.0032 406.9000 0.0040 -0.0028 406.4000 0.4962 0.0099
406.5000 -0.3061 -0.5017 406.5000 0.3009 -0.5083 406.5000 -0.0051 0.5078
407.1500 3.7802 0.6457 407.5500 4.1031 -4.6146 407.3500 0.1953 4.4157
408.1500 1.4520 -1.1887 408.5500 4.2431 -0.8409 408.3500 0.4965 -0.8239
409.1500 2.9180 4.5193 409.5500 -3.7534 -1.4317 409.3500 2.8830 0.0822
410.1500 -4.0392 0.9222 410.5500 2.6651 -3.4914 410.3500 4.8444 -4.9966
411.1500 0.5679 0.9307 411.5500 -2.0179 -0.6214 411.3500 -3.4139 -4.5624
412.1500 0.7337 3.9164 412.5500 -1.5892 -0.6635 412.3500 1.5396 1.1627
413.1500 3.4658 0.9334 413.5500 -1.3560 -4.1442 413.3500 4.7987 -3.9278
414.1000 -0.4977 -0.0046 414.9000 0.0049 0.0063 414.4000 0.5080 -0.0030
414.5000 -0.3066 -0.5020 414.5000 0.3050 -0.5045 414.5000 -0.0040 0.5078
415.1500 1.6685 -2.8316 415.5500 3.0667 4.4242 415.3500 4.0333 -0.6405
416.1500 1.8991 -3.0841 416.5500 2.0868 0.0210 416.3500 1.8989 3.9945
417.1500 3.8061 0.6959 417.5500 -0.7083 0.5478 417.3500 -1.9947 3.4282
418.1500 -2.0575 -2.5143 418.5500 4.1238 -3.9282 418.3500 -0.7426 -0.9994
419.1000 -0.4915 -0.0074 419.9000 0.0094 -0.0079 419.4000 0.5023 0.0029
419.5000 -0.3046 -0.4960 419.5000 0.3046 -0.4916 419.5000 0.0020 0.4955
420.1500 -2.6833 3.4856 420.5500 2.8329 3.0675 420.3500 -2.0867 2.6448
421.1500 3.2456 -0.5022 421.5500 2.3704 4.4067 421.3500 -2.3895 4.2240
422.1500 -0.8249 -1.9157 422.5500 -1.0115 -2.5354 422.3500 -1.2529 1.6696
423.1500 3.8905 1.2253 423.5500 2.1810 -3.8244 423.3500 -0.9994 0.5194
424.1500 4.9479 -1.0951 424.5500 2.1980 -2.5428 424.3500 -2.7440 -2.8187
425.1500 2.3667 -1.7476 425.5500 -0.5678 -0.8713 425.3500 -1.8978 0.3145
426.1500 -4.0524 -2.5175 426.5500 1.5361 3.9811 426.3500 3.5669 0.8107
427.1500 2.1565 -4.4206 427.5500 -4.8435 -2.5535 427.3500 -1.6332 3.9038
428.1500 -1.0137 1.2409 428.5500 -0.2538 0.9263 428.3500 3.8431 0.2772
429.1000 -0.4990 0.0039 429.9000 0.0024 -0.0086 429.4000 0.5019 -0.0072
429.5000 -0.3079 -0.4912 429.5000 0.2929 -0.5078 429.5000 0.0038 0.5057
430.1500 3.5761 -0.6547 430.5500 -4.9429 -3.9949 430.3500 -1.0896 2.9623
431.1500 4.3702 -2.3723 431.5500 -1.2788 -0.9494 431.3500 -1.5344 -4.8748
432.1500 -0.5094 2.3762 432.5500 -3.2155 0.0465 432.3500 -1.2260 -0.2827
433.1500 -0.0297 2.7855 433.5500 -2.1272 2.5636 433.3500 -4.8621 0.8663
434.1500 -3.2211 2.7503 434.5500 1.1392 -4.1638 434.3500 1.4002 0.3882
435.1500 -0.7530 -4.1909 435.5500 -4.2863 -3.4893 435.3500 -1.5527 4.2532
436.1500 1.8496 2.5524 436.5500 -0.2524 -2.1057 436.3500 4.3620 -2.6145
437.1500 -1.8922 4.7477 437.5500 3.6763 -3.5078 437.3500 0.5334 1.9037
438.1500 3.3932 -2.9621 438.5500 -0.6636 -0.3096 438.3500 -4.5658 0.1699
439.1500 1.5989 -2.9140 439.5500 2.9489 2.0163 439.3500 0.5106 -0.8753
440.1500 0.7920 1.0877 440.5500 0.1817 -1.2910 440.3500 -2.5256 -2.3628
441.1500 -2.3265 -4.7804 441.5500 -3.5573 1.0618 441.3500 -2.5643 -0.0781
442.1500 4.2362 -2.7761 442.5500 -3.7213 -0.4124 442.3500 -1.7269 -4.3855
443.1500 -4.6034 -1.4157 443.5500 -3.1375 -1.5494 443.3500 3.0260 -0.4549
444.1500 0.0074 1.0981 444.5500 1.9717 -1.0942 444.3500 1.3940 2.5354
445.1500 4.3340 -3.7104 445.5500 -2.3387 -1.0602 445.3500 -1.4910 1.2131
446.1000 -0.4999 -0.0080 446.9000 0.0038 -0.0068 446.4000 0.4946 -0.0016
446.5000 -0.2962 -0.4945 446.5000 0.3025 -0.4993 446.5000 0.0065 0.4921
447.1500 -1.2297 -3.2264 447.5500 4.3361 -4.7078 447.3500 4.1513 -2.4582
448.1500 -3.6048 1.6455 448.5500 2.6942 1.7497 448.3500 1.9796 4.9833
449.1000 -0.4979 0.0086 449.9000 -0.0029 -0.0090 449.4000 0.4985 -0.0016
449.5000 -0.2933 -0.4986 449.5000 0.3076 -0.5078 449.5000 -0.0078 0.4941
450.1500 -3.0394 4.0968 450.5500 -4.7203 -2.4151 450.3500 -1.4321 0.5850
451.1500 -2.5278 -2.0980 451.5500 -2.7862 -3.2837 451.3500 -1.5960 1.5504
452.1500 -0.0215 -1.5203 452.5500 -1.6506 4.4754 452.3500 -0.9942 -0.4166
453.1500 -4.3757 -4.9334 453.5500 -1.0799 -4.2185 453.3500 1.7416 3.7178
454.1000 -0.4960 -0.0046 454.9000 0.0030 0.0020 454.4000 0.4905 -0.0013
454.5000 -0.2915 -0.4918 454.5000 0.2903 -0.5025 454.5000 -0.0033 0.4909
455.1500 0.9566 3.6710 455.5500 4.3050 3.6920 455.3500 0.9732 -3.5101
456.1500 -1.8847 4.7505 456.5500 3.4075 -0.7586 456.3500 3.5073 -1.3778
457.1500 0.2419 0.1710 457.5500 4.9298 -2.9984 457.3500 1.3475 2.1641
458.1500 -0.7572 -2.5407 458.5500 4.6001 0.4251 458.3500 3.9944 -2.9496
459.1500 -1.6670 3.0672 459.5500 -2.4780 -1.4435 459.3500 0.3047 -3.2031
460.1500 -2.2960 0.3192 460.5500 -4.8020 1.2295 460.3500 -4.3167 4.7396
461.1000 -0.5036 0.0027 461.9000 -0.0068 0.0035 461.4000 0.5074 -0.0005
461.5000 -0.3098 -0.4983 461.5000 0.2923 -0.4960 461.5000 -0.0056 0.5094
462.1500 1.6007 -3.5066 462.5500 -4.3095 0.3208 462.3500 -1.2863 1.9596
463.1500 0.0839 3.9133 463.5500 -0.0692 -2.2468 463.3500 -1.2338 4.2613
464.1000 -0.4991 -0.0055 464.9000 -0.0005 -0.0033 464.4000 0.4981 -0.0064
464.5000 -0.3044 -0.4991 464.5000 0.2989 -0.4997 464.5000 0.0084 0.4926
465.1500 3.0659 -3.2482 465.5500 2.4782 -4.5383 465.3500 -0.0544 4.5907
466.1500 -3.8030 1.8749 466.5500 -3.1482 -3.7993 466.3500 1.2025 4.3576
467.1500 -0.2081 -0.1368 467.5500 4.5284 2.5758 467.3500 -4.2278 -1.7247
468.1500 4.1339 -4.0530 468.5500 2.1397 3.1265 468.3500 0.3248 0.5343
469.1500 1.3428 -2.0667 469.5500 -2.6123 -1.9454 469.3500 -3.1414 -2.1563
470.1500 -0.8986 3.7984 470.5500 0.9967 4.6225 470.3500 4.9543 2.8743
471.1500 2.6330 3.3173 471.5500 2.3320 0.9915 471.3500 -2.9671 4.1744
472.1500 1.9709 3.1766 472.5500 4.4783 -0.6784 472.3500 4.9023 -2.0382
473.1000 -0.5040 0.0067 473.9000 -0.0007 -0.0056 473.4000 0.4946 -0.0081
473.5000 -0.2904 -0.4912 473.5000 0.2938 -0.4991 473.5000 0.0070 0.5013
474.1000 -0.5093 0.0079 474.9000 0.0049 -0.0053 474.4000 0.4987 0.0066
474.5000 -0.3088 -0.4961 474.5000 0.2944 -0.4917 474.5000 0.0034 0.5026
475.1000 -0.4900 -0.0019 475.9000 -0.0088 -0.0067 475.4000 0.4962 -0.0024
475.5000 -0.3077 -0.5004 475.5000 0.2914 -0.4942 475.5000 0.0036 0.4954
476.1500 -1.3193 -4.3698 476.5500 -0.5818 -3.4760 476.3500 2.0500 4.2561
477.1500 0.4785 -3.6261 477.5500 2.4798 -3.8191 477.3500 4.7962 0.0146
478.1500 2.4936 -2.6667 478.5500 -0.5926 -3.6285 478.3500 -4.1154 -4.2582
479.1500 3.1282 0.4168 479.5500 1.8488 1.8784 479.3500 -4.3854 -3.3689
480.1500 -1.1728 0.3893 480.5500 -3.4928 0.9036 480.3500 -2.5215 2.2285
481.1500 -2.7569 -0.1947 481.5500 2.1899 -3.7572 481.3500 -2.9176 1.2945
482.1500 -4.6446 -1.5590 482.5500 -3.6014 2.4555 482.3500 -4.6010 1.1623
483.1500 -1.2430 -2.4076 483.5500 1.9887 -3.2618 483.3500 2.3077 2.1260
484.1500 2.9443 -2.0140 484.5500 -3.6291 -0.4744 484.3500 4.8481 3.7028
485.1500 3.2177 -2.7723 485.5500 1.7170 0.8153 485.3500 4.8863 -4.0152
486.1500 4.3494 -1.7055 486.5500 0.2343 3.9243 486.3500 -2.8250 -4.4001
487.1500 1.2089 4.0023 487.5500 -2.1971 0.7187 487.3500 -4.7411 3.1008
488.1500 3.0367 -1.8324 488.5500 -1.7276 -0.6644 488.3500 3.1854 -0.9657
489.1000 -0.4989 0.0024 489.9000 0.0047 0.0046 489.4000 0.4959 0.0028
489.5000 -0.2955 -0.4904 489.5000 0.2906 -0.4945 489.5000 0.0081 0.4948
490.1000 -0.4945 0.0078 490.9000 0.0038 -0.0091 490.4000 0.4922 -0.0042
490.5000 -0.2980 -0.4907 490.5000 0.2965 -0.5038 490.5000 0.0063 0.4966
491.1500 -3.6131 -0.8131 491.5500 -1.2088 -2.2817 491.3500 -0.1369 -1.8153
492.1500 -3.5334 -3.9700 492.5500 -0.1147 4.0306 492.3500 -4.6370 4.5618
493.1500 4.8920 4.6055 493.5500 -3.8136 0.2437 493.3500 -3.9039 -3.2987
494.1500 -2.8704 4.3772 494.5500 0.7554 3.9123 494.3500 3.3633 0.9905
495.1500 -1.4200 4.4325 495.5500 2.7379 2.9551 495.3500 -3.5190 -0.9929
496.1500 2.1955 -0.7287 496.5500 -1.3982 4.5075 496.3500 -0.3618 -2.7404
497.1500 2.4080 -2.5641 497.5500 -4.8548 -0.4210 497.3500 3.1941 0.9582
498.1500 1.7169 -0.9105 498.5500 -0.2677 1.5756 498.3500 0.0336 2.1471
499.1500 3.6509 4.5220 499.5500 4.1204 3.6883 499.3500 2.3129 2.7151
500.1000 -0.5018 0.0026 500.9000 -0.0081 -0.0067 500.4000 0.5097 0.0046
500.5000 -0.2986 -0.5042 500.5000 0.2925 -0.4940 500.5000 0.0026 0.5057
501.1000 -0.5096 -0.0086 501.9000 0.0051 0.0041 501.4000 0.5097 -0.0002
501.5000 -0.3029 -0.4936 501.5000 0.3039 -0.4941 501.5000 -0.0026 0.5052
502.1500 3.9872 2.4461 502.5500 -4.8995 4.6360 502.3500 -2.4738 -0.4495
503.1000 -0.4974 -0.0072 503.9000 0.0069 0.0048 503.4000 0.5096 0.0017
503.5000 -0.2990 -0.5057 503.5000 0.2952 -0.4943 503.5000 0.0081 0.5039
504.1500 -4.5247 -4.5817 504.5500 0.7240 -3.2825 504.3500 -4.9658 -2.7415
505.1500 4.8964 4.3490 505.5500 -2.1083 0.5305 505.3500 -4.7959 -2.0889
506.1500 1.3926 -2.7174 506.5500 4.1986 2.2706 506.3500 2.0360 -3.8751
507.1500 2.2954 0.8545 507.5500 -3.6004 2.9255 507.3500 -4.1523 0.9019
508.1500 -2.3884 -3.6290 508.5500 4.6307 2.0630 508.3500 4.0295 4.3381
509.1500 3.2306 3.6431 509.5500 4.3143 -2.3686 509.3500 0.3443 -2.0930
510.1500 -3.5097 0.4121 510.5500 2.4169 4.2486 510.3500 1.1294 -4.9213
511.1500 -2.5091 0.0852 511.5500 -1.7543 -4.2870 511.3500 0.6511 -4.3467
512.1500 2.0912 2.4010 512.5500 -0.4913 -1.7125 512.3500 0.9538 -2.2205
513.1500 0.3694 -3.6886 513.5500 3.1035 -1.2106 513.3500 -3.5572 -4.9046
514.1500 2.6434 3.7726 514.5500 3.7025 4.5869 514.3500 2.8203 -1.0863
515.1000 -0.4930 -0.0061 515.9000 -0.0033 -0.0003 515.4000 0.5072 -0.0084
515.5000 -0.2939 -0.4956 515.5000 0.2902 -0.5091 515.5000 0.0062 0.5096
516.1500 -2.3250 0.8292 516.5500 0.1301 -0.7492 516.3500 -2.4116 2.8425
517.1500 0.3200 -1.3714 517.5500 -0.0787 0.7807 517.3500 -2.6000 -0.5392
518.1500 4.8216 3.4273 518.5500 3.0809 3.1693 518.3500 -4.7871 3.8878
519.1500 4.4985 2.6926 519.5500 4.7602 2.9284 519.3500 -4.8675 4.2534
520.1500 -1.6940 -0.2921 520.5500 3.3148 -0.1002 520.3500 -0.5739 -4.2596
521.1500 -0.7919 3.2774 521.5500 -0.5828 3.5067 521.3500 -0.6250 1.9340
522.1000 -0.5069 -0.0028 522.9000 -0.0005 0.0049 522.4000 0.5041 -0.0050
522.5000 -0.3011 -0.5018 522.5000 0.3068 -0.4995 522.5000 0.0093 0.4984
523.1500 -2.7139 -4.9820 523.5500 4.3183 4.6725 523.3500 -3.1922 3.9259
524.1500 -3.3352 -0.2771 524.5500 -3.7318 3.5735 524.3500 3.3376 2.5391
525.1500 1.3811 4.2317 525.5500 -4.0657 -2.3142 525.3500 3.0075 3.1974
526.1000 -0.4929 0.0024 526.9000 0.0034 0.0088 526.4000 0.5057 -0.0093
526.5000 -0.2989 -0.5037 526.5000 0.2962 -0.4935 526.5000 -0.0004 0.4994
527.1500 4.2188 -1.8476 527.5500 -0.1914 -3.0390 527.3500 0.4807 -4.9472
528.1500 -0.4290 -2.1083 528.5500 -1.8973 -4.0352 528.3500 3.1397 4.3448
529.1500 -2.4504 4.6621 529.5500 4.7589 3.2265 529.3500 -2.0378 0.5993
530.1500 -4.3588 -1.4244 530.5500 -3.7423 3.2885 530.3500 -0.2595 -4.6056
531.1500 4.8414 -0.0978 531.5500 0.1467 -3.4604 531.3500 2.2601 -4.7932
532.1500 -1.3807 3.3130 532.5500 3.3276 4.7369 532.3500 -2.5957 -1.2597
533.1500 -2.3514 -3.3899 533.5500 -0.8877 -1.2885 533.3500 0.3757 1.4789
534.1500 0.9109 -4.1296 534.5500 3.0478 -2.2885 534.3500 3.1272 4.4184
535.1500 4.6289 1.4368 535.5500 1.7291 -0.2026 535.3500 4.0292 0.2238
536.1500 3.6793 3.6987 536.5500 4.3972 1.2104 536.3500 -2.3280 2.5558
537.1500 2.2785 -1.3476 537.5500 -3.4485 -0.6574 537.3500 -1.1121 -2.5388
538.1500 -2.5682 4.5948 538.5500 4.9156 -2.8947 538.3500 0.8068 -2.4153
539.1000 -0.5011 0.0024 539.9000 0.0095 0.0018 539.4000 0.4958 -0.0004
539.5000 -0.2940 -0.4935 539.5000 0.2937 -0.5008 539.5000 0.0079 0.5072
540.1500 2.2536 -1.3544 540.5500 -4.1177 0.1912 540.3500 1.2126 3.0614
541.1000 -0.4904 -0.0020 541.9000 0.0098 -0.0080 541.4000 0.5033 -0.0035
541.5000 -0.2964 -0.4908 541.5000 0.2916 -0.4941 541.5000 -0.0020 0.4993
542.1000 -0.4928 -0.0074 542.9000 0.0085 -0.0040 542.4000 0.4931 -0.0081
542.5000 -0.2960 -0.5091 542.5000 0.2933 -0.4944 542.5000 -0.0079 0.5077
543.1000 -0.4993 0.0068 543.9000 -0.0052 0.0003 543.4000 0.4961 -0.0091
543.5000 -0.3065 -0.4902 543.5000 0.3077 -0.4944 543.5000 -0.0086 0.4990
544.1500 -3.0718 -0.6821 544.5500 3.0302 -4.0720 544.3500 1.3639 1.7103
545.1500 -4.0515 1.5652 545.5500 4.6043 -3.9466 545.3500 -1.8359 -3.9823
546.1500 0.4644 4.9391 546.5500 0.8147 0.0108 546.3500 -1.7094 0.5979
547.1500 -4.2110 -1.4761 547.5500 2.0184 1.8858 547.3500 -1.6020 -1.8240
548.1500 -1.2793 -3.8949 548.5500 2.5555 -2.1612 548.3500 -4.0443 0.5463
549.1500 -0.4968 -4.4293 549.5500 -4.5405 -0.1516 549.3500 -2.7723 0.0418
550.1500 -4.0108 -2.9728 550.5500 -1.2110 2.1534 550.3500 -1.4894 0.8346
551.1500 4.3183 -0.9795 551.5500 0.2710 3.6459 551.3500 1.7477 4.0175
552.1500 3.7523 -3.6970 552.5500 -2.6630 -2.0573 552.3500 -3.1929 -0.3070
553.1000 -0.4912 0.0080 553.9000 0.0001 0.0058 553.4000 0.4979 -0.0077
553.5000 -0.2969 -0.4938 553.5000 0.2973 -0.5027 553.5000 0.0084 0.4926
554.1500 -3.7440 -2.1902 554.5500 1.1943 -1.5898 554.3500 -4.2206 -4.0327
555.1500 -0.3746 -0.0099 555.5500 -4.6622 -2.0099 555.3500 2.2924 -0.4647
556.1500 -2.6653 -0.1214 556.5500 -2.4347 -1.9078 556.3500 3.1664 4.1642
557.1500 1.6454 3.4227 557.5500 2.1099 -0.5514 557.3500 -4.1098 -0.0081
558.1500 2.6860 -3.0432 558.5500 -3.5561 -2.0676 558.3500 0.6010 2.4312
559.1000 -0.4921 0.0021 559.9000 0.0004 0.0039 559.4000 0.4956 0.0070
559.5000 -0.2959 -0.5072 559.5000 0.3032 -0.4955 559.5000 -0.0016 0.4911
560.1000 -0.4957 -0.0015 560.9000 0.0052 0.0006 560.4000 0.4954 0.0014
560.5000 -0.3036 -0.4998 560.5000 0.2995 -0.5025 560.5000 0.0066 0.5011
561.1500 0.7989 -4.0795 561.5500 -4.2748 3.8617 561.3500 -1.4857 -4.0992
562.1500 3.1762 -1.1169 562.5500 4.5494 0.7396 562.3500 0.1912 -0.6241
563.1500 -0.1888 2.4401 563.5500 -3.9717 -3.8739 563.3500 2.2470 -4.6569
564.1000 -0.4903 -0.0064 564.9000 0.0003 0.0059 564.4000 0.5005 -0.0028
564.5000 -0.2948 -0.5084 564.5000 0.2919 -0.4953 564.5000 -0.0028 0.4929
565.1500 -1.2686 0.7261 565.5500 -4.9444 0.1027 565.3500 -0.1153 -2.7405
566.1500 0.3079 2.3356 566.5500 -3.0558 -3.4628 566.3500 1.6300 1.9509
567.1000 -0.5025 -0.0009 567.9000 -0.0058 -0.0072 567.4000 0.4943 0.0086
567.5000 -0.2989 -0.5047 567.5000 0.2977 -0.4934 567.5000 -0.0067 0.4907
568.1500 1.2878 4.6739 568.5500 -4.1802 -4.5433 568.3500 3.0110 4.1907
569.1500 1.1537 1.2204 569.5500 3.7717 -1.9268 569.3500 -4.9253 3.0319
570.1500 1.5600 -0.1005 570.5500 4.7935 3.6747 570.3500 4.5006 2.3686
571.1500 2.8756 -2.0808 571.5500 3.8306 4.5313 571.3500 -0.7522 1.1170
572.1500 -3.3054 4.3755 572.5500 2.5216 -1.6579 572.3500 0.2712 4.1664
573.1000 -0.5095 0.0059 573.9000 0.0030 0.0082 573.4000 0.5000 -0.0051
573.5000 -0.2941 -0.4988 573.5000 0.3063 -0.5007 573.5000 0.0055 0.4921
574.1500 1.3837 -2.2601 574.5500 2.8340 2.7475 574.3500 4.3325 1.2145
575.1500 0.2992 -2.5579 575.5500 0.0707 -3.0852 575.3500 2.4502 -3.9754
576.1500 -0.3062 3.7331 576.5500 3.1451 -3.7569 576.3500 1.7638 -2.7685
577.1500 -3.0329 3.6482 577.5500 -3.9557 0.2991 577.3500 -1.5764 1.8979
578.1500 -1.4444 1.8903 578.5500 -4.3484 2.5650 578.3500 -0.3040 -3.4182
579.1500 1.1752 0.5632 579.5500 2.6465 -1.2647 579.3500 -2.4296 -3.9204
580.1500 4.8716 4.5932 580.5500 4.5094 -1.7767 580.3500 -4.5753 -4.2948
581.1500 2.9206 -2.5207 581.5500 2.3485 4.3981 581.3500 2.7811 -2.9770
582.1500 1.4550 -2.2265 582.5500 2.6310 -1.9066 582.3500 4.8636 -3.7872
583.1500 1.6753 0.1035 583.5500 3.9518 3.3916 583.3500 3.7172 0.0931
584.1000 -0.4902 0.0047 584.9000 0.0049 0.0006 584.4000 0.5083 -0.0032
584.5000 -0.2949 -0.5054 584.5000 0.2977 -0.5032 584.5000 0.0086 0.5033
585.1000 -0.4918 0.0019 585.9000 0.0080 -0.0026 585.4000 0.5031 -0.0077
585.5000 -0.2940 -0.4986 585.5000 0.2982 -0.4996 585.5000 0.0091 0.4951
586.1500 -3.4541 -4.8589 586.5500 -0.6226 3.4481 586.3500 4.3506 -3.4896
587.1500 -3.5346 -2.0363 587.5500 -3.3019 -0.4671 587.3500 -3.3832 4.9525
588.1000 -0.4967 -0.0088 588.9000 0.0066 -0.0093 588.4000 0.5017 0.0087
588.5000 -0.3057 -0.4932 588.5000 0.2938 -0.4996 588.5000 -0.0009 0.4981
589.1500 -4.2707 -3.9837 589.5500 -4.7257 2.6264 589.3500 -2.8719 3.8083
590.1500 -1.8524 0.5563 590.5500 -1.6228 1.3761 590.3500 1.2286 0.5668
591.1000 -0.5081 0.0017 591.9000 0.0018 0.0084 591.4000 0.4960 0.0063
591.5000 -0.2906 -0.5045 591.5000 0.3008 -0.5018 591.5000 -0.0012 0.5029
592.1000 -0.5085 -0.0042 592.9000 -0.0080 0.0042 592.4000 0.4973 0.0023
592.5000 -0.2981 -0.4951 592.5000 0.3086 -0.5058 592.5000 -0.0063 0.5081
593.1500 3.5345 3.0498 593.5500 2.2462 0.0463 593.3500 2.4178 -1.8396
594.1500 -2.0045 2.4229 594.5500 -3.4314 2.3217 594.3500 0.7571 0.5518
595.1000 -0.4905 0.0093 595.9000 -0.0004 -0.0082 595.4000 0.4959 0.0010
595.5000 -0.3092 -0.4943 595.5000 0.3049 -0.5064 595.5000 0.0062 0.5084
596.1500 -0.2278 4.5500 596.5500 -1.7280 1.0995 596.3500 -0.7912 -0.5695
597.1500 -0.0313 -4.4702 597.5500 4.9269 2.7630 597.3500 4.4152 4.7215
598.1500 2.4864 -4.8838 598.5500 3.9342 4.9358 598.3500 -0.1255 -0.4596
599.1500 -3.1071 -2.3780 599.5500 2.3839 3.9694 599.3500 -3.8996 -0.6670
600.1500 -1.4046 -4.9293 600.5500 2.6640 -1.5099 600.3500 0.2693 -4.3340
601.1000 -0.5032 -0.0091 601.9000 0.0015 0.0064 601.4000 0.5048 0.0077
601.5000 -0.3038 -0.5054 601.5000 0.3057 -0.4902 601.5000 -0.0017 0.4906
602.1500 -0.5371 -4.7929 602.5500 -3.0019 -1.6307 602.3500 -0.5604 -1.0246
603.1500 2.5873 1.9105 603.5500 2.6998 -2.3837 603.3500 2.2743 4.2141
604.1500 -1.9847 -4.0940 604.5500 0.2462 -0.9206 604.3500 -2.8851 -0.4653
605.1500 0.2712 3.3157 605.5500 -4.3789 1.3860 605.3500 -0.6744 -1.6042
606.1500 2.1995 1.7240 606.5500 -1.5948 4.6837 606.3500 0.4252 3.6051
607.1500 -4.3117 3.1517 607.5500 -4.7615 -0.5279 607.3500 0.0291 -3.5011
608.1500 3.4820 -1.5572 608.5500 0.2089 -3.8992 608.3500 -1.8007 -4.4415
609.1500 4.0168 0.8124 609.5500 -2.1817 -3.1005 609.3500 -3.1154 -2.8924
610.1500 0.4329 -4.3952 610.5500 2.6308 4.4032 610.3500 -2.1396 -4.9191
611.1500 -2.0439 3.9583 611.5500 -0.7778 4.8932 611.3500 -2.6852 4.5416
612.1500 -4.1185 2.5558 612.5500 2.8186 -3.6728 612.3500 -1.6453 4.5353
613.1500 -1.5370 4.9990 613.5500 1.4697 -1.3100 613.3500 3.9146 -0.5056
614.1500 -3.2357 -2.3807 614.5500 0.6786 1.4568 614.3500 -4.9785 -3.5644
615.1500 -0.7089 4.2300 615.5500 -0.7265 -2.5978 615.3500 0.6266 -3.8357
616.1500 1.1499 3.6510 616.5500 1.3025 -0.3865 616.3500 -0.6726 0.6641
617.1500 -0.7391 1.6795 617.5500 -3.5298 -2.6716 617.3500 4.9575 -0.2484
618.1000 -0.5059 -0.0097 618.9000 0.0079 -0.0053 618.4000 0.4933 -0.0073
618.5000 -0.2988 -0.4943 618.5000 0.3030 -0.4962 618.5000 -0.0089 0.4966
619.1500 -2.5040 -4.1870 619.5500 3.6631 2.3827 619.3500 -2.9409 -4.2980
620.1500 -1.4241 -0.6136 620.5500 -3.8625 2.3789 620.3500 2.0227 4.8703
621.1500 -3.9689 -1.5161 621.5500 -3.9826 -1.4140 621.3500 4.9733 -2.0850
622.1500 -4.4567 -4.3729 622.5500 3.2295 -2.7827 622.3500 2.8638 2.7955
623.1500 -0.5115 4.3056 623.5500 1.1843 0.0176 623.3500 2.6424 0.5619
624.1000 -0.4941 0.0039 624.9000 -0.0083 0.0094 624.4000 0.5088 0.0089
624.5000 -0.2976 -0.4905 624.5000 0.3062 -0.4946 624.5000 -0.0019 0.4931
625.1500 -4.5506 -0.1890 625.5500 4.0279 0.1249 625.3500 -2.2324 1.3960
626.1500 -2.3797 -1.9311 626.5500 1.9874 -1.5646 626.3500 -0.0966 0.9957
627.1500 0.9583 0.9190 627.5500 -2.3864 -4.7241 627.3500 0.6228 -1.5196
628.1500 -1.4758 -4.9215 628.5500 4.4721 -4.8272 628.3500 -3.1668 -0.5372
629.1500 3.3808 -1.4229 629.5500 -1.1366 1.4343 629.3500 -1.4939 -1.0591
630.1000 -0.4905 0.0090 630.9000 -0.0074 -0.0098 630.4000 0.4908 -0.0096
630.5000 -0.2906 -0.4908 630.5000 0.3088 -0.4952 630.5000 -0.0011 0.5013
631.1500 -3.2378 -4.3482 631.5500 4.3102 4.4328 631.3500 3.9058 4.4015
632.1500 0.3755 -4.3184 632.5500 -3.0623 1.6301 632.3500 0.1821 4.5374
633.1500 2.0051 2.9820 633.5500 -0.4165 -1.8272 633.3500 -3.1947 -1.1310
634.1500 -4.4897 -0.8226 634.5500 0.4723 2.7147 634.3500 -4.7776 -4.7394
635.1000 -0.5096 -0.0004 635.9000 0.0051 0.0042 635.4000 0.5023 -0.0061
635.5000 -0.2921 -0.5016 635.5000 0.2960 -0.4997 635.5000 0.0099 0.5081
636.1500 -1.1931 -1.1297 636.5500 -0.7876 1.5780 636.3500 -4.5401 0.1056
637.1500 -3.1777 2.0293 637.5500 4.0195 -0.2649 637.3500 -1.0921 2.9117
638.1000 -0.5030 -0.0080 638.9000 -0.0012 -0.0037 638.4000 0.4901 -0.0018
638.5000 -0.2953 -0.4991 638.5000 0.2995 -0.4981 638.5000 0.0091 0.4992
639.1500 -0.8620 -0.1870 639.5500 3.7349 0.3553 639.3500 -3.9387 1.6968
640.1500 2.1029 -2.8991 640.5500 4.2879 -1.8558 640.3500 -3.7172 3.9314
641.1500 -2.8133 -4.2942 641.5500 -4.8531 -2.0549 641.3500 2.1304 4.1924
642.1500 -3.5204 -2.8005 642.5500 2.8515 3.0190 642.3500 2.9416 -0.2384
643.1500 4.2260 -1.2597 643.5500 -4.4289 2.8938 643.3500 2.1422 0.8196
644.1500 -3.8819 -2.2271 644.5500 -0.2724 -2.0968 644.3500 2.1164 2.5402
645.1500 4.6497 4.6763 645.5500 4.7251 -2.2416 645.3500 -1.7822 4.4221
646.1500 -3.7178 -4.8222 646.5500 0.5083 -4.3940 646.3500 -4.3383 -0.0090
647.1500 -4.8661 3.2222 647.5500 0.4282 3.3402 647.3500 -3.5563 -4.9198
648.1500 0.1536 -1.9190 648.5500 -2.9309 -1.5622 648.3500 1.8202 -2.3703
649.1500 2.7871 4.2835 649.5500 3.5889 -4.7049 649.3500 4.1249 0.7548
650.1500 2.7786 4.7298 650.5500 -3.2790 -4.2977 650.3500 -0.1937 1.3071
651.1500 -2.7130 0.7647 651.5500 -2.0340 0.2542 651.3500 3.6240 -0.7111
652.1000 -0.4959 0.0050 652.9000 -0.0090 -0.0083 652.4000 0.4906 0.0023
652.5000 -0.3084 -0.5009 652.5000 0.2998 -0.4932 652.5000 0.0057 0.4910
653.1500 -1.5658 1.5800 653.5500 -4.2634 4.2465 653.3500 -4.5386 0.6500
654.1500 -2.2920 2.8378 654.5500 -1.1691 -3.1262 654.3500 -2.5502 -0.6106
655.1500 0.8819 -3.6714 655.5500 -1.5255 0.0434 655.3500 -1.3254 3.1730
656.1500 -3.8283 2.7938 656.5500 3.1794 -0.7114 656.3500 2.0200 -0.9047
657.1500 4.4555 0.9801 657.5500 2.1317 3.5481 657.3500 3.9010 -4.4024
658.1500 4.0084 -1.2365 658.5500 3.5633 -0.4118 658.3500 -2.6113 3.7288
659.1500 -2.9576 1.5039 659.5500 0.1790 2.3225 659.3500 2.1209 -4.5361
660.1500 -1.6645 4.1779 660.5500 -0.8649 -2.4358 660.3500 2.1946 0.2292
661.1500 -0.2946 1.3210 661.5500 -2.1879 -2.5027 661.3500 3.9173 2.1470
662.1500 -0.2930 1.5047 662.5500 4.2803 3.8177 662.3500 3.2397 0.3221
663.1500 2.8923 -1.6622 663.5500 -1.6496 -2.7275 663.3500 4.9704 3.7909
664.1500 4.0466 4.6602 664.5500 3.5439 1.4919 664.3500 -2.5411 -4.9209
665.1500 -3.8157 2.1306 665.5500 -3.2718 3.9620 665.3500 4.0385 -0.6154
666.1500 -0.3831 0.7184 666.5500 -3.6638 -3.3625 666.3500 2.5903 0.0919
667.1500 0.7910 3.8045 667.5500 -0.5544 -0.7074 667.3500 -4.6111 -3.0192
668.1500 -2.0234 3.4038 668.5500 -2.6401 1.9200 668.3500 1.1569 2.9727
669.1500 0.8662 2.5546 669.5500 0.5562 -4.7669 669.3500 4.9803 0.3364
670.1500 -0.1496 -3.4462 670.5500 2.5688 -3.3415 670.3500 4.7903 0.4424
671.1500 3.7552 2.1819 671.5500 -1.3686 1.2654 671.3500 0.1300 -2.0317
672.1500 3.1028 3.3539 672.5500 3.9191 0.5090 672.3500 -4.8064 -1.1035
673.1500 3.1796 -3.0834 673.5500 2.1454 -3.7119 673.3500 1.4213 -4.3048
674.1000 -0.4944 -0.0089 674.9000 0.0028 0.0002 674.4000 0.5063 -0.0072
674.5000 -0.2904 -0.5058 674.5000 0.2979 -0.5080 674.5000 0.0065 0.5056
675.1500 3.8309 -0.3749 675.5500 1.8483 -1.4334 675.3500 4.2842 2.1085
676.1500 -1.3930 -3.7276 676.5500 -4.7031 1.5666 676.3500 2.1937 -1.9997
677.1500 2.2621 2.7908 677.5500 -1.5695 3.8043 677.3500 -3.7882 -0.0887
678.1500 -0.3160 -0.1994 678.5500 3.4997 4.6249 678.3500 1.9956 4.3040
679.1500 2.5933 2.2741 679.5500 0.6244 0.6934 679.3500 1.8932 4.0493
680.1500 -3.0932 -0.0367 680.5500 1.6009 -4.3771 680.3500 -1.9733 -4.4279
681.1000 -0.5015 -0.0009 681.9000 0.0091 0.0062 681.4000 0.5005 -0.0029
681.5000 -0.3038 -0.5024 681.5000 0.2934 -0.5070 681.5000 -0.0074 0.4968
682.1500 -1.0609 2.0382 682.5500 -1.1742 -3.8786 682.3500 -0.7884 -2.2326
683.1500 0.1331 -3.4878 683.5500 -1.4526 -3.4032 683.3500 4.0780 -0.1896
684.1500 2.9827 2.1762 684.5500 3.5060 3.3930 684.3500 3.3725 4.2951
685.1500 -0.1069 3.4345 685.5500 -3.0030 3.3348 685.3500 4.7590 -2.8988
686.1000 -0.4948 -0.0084 686.9000 -0.0015 0.0064 686.4000 0.4993 0.0068
686.5000 -0.3041 -0.5008 686.5000 0.2980 -0.5056 686.5000 0.0055 0.5093
687.1000 -0.5013 -0.0099 687.9000 0.0043 -0.0031 687.4000 0.5030 -0.0014
687.5000 -0.2988 -0.4906 687.5000 0.3002 -0.4997 687.5000 -0.0047 0.4972
688.1000 -0.4976 -0.0031 688.9000 -0.0063 -0.0015 688.4000 0.4931 0.0090
688.5000 -0.2913 -0.5023 688.5000 0.2975 -0.5020 688.5000 -0.0004 0.5008
689.1500 -1.3056 2.1086 689.5500 -1.0782 -1.3553 689.3500 -0.4695 -1.2713
690.1500 -4.6404 -4.1839 690.5500 -4.3902 -0.4233 690.3500 3.1435 -2.3260
691.1500 4.0260 3.0983 691.5500 4.5581 -0.7771 691.3500 3.6690 -3.9513
692.1000 -0.5046 0.0081 692.9000 -0.0081 -0.0075 692.4000 0.5014 -0.0012
692.5000 -0.2934 -0.5054 692.5000 0.3041 -0.4926 692.5000 0.0037 0.5023
693.1500 4.2052 4.6552 693.5500 -2.1225 2.2576 693.3500 4.7716 -4.2375
694.1500 4.5918 -3.3099 694.5500 -2.6499 -3.9663 694.3500 4.4345 1.4726
695.1500 1.1702 -2.1112 695.5500 -3.9824 3.7004 695.3500 2.8035 -0.9261
696.1500 -4.6373 -4.4849 696.5500 1.8431 -4.0788 696.3500 -3.6112 -4.0917
697.1500 4.1654 -4.3358 697.5500 -4.5526 -1.3416 697.3500 -4.5369 1.4909
698.1500 -2.5041 4.8203 698.5500 4.3142 -4.3639 698.3500 -0.4981 -3.4294
699.1500 -4.5393 0.0625 699.5500 -2.5338 0.3290 699.3500 3.5664 4.2365
700.1500 -3.9097 3.3454 700.5500 -0.5188 -2.9471 700.3500 1.3528 2.1578
701.1500 -1.0443 4.9678 701.5500 -3.4033 4.1569 701.3500 -0.7486 -0.3695
702.1500 0.2130 4.6859 702.5500 -1.7558 1.4367 702.3500 3.2444 -2.4376
703.1500 3.8086 2.9547 703.5500 -0.9667 -4.1011 703.3500 -3.9681 -0.1674
704.1500 -0.4719 3.0619 704.5500 2.6131 0.4164 704.3500 -2.5241 1.0214
705.1500 -2.1720 -0.5114 705.5500 -4.2238 -4.1565 705.3500 -2.5907 0.4238
706.1000 -0.4901 -0.0010 706.9000 0.0098 0.0032 706.4000 0.5082 0.0084
706.5000 -0.3009 -0.4965 706.5000 0.3054 -0.5069 706.5000 0.0036 0.4938
707.1500 -1.9596 -1.2045 707.5500 0.5763 -3.5254 707.3500 -1.8157 3.7184
708.1500 -1.7383 -0.1288 708.5500 -1.3845 0.2554 708.3500 -0.1001 0.8252
709.1500 0.1044 -1.1121 709.5500 4.1291 3.9552 709.3500 3.9361 -0.9519
710.1500 0.7970 -2.7576 710.5500 1.0596 -1.4845 710.3500 -4.0830 3.6331
711.1500 -3.6186 0.7003 711.5500 -3.1771 -2.3939 711.3500 3.3375 2.3227
712.1500 1.5112 -0.8278 712.5500 2.4262 4.3827 712.3500 -4.9871 -4.1840
713.1500 -1.6393 -0.4781 713.5500 4.0349 -0.4279 713.3500 -2.6457 -1.6327
714.1500 3.7484 -4.3033 714.5500 2.4749 1.2902 714.3500 3.6215 -3.7035
715.1500 -3.0146 -4.3922 715.5500 -0.3140 3.8810 715.3500 -3.0090 1.1146
716.1500 0.5121 0.1688 716.5500 4.2326 -2.6024 716.3500 0.7410 -2.1391
717.1500 3.9623 1.5139 717.5500 -1.6543 2.9343 717.3500 2.3656 2.3005
718.1500 1.5831 3.2292 718.5500 -2.9939 -3.6197 718.3500 -0.6796 -4.0814
719.1500 0.1672 -1.3741 719.5500 1.9556 -0.1895 719.3500 -1.8249 3.9465
720.1500 4.0520 -1.2519 720.5500 1.9467 -3.1326 720.3500 0.6770 3.1875
721.1500 -0.7141 -2.8831 721.5500 -1.5042 -4.6328 721.3500 4.4509 -4.2440
722.1000 -0.5089 0.0045 722.9000 -0.0095 0.0032 722.4000 0.5045 0.0014
722.5000 -0.2960 -0.4983 722.5000 0.2943 -0.4919 722.5000 0.0092 0.5084
723.1500 -3.7439 -3.6540 723.5500 2.0532 -1.0087 723.3500 4.0381 3.3627
724.1500 -2.2166 3.9468 724.5500 1.6582 4.7492 724.3500 4.4818 1.3141
725.1500 -1.9517 4.5148 725.5500 -2.6133 1.2779 725.3500 0.5426 0.1826
726.1500 -3.3237 -0.2840 726.5500 4.9814 -4.7398 726.3500 2.3525 -0.5094
727.1500 4.7899 -2.8596 727.5500 1.5226 1.9991 727.3500 4.3296 3.1166
728.1500 -2.2869 0.7640 728.5500 -2.1683 2.5987 728.3500 -2.6384 -1.7930
729.1000 -0.4942 0.0003 729.9000 -0.0056 -0.0094 729.4000 0.5057 0.0041
729.5000 -0.2957 -0.5032 729.5000 0.3024 -0.5079 729.5000 0.0026 0.5079
730.1500 -3.4977 -4.0268 730.5500 2.6552 -2.4883 730.3500 0.2707 -2.5027
731.1000 -0.5086 0.0040 731.9000 0.0026 -0.0015 731.4000 0.5078 0.0017
731.5000 -0.3006 -0.4999 731.5000 0.3084 -0.5092 731.5000 0.0059 0.4907
732.1500 3.3649 4.9095 732.5500 -0.8504 -3.6800 732.3500 -1.8243 1.8846
733.1500 3.4844 -0.9538 733.5500 3.3675 -0.0425 733.3500 3.7006 1.4479
734.1000 -0.4921 -0.0051 734.9000 0.0007 0.0056 734.4000 0.5057 -0.0077
734.5000 -0.2912 -0.4962 734.5000 0.3039 -0.4941 734.5000 -0.0045 0.4982
735.1500 3.0041 4.9008 735.5500 3.5574 3.4471 735.3500 4.3503 -4.0191
736.1500 4.6818 4.5650 736.5500 -1.4373 2.3746 736.3500 -4.3227 2.3613
737.1500 -0.7352 -0.2870 737.5500 -1.2126 1.2371 737.3500 4.1633 -4.2627
738.1000 -0.5073 0.0031 738.9000 0.0004 0.0011 738.4000 0.5041 0.0057
738.5000 -0.2992 -0.4995 738.5000 0.3059 -0.5010 738.5000 -0.0095 0.5036
739.1500 3.2693 -0.1317 739.5500 4.3220 -3.5157 739.3500 -4.1839 -1.6306
740.1500 3.3465 -3.9904 740.5500 2.3663 -3.8260 740.3500 2.1096 0.7134
741.1500 2.7360 0.8228 741.5500 -3.4190 0.7229 741.3500 0.2776 -4.9178
742.1500 0.2646 4.0322 742.5500 0.2934 0.2976 742.3500 -1.2460 -2.1230
743.1000 -0.5044 -0.0061 743.9000 -0.0037 -0.0048 743.4000 0.4984 -0.0074
743.5000 -0.2908 -0.4987 743.5000 0.2915 -0.4968 743.5000 -0.0008 0.4957
744.1500 -4.0536 1.2226 744.5500 4.9535 4.9011 744.3500 -3.8681 2.8903
745.1500 1.8408 2.9315 745.5500 -2.8746 -3.1094 745.3500 4.8818 -3.4468
746.1000 -0.5035 -0.0055 746.9000 -0.0020 0.0079 746.4000 0.4905 -0.0098
746.5000 -0.3086 -0.5071 746.5000 0.2928 -0.4910 746.5000 -0.0017 0.5028
747.1500 -4.2720 -1.4720 747.5500 -3.4778 0.1610 747.3500 4.1154 0.2642
748.1500 -2.0168 -3.6207 748.5500 4.2794 2.5673 748.3500 2.6659 -3.5877
749.1500 1.5863 -2.9240 749.5500 2.7684 3.5528 749.3500 3.2376 1.5910
750.1500 -1.7939 -0.0208 750.5500 -0.4166 1.0595 750.3500 1.1742 4.3048
751.1500 2.3795 -3.1658 751.5500 -1.5790 4.7502 751.3500 -1.6842 -1.5639
752.1500 -2.5287 -0.4418 752.5500 -3.2709 3.9059 752.3500 -1.1749 4.0092
753.1000 -0.5019 0.0030 753.9000 -0.0008 0.0033 753.4000 0.4909 0.0050
753.5000 -0.2914 -0.5035 753.5000 0.2913 -0.4977 753.5000 -0.0042 0.5045
754.1000 -0.4918 -0.0003 754.9000 -0.0066 0.0078 754.4000 0.5020 -0.0096
754.5000 -0.2931 -0.4948 754.5000 0.3052 -0.5081 754.5000 -0.0047 0.5045
755.1500 -2.0605 -1.4276 755.5500 3.4201 4.4788 755.3500 -1.9860 -4.9981
756.1500 -2.0384 -3.1514 756.5500 -3.5737 -4.4836 756.3500 0.4856 -4.9231
757.1500 3.7501 3.7510 757.5500 -2.1874 2.9792 757.3500 -3.1998 -0.9196
758.1000 -0.4994 0.0024 758.9000 0.0075 -0.0071 758.4000 0.4924 0.0011
758.5000 -0.3047 -0.5040 758.5000 0.2903 -0.4985 758.5000 -0.0060 0.5096
759.1500 -4.8699 -4.6092 759.5500 -4.0203 2.2439 759.3500 3.8046 4.1480
760.1500 3.8449 -3.6149 760.5500 -1.7985 -3.7878 760.3500 3.2967 2.6638
761.1000 -0.4929 -0.0078 761.9000 0.0047 0.0036 761.4000 0.5072 -0.0031
761.5000 -0.2907 -0.5062 761.5000 0.3019 -0.5013 761.5000 -0.0093 0.5071
762.1500 -3.1179 1.5053 762.5500 3.4451 0.5397 762.3500 3.5591 0.8359
763.1500 1.3114 -2.1413 763.5500 3.0319 -2.9584 763.3500 -1.1190 -4.1333
764.1500 -1.9642 3.0844 764.5500 -2.9049 4.7825 764.3500 2.5230 -1.8956
765.1000 -0.4944 0.0033 765.9000 -0.0047 -0.0002 765.4000 0.4962 0.0018
765.5000 -0.2995 -0.4967 765.5000 0.2988 -0.4992 765.5000 -0.0062 0.5026
766.1500 -2.2312 -0.6164 766.5500 -4.7297 -0.0366 766.3500 0.8618 3.2277
767.1500 0.4046 -3.7756 767.5500 2.2186 -4.6038 767.3500 2.9834 3.5380
768.1000 -0.5067 0.0003 768.9000 -0.0095 -0.0006 768.4000 0.5060 -0.0027
768.5000 -0.2927 -0.4902 768.5000 0.2931 -0.4973 768.5000 0.0087 0.5065
769.1500 0.3385 -3.6693 769.5500 4.5524 0.1532 769.3500 2.6184 4.4511
770.1500 -1.9601 -3.8764 770.5500 0.9998 2.1482 770.3500 -0.2935 -0.7176
771.1500 -0.6687 3.1477 771.5500 -2.2590 0.1856 771.3500 -0.0122 -4.4230
772.1500 2.4603 4.6738 772.5500 3.7437 4.5091 772.3500 1.2331 -3.0933
773.1500 1.7736 1.5655 773.5500 4.2629 3.0300 773.3500 -1.2332 -3.4825
774.1500 -1.3643 1.1034 774.5500 -1.1798 4.5128 774.3500 -4.3627 4.1002
775.1500 1.4432 -1.6706 775.5500 -3.6887 0.6313 775.3500 1.5349 1.0144
776.1000 -0.4961 -0.0066 776.9000 -0.0097 -0.0011 776.4000 0.5041 0.0030
776.5000 -0.3009 -0.4920 776.5000 0.2915 -0.5004 776.5000 -0.0044 0.5004
777.1500 2.9996 2.9115 777.5500 -0.3068 -4.6487 777.3500 4.2977 -1.7078
778.1500 4.9178 4.4806 778.5500 2.8865 -1.9376 778.3500 -4.5021 -1.4966
779.1500 2.6147 -2.1370 779.5500 -2.6472 0.9942 779.3500 -1.0779 -2.9556
780.1500 -1.8099 4.1780 780.5500 -3.6815 2.5643 780.3500 -1.2924 1.7115
781.1500 -1.2422 4.2934 781.5500 -2.2204 4.8637 781.3500 -3.8733 4.9626
782.1500 -3.9796 -3.9434 782.5500 4.8426 0.1641 782.3500 2.7285 -1.9978
783.1000 -0.4996 0.0054 783.9000 -0.0092 -0.0095 783.4000 0.4903 -0.0038
783.5000 -0.3066 -0.5004 783.5000 0.3025 -0.4919 783.5000 0.0083 0.4987
784.1500 -2.7836 2.3473 784.5500 1.8316 1.4183 784.3500 2.7432 -0.7427
785.1500 -1.8666 -0.9277 785.5500 4.7364 -2.1007 785.3500 0.2391 -1.3958
786.1500 0.1457 0.3501 786.5500 -4.2732 -2.6063 786.3500 -3.5652 3.5029
787.1500 4.1350 0.3846 787.5500 -1.7406 -1.1644 787.3500 -2.5164 -3.5329
788.1500 -4.7623 2.2428 788.5500 -1.8387 1.6887 788.3500 1.8753 -4.8373
789.1500 4.8556 -1.7937 789.5500 2.8056 4.8872 789.3500 -2.8635 -2.8106
790.1500 -4.8461 -2.1036 790.5500 3.9804 0.7383 790.3500 -0.7240 -2.9231
791.1500 4.7015 -3.6693 791.5500 0.8604 2.1581 791.3500 -1.4105 2.2614
792.1500 0.2355 -4.3703 792.5500 -0.1782 -0.1655 792.3500 -4.5873 -3.0207
793.1500 -3.3135 -3.8846 793.5500 0.6388 3.1298 793.3500 -1.2374 -1.0269
794.1500 -3.7021 -3.0209 794.5500 -2.2845 1.9722 794.3500 1.6984 1.6740
795.1500 -4.4392 -0.4147 795.5500 2.5116 -0.8293 795.3500 2.5314 -1.1161
796.1000 -0.4997 0.0026 796.9000 0.0063 0.0023 796.4000 0.5053 0.0009
796.5000 -0.3093 -0.4913 796.5000 0.3096 -0.5035 796.5000 0.0030 0.4963
797.1500 -0.0364 1.9473 797.5500 -3.3806 -2.5689 797.3500 0.2536 -2.4417
798.1500 1.4437 -0.6923 798.5500 4.2317 -3.4598 798.3500 3.1967 -4.9738
799.1500 -0.6347 3.3240 799.5500 -2.1946 2.0403 799.3500 -0.2541 1.9337
800.1500 -4.2826 -0.8944 800.5500 -0.2494 -4.8695 800.3500 -2.8986 -4.7069
801.1000 -0.4965 -0.0071 801.9000 -0.0055 -0.0032 801.4000 0.4968 0.0083
801.5000 -0.2986 -0.4972 801.5000 0.3068 -0.5068 801.5000 0.0071 0.4985
802.1500 -3.3998 -0.1502 802.5500 1.3102 -4.4708 802.3500 -4.9571 1.5860
803.1500 -4.2213 -4.5812 803.5500 -3.7996 -3.4951 803.3500 -4.8932 1.2815
804.1500 -0.5774 -0.4757 804.5500 4.4429 -4.0013 804.3500 4.4269 -3.2337
805.1500 3.8663 1.0931 805.5500 -3.9743 0.8812 805.3500 -2.0848 -2.9424
806.1500 -3.3943 0.6566 806.5500 0.8947 -4.0731 806.3500 -0.8273 -2.4027
807.1500 -0.1801 -0.1395 807.5500 -1.9616 -1.9545 807.3500 2.5181 0.3742
808.1500 -0.0210 -0.3427 808.5500 3.2572 -3.7559 808.3500 -4.3319 4.9091
809.1500 2.6360 2.8731 809.5500 -3.4975 4.1079 809.3500 -1.6817 -3.8455
810.1500 -1.6833 -1.5511 810.5500 1.2186 2.8043 810.3500 -0.2296 4.3598
811.1500 4.2177 3.0423 811.5500 3.7968 1.3578 811.3500 -0.6667 1.2608
812.1500 4.4548 -2.8588 812.5500 -4.4620 2.3650 812.3500 1.4727 3.3354
813.1500 4.8836 3.2182 813.5500 -3.0423 4.1382 813.3500 -0.3094 1.7116
814.1500 -0.6751 -3.4711 814.5500 -2.1593 3.2729 814.3500 1.9403 3.2158
815.1500 -4.5466 4.6325 815.5500 0.0382 2.0304 815.3500 -0.0637 -4.2980
816.1500 1.8588 -2.0873 816.5500 2.0395 -3.6913 816.3500 -0.4402 -4.3170
817.1500 -3.0783 0.5609 817.5500 4.6476 -2.3273 817.3500 -1.1804 1.7166
818.1500 -3.1801 0.9035 818.5500 -1.2351 -0.9611 818.3500 4.6351 0.0757
819.1500 4.9030 2.0660 819.5500 -0.4171 -3.5284 819.3500 -0.6491 2.9449
820.1500 -1.6644 -2.5156 820.5500 1.9872 1.5560 820.3500 0.8915 -0.6470
821.1500 3.8968 0.5982 821.5500 -0.4271 -3.2834 821.3500 -4.3244 -1.7311
822.1000 -0.5032 0.0071 822.9000 0.0097 -0.0052 822.4000 0.4912 0.0016
822.5000 -0.3007 -0.5006 822.5000 0.3050 -0.4955 822.5000 -0.0066 0.4970
823.1500 2.8214 0.2887 823.5500 3.8525 -0.0142 823.3500 -3.2690 -1.9123
824.1500 3.8121 -1.8978 824.5500 2.8989 2.4369 824.3500 0.7081 0.5657
825.1000 -0.5032 0.0031 825.9000 -0.0089 -0.0022 825.4000 0.4977 0.0063
825.5000 -0.3048 -0.5042 825.5000 0.3077 -0.5043 825.5000 -0.0064 0.4953
826.1500 4.4189 0.9149 826.5500 -2.6365 0.8535 826.3500 4.9338 -2.5738
827.1000 -0.5046 0.0014 827.9000 -0.0043 -0.0024 827.4000 0.4951 0.0029
827.5000 -0.2964 -0.5092 827.5000 0.3074 -0.5040 827.5000 0.0078 0.5028
828.1500 -4.3485 -3.7663 828.5500 -3.9429 -2.6744 828.3500 -3.8901 1.8177
829.1500 4.6104 2.7344 829.5500 1.8283 -4.0165 829.3500 -0.8306 3.0404
830.1500 -1.8808 -0.9639 830.5500 1.6887 2.7160 830.3500 -3.0436 3.4302
831.1500 0.0490 -0.8838 831.5500 -3.8541 4.1081 831.3500 -1.4896 -0.7007
832.1500 -2.1859 -4.9060 832.5500 2.4585 4.0656 832.3500 -1.3100 4.4860
833.1500 0.9384 1.4353 833.5500 1.3384 1.2306 833.3500 -3.9752 -2.4283
834.1500 -3.0569 -0.8298 834.5500 1.5941 -2.7847 834.3500 4.9692 -0.9255
835.1500 4.7863 2.2768 835.5500 3.4948 -1.6202 835.3500 2.2296 -1.3633
836.1500 3.1405 1.1402 836.5500 1.3551 4.6746 836.3500 -0.7867 2.2758
837.1500 4.8849 2.1840 837.5500 2.7475 -1.2532 837.3500 -1.8544 -4.5048
838.1500 1.5534 3.7345 838.5500 -1.1754 -4.8936 838.3500 -4.8294 1.4705
839.1500 -0.1188 4.6204 839.5500 -0.4906 1.3569 839.3500 3.9875 -2.9752
840.1500 2.7556 -2.3883 840.5500 2.9753 1.3453 840.3500 0.2391 -2.0016
841.1500 -4.8255 -3.8710 841.5500 -0.2740 -0.8769 841.3500 -4.0963 4.8922
842.1500 -4.2190 -2.2859 842.5500 2.0363 -0.7536 842.3500 3.0310 -4.6313
843.1500 -0.3982 0.3627 843.5500 3.6578 -2.2713 843.3500 -3.4250 3.8666
844.1500 2.5115 1.9385 844.5500 2.8586 -4.8804 844.3500 -2.0455 -1.2651
845.1000 -0.5047 -0.0003 845.9000 -0.0063 0.0086 845.4000 0.4907 -0.0074
845.5000 -0.3084 -0.4984 845.5000 0.2963 -0.5047 845.5000 0.0085 0.5066
846.1500 4.6870 2.2296 846.5500 3.7593 3.2903 846.3500 -3.7417 -3.9171
847.1500 3.0139 0.8046 847.5500 2.6440 2.3986 847.3500 3.1189 -4.4103
848.1500 -4.9720 1.0049 848.5500 4.1230 -2.6719 848.3500 -3.0887 -2.1168
849.1500 -4.3353 -3.1323 849.5500 0.0297 1.2623 849.3500 0.5492 -1.9636
850.1500 -3.4653 3.5346 850.5500 1.9015 3.4629 850.3500 -2.9746 2.3002
851.1500 -4.6703 2.1179 851.5500 0.3129 1.5136 851.3500 -3.4934 -1.8902
852.1500 -3.1920 3.9953 852.5500 0.6802 -4.3620 852.3500 -1.8928 0.9508
853.1500 3.8266 1.2905 853.5500 -1.9862 1.0198 853.3500 2.8330 0.7346
854.1500 -2.7356 0.8246 854.5500 0.5414 0.1238 854.3500 4.2143 4.6524
855.1500 2.8234 3.1656 855.5500 0.9866 2.2185 855.3500 0.6367 2.1996
856.1500 4.3427 3.2740 856.5500 -3.0666 0.1722 856.3500 4.8590 -0.6107
857.1500 0.1627 -3.4941 857.5500 -3.0621 2.1803 857.3500 2.4873 0.7373
858.1500 1.2395 -0.7449 858.5500 -3.6346 1.2129 858.3500 -1.0176 1.0244
859.1500 -0.9829 1.3325 859.5500 -1.5978 -2.8113 859.3500 3.9459 -4.3350
860.1500 -1.4587 0.2874 860.5500 2.5691 3.3531 860.3500 0.6729 -1.1898
861.1500 -4.6495 -3.0389 861.5500 -4.3253 -4.3076 861.3500 3.7205 3.9148
862.1500 2.1446 1.1341 862.5500 1.1843 -1.6177 862.3500 -3.9548 0.4363
863.1500 -3.6769 -2.1997 863.5500 0.4143 -4.5090 863.3500 2.2036 1.6315
864.1000 -0.5003 0.0078 864.9000 0.0072 0.0047 864.4000 0.5062 0.0084
864.5000 -0.3002 -0.5025 864.5000 0.2950 -0.5016 864.5000 -0.0056 0.4993
865.1000 -0.4973 0.0023 865.9000 0.0025 -0.0015 865.4000 0.4944 0.0048
865.5000 -0.3053 -0.5031 865.5000 0.2957 -0.4967 865.5000 -0.0022 0.5033
866.1500 4.3279 3.4341 866.5500 -3.9138 -0.9884 866.3500 3.4551 3.6776
867.1500 -1.4754 4.6037 867.5500 -4.1980 4.7517 867.3500 -0.7271 0.2864
868.1500 -3.3497 0.1188 868.5500 -3.9590 2.9743 868.3500 -1.9769 -3.1229
869.1500 3.3685 0.8368 869.5500 0.6064 3.2077 869.3500 -3.9557 0.2559
870.1500 3.7734 -2.0253 870.5500 -0.2701 -2.2282 870.3500 2.6867 2.7243
871.1500 -0.0678 -4.1613 871.5500 -1.7157 -1.3874 871.3500 4.3656 0.8599
872.1000 -0.5066 0.0043 872.9000 -0.0016 -0.0027 872.4000 0.4987 0.0036
872.5000 -0.2917 -0.5037 872.5000 0.3069 -0.4966 872.5000 0.0089 0.5046
873.1500 4.4804 -3.0666 873.5500 -4.7281 0.8906 873.3500 3.0253 -4.6575
874.1500 -4.6144 -1.9589 874.5500 -3.3309 -2.8454 874.3500 -3.6465 -0.2390
875.1500 -1.1626 -0.5287 875.5500 0.4991 -0.0532 875.3500 3.3383 -3.3312
876.1000 -0.5092 0.0064 876.9000 0.0017 -0.0072 876.4000 0.5053 -0.0001
876.5000 -0.3057 -0.5013 876.5000 0.3036 -0.4926 876.5000 -0.0075 0.5048
877.1500 4.1408 -2.5736 877.5500 -2.8023 4.7227 877.3500 -2.3985 -4.3364
878.1500 2.7015 -1.0085 878.5500 -1.6615 -0.8164 878.3500 -0.6456 -4.9368
879.1500 4.1150 0.2920 879.5500 -0.5380 2.3087 879.3500 3.0310 -2.7301
880.1500 1.1270 3.0478 880.5500 2.6417 -2.2325 880.3500 -0.6422 1.6367
881.1500 -2.8838 4.6053 881.5500 -4.0335 -2.3470 881.3500 -3.9900 1.8771
882.1500 -2.4175 -3.1562 882.5500 -0.2612 -2.3100 882.3500 0.6901 -2.5600
883.1500 4.9367 0.1461 883.5500 3.9931 -2.8798 883.3500 -3.5725 2.0105
884.1500 -4.8256 1.9676 884.5500 0.9810 2.3730 884.3500 1.5585 -4.1525
885.1000 -0.5084 -0.0025 885.9000 -0.0075 0.0044 885.4000 0.5088 0.0055
885.5000 -0.2912 -0.4997 885.5000 0.2999 -0.4907 885.5000 0.0053 0.4950
886.1500 -3.9737 -4.9694 886.5500 -4.2806 -3.2649 886.3500 -1.6282 -2.5318
887.1500 1.5294 0.0475 887.5500 0.4821 3.5616 887.3500 2.7826 -0.3270
888.1500 4.6361 3.0919 888.5500 1.6097 -2.5281 888.3500 4.3478 -2.7581
889.1500 4.2569 2.8162 889.5500 4.4386 -4.9378 889.3500 -1.0269 -1.1166
890.1000 -0.5072 0.0100 890.9000 -0.0077 0.0045 890.4000 0.4979 0.0049
890.5000 -0.2998 -0.5045 890.5000 0.3006 -0.5023 890.5000 -0.0013 0.5011
891.1500 -4.4544 1.0833 891.5500 -0.9549 -4.7590 891.3500 3.0777 -0.9361
892.1500 3.9594 1.9080 892.5500 -2.1919 -4.6233 892.3500 1.5380 -2.4627
893.1000 -0.5066 0.0090 893.9000 -0.0054 -0.0097 893.4000 0.4989 -0.0038
893.5000 -0.3070 -0.5047 893.5000 0.3001 -0.4918 893.5000 0.0061 0.4922
894.1500 3.9350 -0.6494 894.5500 -4.4107 -2.0515 894.3500 4.0683 0.8378
895.1500 -2.8195 -0.2243 895.5500 -2.2725 1.1830 895.3500 4.0442 -4.0775
896.1500 -0.8432 1.0994 896.5500 0.0100 -3.4890 896.3500 2.1958 0.2185
897.1500 -3.9034 -2.5213 897.5500 2.6002 -4.6185 897.3500 -2.1052 -0.7183
898.1500 1.7773 -2.5591 898.5500 -2.1720 -2.4432 898.3500 1.1371 -4.2012
899.1500 2.8802 -3.3648 899.5500 -1.4829 4.7815 899.3500 0.4380 -1.9554
900.1500 -0.2430 -0.8077 900.5500 -4.8735 3.9060 900.3500 -3.8635 0.6739
901.1500 -4.4826 -1.7799 901.5500 4.7101 -1.9316 901.3500 -2.8092 -2.9381
902.1500 -2.0124 -3.1962 902.5500 -2.5341 -4.5732 902.3500 4.2984 1.5760
903.1500 -0.6717 1.5157 903.5500 1.4550 -1.6933 903.3500 3.1418 -4.5324
904.1500 -2.7202 4.4414 904.5500 -4.3841 -2.5546 904.3500 3.7324 -2.1540
905.1500 -2.9563 2.3034 905.5500 -4.6365 0.5513 905.3500 3.1634 -1.1328
906.1500 -3.8183 3.9221 906.5500 0.5485 -1.6711 906.3500 -1.7399 4.7435
907.1500 -4.6604 2.0122 907.5500 -4.7158 -2.8760 907.3500 0.0744 0.9153
908.1500 1.6233 4.2490 908.5500 2.1606 0.4725 908.3500 0.4984 -2.9654
909.1500 1.9448 1.7802 909.5500 -0.2120 -4.6345 909.3500 0.2801 4.8590
910.1500 0.4620 -2.6808 910.5500 -4.4819 2.7717 910.3500 3.2975 -2.0897
911.1500 -3.7414 1.8721 911.5500 2.8804 -3.6929 911.3500 -1.8995 -4.1904
912.1500 1.6336 1.2253 912.5500 2.4153 -4.1222 912.3500 3.7949 1.6440
913.1500 -2.9706 -1.3083 913.5500 -2.9172 0.9289 913.3500 -2.7939 0.5296
914.1500 3.9655 -3.5299 914.5500 -0.6698 2.5090 914.3500 -4.0599 -3.5579
915.1500 -2.8569 -3.5608 915.5500 -0.7696 -3.2653 915.3500 1.0206 2.2888
916.1500 3.0713 3.4447 916.5500 -4.7022 1.4313 916.3500 -0.3439 0.7718
917.1500 2.1917 -1.6737 917.5500 -0.6841 1.3121 917.3500 1.1667 1.7436
918.1500 -2.6203 -1.4834 918.5500 3.6103 -4.0692 918.3500 -2.1906 -1.4538
919.1500 0.8481 -4.0547 919.5500 0.5902 0.2381 919.3500 3.4647 1.0302
920.1500 1.7460 -2.6328 920.5500 -4.8458 -4.5495 920.3500 -3.7792 -3.1024
921.1500 -2.6171 -2.5221 921.5500 4.1853 1.7305 921.3500 -4.6292 -0.6874
922.1500 1.4985 2.0656 922.5500 1.9891 -4.6330 922.3500 -1.6524 2.0174
923.1500 -3.6452 -3.9874 923.5500 -1.3910 -3.7536 923.3500 1.6053 -4.8216
924.1500 2.0144 3.8309 924.5500 -4.6042 -2.8824 924.3500 4.9431 1.4841
925.1500 -0.9217 3.3165 925.5500 -3.8738 -3.7281 925.3500 -1.3541 4.9078
926.1500 -0.7836 4.9802 926.5500 4.3939 3.1125 926.3500 -4.2265 -1.2000
927.1000 -0.5075 -0.0017 927.9000 -0.0090 0.0080 927.4000 0.4997 -0.0035
927.5000 -0.2975 -0.4933 927.5000 0.2967 -0.5084 927.5000 -0.0099 0.5012
928.1500 -3.8165 -2.7867 928.5500 3.4647 2.5115 928.3500 1.1955 -3.0149
929.1500 4.1426 -0.9289 929.5500 3.0354 -3.0680 929.3500 -1.9312 -1.6013
930.1500 -4.5746 -4.3807 930.5500 2.0604 -1.1493 930.3500 -0.7854 4.0933
931.1500 0.2047 0.3592 931.5500 4.0612 -3.8895 931.3500 4.3057 -0.5756
932.1500 1.6472 3.8021 932.5500 1.3696 -2.6634 932.3500 -3.0509 -3.9240
933.1500 4.7586 4.7151 933.5500 -2.1930 1.3373 933.3500 -2.7518 3.0350
934.1500 2.4082 -3.9850 934.5500 4.9975 -2.0078 934.3500 0.8668 1.6981
935.1500 -3.2396 2.3000 935.5500 -1.9330 -0.4971 935.3500 4.4592 3.1618
936.1500 0.9329 2.4554 936.5500 -3.8890 4.7322 936.3500 -4.9027 2.5421
937.1500 2.0542 -1.8653 937.5500 4.1621 1.7802 937.3500 4.0577 -4.3193
938.1500 3.5412 -2.7456 938.5500 4.8888 -3.5511 938.3500 -2.3132 2.4224
939.1500 2.7153 -0.2011 939.5500 3.5698 -4.7347 939.3500 -1.9893 4.3952
940.1000 -0.4968 -0.0024 940.9000 -0.0095 0.0023 940.4000 0.4940 0.0060
940.5000 -0.2969 -0.4968 940.5000 0.3030 -0.4947 940.5000 -0.0071 0.5056
941.1500 2.3440 -3.1080 941.5500 0.6047 4.9664 941.3500 -1.3562 4.7757
942.1500 -0.0923 1.9805 942.5500 2.5644 -2.6270 942.3500 2.2668 -0.0450
943.1500 -2.4720 -3.1606 943.5500 -3.0716 -0.1287 943.3500 -3.8769 2.0986
944.1000 -0.5074 0.0054 944.9000 0.0012 -0.0008 944.4000 0.5096 -0.0080
944.5000 -0.2903 -0.4999 944.5000 0.3044 -0.5019 944.5000 0.0068 0.5011
945.1500 -1.2315 -2.6324 945.5500 2.5853 -4.0275 945.3500 3.3025 2.1938
946.1000 -0.4929 0.0073 946.9000 0.0058 -0.0078 946.4000 0.5092 -0.0097
946.5000 -0.3094 -0.4906 946.5000 0.2916 -0.5065 946.5000 -0.0030 0.5002
947.1500 -2.9761 -2.1517 947.5500 -1.0245 -1.5472 947.3500 3.0168 -1.0391
948.1500 -3.6200 1.6557 948.5500 -4.4878 1.1709 948.3500 -1.1998 1.3563
949.1500 1.2435 -0.4197 949.5500 -3.0267 0.2927 949.3500 -1.8426 4.5555
950.1500 2.2607 -3.8246 950.5500 4.1123 -3.7869 950.3500 -2.3664 -1.5826
951.1500 1.1002 2.4315 951.5500 3.0831 -0.7809 951.3500 2.7020 -4.1152
952.1500 1.1368 2.6635 952.5500 -2.6764 -4.1653 952.3500 -3.2088 2.2418
953.1000 -0.5034 0.0052 953.9000 -0.0086 0.0046 953.4000 0.5013 -0.0068
953.5000 -0.2977 -0.4902 953.5000 0.2994 -0.5024 953.5000 0.0075 0.5029
954.1500 -4.3241 4.5593 954.5500 -3.5659 2.2410 954.3500 3.6145 4.4393
955.1500 1.5762 -4.4654 955.5500 2.8179 -4.0397 955.3500 -4.4811 4.3036
956.1000 -0.4928 -0.0057 956.9000 0.0041 -0.0012 956.4000 0.4979 0.0052
956.5000 -0.2956 -0.4997 956.5000 0.2991 -0.5084 956.5000 0.0096 0.4951
957.1500 3.3094 0.2511 957.5500 -0.2272 4.6824 957.3500 -2.3430 -4.5293
958.1500 -2.7953 -2.1216 958.5500 -2.3889 -0.1419 958.3500 2.0174 -2.8650
959.1500 -3.5260 -2.9619 959.5500 -4.8616 3.0173 959.3500 -2.3246 -1.8568
960.1500 1.5368 0.4404 960.5500 -3.5534 3.9067 960.3500 -2.7527 -2.9016
961.1500 -2.4251 -0.9721 961.5500 -4.6838 1.9801 961.3500 -1.5331 -1.1736
962.1000 -0.5038 0.0072 962.9000 0.0047 0.0017 962.4000 0.5041 -0.0048
962.5000 -0.2903 -0.4941 962.5000 0.3060 -0.5078 962.5000 0.0012 0.4967
963.1500 -1.3415 1.1907 963.5500 -0.4413 -2.2087 963.3500 -4.9198 1.8814
964.1500 -4.3649 3.8524 964.5500 -0.5705 -1.7384 964.3500 -3.5682 0.7429
965.1500 -1.8977 -0.7821 965.5500 1.8558 -3.2526 965.3500 3.1737 0.8506
966.1500 1.3541 3.7130 966.5500 2.8827 0.7911 966.3500 0.6196 3.7777
967.1500 -1.6508 4.3256 967.5500 1.2031 -1.4305 967.3500 -3.4094 1.3052
968.1500 -4.2180 -0.5677 968.5500 -0.8148 2.4291 968.3500 -2.2116 4.9675
969.1500 -0.7376 1.4757 969.5500 4.8990 2.2155 969.3500 -0.4766 1.5502
970.1500 -4.3143 -3.2276 970.5500 -3.3414 -0.9507 970.3500 1.0355 4.1379
971.1500 3.3349 3.1677 971.5500 -3.1277 -2.3825 971.3500 -2.3564 4.5374
972.1500 2.7447 -4.8747 972.5500 -4.6312 -0.5280 972.3500 -1.4034 -3.5256
973.1500 -3.7807 -1.7691 973.5500 3.6929 0.1136 973.3500 1.3414 -1.5213
974.1500 -0.5833 -4.7675 974.5500 -3.4592 1.0406 974.3500 2.1967 4.1644
975.1500 -4.1504 -0.1731 975.5500 -0.0169 -4.1928 975.3500 4.2984 3.6623
976.1500 -2.3924 -4.7611 976.5500 4.9432 -0.2476 976.3500 -1.8650 0.4859
977.1500 4.7784 0.0672 977.5500 -4.3458 -2.6782 977.3500 -3.9389 3.4561
978.1500 2.1951 -1.9419 978.5500 3.4937 1.6453 978.3500 -4.7983 -3.9400
979.1500 -3.4724 2.0606 979.5500 4.4523 -1.9842 979.3500 1.0086 1.5966
980.1500 3.8738 -2.1440 980.5500 2.0408 -3.5297 980.3500 3.2262 1.7266
981.1500 -1.4286 -1.4411 981.5500 3.9641 -0.8955 981.3500 -0.3467 -3.8725
982.1000 -0.5067 0.0083 982.9000 0.0008 0.0058 982.4000 0.4931 -0.0028
982.5000 -0.2990 -0.4962 982.5000 0.3090 -0.5061 982.5000 0.0078 0.5006
983.1500 3.0744 -2.2430 983.5500 0.7135 -0.4205 983.3500 -0.6771 3.3182
984.1500 0.2632 0.4272 984.5500 -2.7001 -0.7723 984.3500 0.8222 -1.6273
985.1000 -0.4913 -0.0078 985.9000 -0.0028 -0.0057 985.4000 0.4906 -0.0066
985.5000 -0.3029 -0.4976 985.5000 0.3075 -0.4960 985.5000 0.0089 0.4992
986.1500 1.1413 4.9314 986.5500 -3.7834 4.4948 986.3500 4.9932 3.1349
987.1500 4.5300 1.1210 987.5500 1.4353 -1.6753 987.3500 -3.9828 2.1712
988.1000 -0.5033 -0.0087 988.9000 0.0035 0.0029 988.4000 0.4943 0.0003
988.5000 -0.3042 -0.4913 988.5000 0.3006 -0.4991 988.5000 0.0076 0.4935
989.1000 -0.5053 0.0064 989.9000 -0.0034 0.0059 989.4000 0.5027 0.0088
989.5000 -0.3076 -0.5038 989.5000 0.3099 -0.4901 989.5000 -0.0058 0.4992
990.1500 0.2673 3.2624 990.5500 4.2632 1.5371 990.3500 2.4677 -2.6116
991.1500 -3.0574 4.3770 991.5500 2.8253 -3.6886 991.3500 -4.3374 -4.6329
992.1500 3.9004 4.5161 992.5500 -0.9418 4.7979 992.3500 2.1819 -0.0111
993.1500 -3.8342 -2.1836 993.5500 -2.2401 4.3760 993.3500 -0.9398 4.5586
994.1500 -3.9878 -4.5659 994.5500 3.7332 -0.4491 994.3500 1.8200 -4.6081
995.1000 -0.4962 0.0042 995.9000 -0.0050 -0.0051 995.4000 0.5081 0.0068
995.5000 -0.3053 -0.5036 995.5000 0.2993 -0.5093 995.5000 -0.0086 0.4912
996.1500 0.9932 -3.1929 996.5500 -3.4972 -1.8648 996.3500 -0.4050 -4.5537
997.1500 -0.7266 -4.3304 997.5500 -1.7018 -1.7357 997.3500 4.5034 -3.5781
998.1500 -3.7958 -4.7991 998.5500 -1.5804 -0.6954 998.3500 3.3531 -4.5998
999.1500 1.8432 -2.8633 999.5500 4.3459 -2.4393 999.3500 0.7077 4.5505
1000.1000 -0.4919 0.0022 1000.9000 0.0045 0.0063 1000.4000 0.5090 -0.0043
1000.5000 -0.2991 -0.4938 1000.5000 0.2971 -0.5041 1000.5000 -0.0059 0.5035
1001.1000 -0.5023 -0.0036 1001.9000 0.0021 -0.0023 1001.4000 0.4952 -0.0039
1001.5000 -0.3006 -0.4989 1001.5000 0.2994 -0.4949 1001.5000 0.0045 0.5024
1002.1500 2.5311 4.9077 1002.5500 0.8621 -1.4746 1002.3500 1.7451 4.9942
1003.1500 -4.3522 -0.6533 1003.5500 3.3678 -3.1738 1003.3500 2.7674 -0.3952
1004.1500 1.4800 -1.6468 1004.5500 -4.9584 -3.9835 1004.3500 3.6798 -3.2673
1005.1500 1.7949 -3.2897 1005.5500 4.2845 3.1526 1005.3500 -3.7135 4.4529
1006.1500 1.9615 0.6742 1006.5500 -3.3675 -0.8712 1006.3500 -4.8203 4.0402
1007.1500 0.4178 -3.6219 1007.5500 1.9233 3.5072 1007.3500 3.8398 -0.3210
1008.1500 -2.8949 -1.8833 1008.5500 3.6245 4.6190 1008.3500 -4.1346 3.9050
1009.1500 -1.0954 -1.6557 1009.5500 -4.9201 -2.7097 1009.3500 -4.4891 -1.1292
1010.1500 1.0637 -1.8759 1010.5500 -2.7283 -1.7660 1010.3500 -0.7865 -2.2062
1011.1500 1.6391 0.0272 1011.5500 -4.3741 4.4830 1011.3500 2.8426 -2.0474
1012.1500 -4.1868 -2.3320 1012.5500 3.3047 3.9556 1012.3500 -3.2337 1.0166
1013.1500 -4.4086 3.5566 1013.5500 -4.6324 -0.3942 1013.3500 2.6871 2.6512
1014.1500 3.0443 3.7482 1014.5500 -2.9411 -3.9092 1014.3500 4.8789 -3.8571
1015.1500 3.2218 0.2002 1015.5500 4.2747 2.4149 1015.3500 3.0629 0.3877
1016.1500 -4.9815 -4.8459 1016.5500 1.1813 -0.1078 1016.3500 4.4200 -4.3089
1017.1000 -0.5077 0.0068 1017.9000 -0.0011 -0.0056 1017.4000 0.5082 0.0019
1017.5000 -0.2947 -0.4989 1017.5000 0.2938 -0.4926 1017.5000 -0.0066 0.4959
1018.1500 0.4625 -2.3449 1018.5500 4.5709 0.0982 1018.3500 -0.6568 -3.6790
1019.1500 -2.2745 1.0791 1019.5500 1.9261 0.4611 1019.3500 -0.5698 -2.4873
1020.1500 1.5400 1.4811 1020.5500 2.6453 -4.5955 1020.3500 4.6202 -0.5878
1021.1500 -0.7787 2.9425 1021.5500 1.6185 -2.2293 1021.3500 -3.4862 4.3547
1022.1500 -1.2712 4.7879 1022.5500 3.5745 -2.5076 1022.3500 -0.4310 -4.6739
1023.1500 2.2064 -4.0631 1023.5500 2.2486 1.3189 1023.3500 -1.2158 4.2176
1024.1500 0.9262 1.3358 1024.5500 2.0471 -4.1205 1024.3500 -2.1214 -1.1240
1025.1500 0.8026 -3.1292 1025.5500 0.2461 1.6886 1025.3500 3.1480 -3.6967
1026.1500 -1.7812 3.5649 1026.5500 4.5134 4.6084 1026.3500 3.5926 -1.4286
1027.1500 -2.3520 0.9468 1027.5500 2.2206 -0.8808 1027.3500 1.1923 2.9737
1028.1500 -3.0117 -1.7387 1028.5500 -3.1823 0.5292 1028.3500 3.7241 -4.6080
1029.1500 -1.9132 4.7568 1029.5500 -2.7289 -3.1540 1029.3500 -0.1467 -1.6852
1030.1500 -1.8465 -2.3500 1030.5500 -0.1644 4.4466 1030.3500 1.2840 -2.9011
1031.1500 0.3197 4.8940 1031.5500 -0.5269 0.3755 1031.3500 -2.0814 -1.3767
1032.1500 3.5320 -0.3957 1032.5500 3.3271 -0.2104 1032.3500 -0.4153 -1.2265
1033.1500 1.2290 2.7518 1033.5500 1.7075 -4.2717 1033.3500 0.2906 0.9296
1034.1000 -0.5019 -0.0057 1034.9000 0.0005 -0.0029 1034.4000 0.5090 0.0053
1034.5000 -0.3019 -0.5067 1034.5000 0.2922 -0.4987 1034.5000 -0.0050 0.4971
1035.1500 3.4439 -1.2781 1035.5500 3.9540 -2.1831 1035.3500 -3.7904 1.6219
1036.1000 -0.4985 0.0054 1036.9000 -0.0050 0.0003 1036.4000 0.4979 0.0044
1036.5000 -0.3042 -0.4930 1036.5000 0.2923 -0.5037 1036.5000 -0.0011 0.5078
1037.1500 0.1263 -3.3087 1037.5500 -1.8067 2.0057 1037.3500 -4.6139 0.4666
1038.1500 -0.0561 -0.1026 1038.5500 0.2445 2.9406 1038.3500 3.2542 -4.1491
1039.1500 -3.2370 -2.5063 1039.5500 -1.2026 -1.5943 1039.3500 1.2614 -1.8105
1040.1500 -0.6589 1.9159 1040.5500 -2.8370 0.2480 1040.3500 2.9330 2.0982
1041.1000 -0.5045 -0.0032 1041.9000 0.0035 0.0075 1041.4000 0.4955 0.0063
1041.5000 -0.2932 -0.4955 1041.5000 0.3029 -0.5000 1041.5000 -0.0043 0.5003
1042.1500 -2.5823 -4.8635 1042.5500 -3.6439 -4.4269 1042.3500 -3.4145 -4.8151
1043.1500 2.7000 2.0039 1043.5500 3.2931 -0.0908 1043.3500 -2.3792 0.9758
1044.1500 1.4003 -4.2386 1044.5500 4.9170 -2.3050 1044.3500 3.6824 -1.7655
1045.1500 4.5372 0.4028 1045.5500 0.7277 -4.0446 1045.3500 3.3675 0.3236
1046.1500 4.7210 -2.0288 1046.5500 1.2780 4.0175 1046.3500 -2.1865 1.6803
1047.1500 3.8331 1.5681 1047.5500 -1.2385 4.8527 1047.3500 0.2735 -3.6127
1048.1500 3.0258 0.3845 1048.5500 0.6825 0.6604 1048.3500 0.8366 0.9078
1049.1500 2.2768 -3.3837 1049.5500 -4.0895 3.6614 1049.3500 2.3780 2.0191
1050.1000 -0.5015 0.0016 1050.9000 -0.0093 -0.0069 1050.4000 0.4962 -0.0013
1050.5000 -0.3070 -0.4935 1050.5000 0.3016 -0.5072 1050.5000 -0.0090 0.4922
1051.1500 -0.4782 -1.0254 1051.5500 0.6825 -1.1208 1051.3500 2.4446 4.1825
1052.1500 -0.0101 -0.2032 1052.5500 3.9249 1.2053 1052.3500 -4.1845 -1.3404
1053.1500 -0.5262 1.2221 1053.5500 -2.7238 -1.9183 1053.3500 3.5571 -2.1267
1054.1000 -0.4926 -0.0041 1054.9000 -0.0036 0.0053 1054.4000 0.5003 0.0060
1054.5000 -0.3091 -0.5074 1054.5000 0.3063 -0.4959 1054.5000 -0.0058 0.4953
1055.1500 0.7052 -3.6942 1055.5500 3.1587 -4.9015 1055.3500 -2.0038 -0.6560
1056.1000 -0.5077 0.0030 1056.9000 -0.0029 -0.0092 1056.4000 0.4947 -0.0026
1056.5000 -0.2952 -0.4910 1056.5000 0.2936 -0.5041 1056.5000 -0.0077 0.5013
1057.1500 2.7890 2.7747 1057.5500 -2.3718 4.7254 1057.3500 -1.3506 -2.5591
1058.1500 4.3932 3.8652 1058.5500 -1.4944 -0.5597 1058.3500 4.2930 -1.4216
1059.1500 -1.6785 -1.6703 1059.5500 -2.5855 1.4009 1059.3500 -1.2110 0.6354
1060.1500 1.6098 3.8764 1060.5500 3.3977 -1.2718 1060.3500 1.1846 1.5488
1061.1500 -4.0438 -2.0181 1061.5500 2.0161 -3.9340 1061.3500 1.8145 3.0834
1062.1000 -0.5021 -0.0035 1062.9000 -0.0013 -0.0043 1062.4000 0.5067 -0.0008
1062.5000 -0.3068 -0.4951 1062.5000 0.2958 -0.4928 1062.5000 -0.0027 0.5046
1063.1000 -0.4923 0.0045 1063.9000 0.0092 0.0033 1063.4000 0.5069 -0.0013
1063.5000 -0.2908 -0.4971 1063.5000 0.3020 -0.5022 1063.5000 0.0080 0.4939
1064.1500 -4.3212 0.1595 1064.5500 2.7059 4.5647 1064.3500 -4.6928 -3.7432
1065.1500 -2.9332 3.6229 1065.5500 0.8086 0.5522 1065.3500 -3.5647 -2.9557
1066.1500 -1.7640 2.0060 1066.5500 0.8886 -0.8247 1066.3500 -0.0929 -4.2714
1067.1500 0.7587 -2.3748 1067.5500 3.6298 2.4579 1067.3500 -4.6920 -4.5049
1068.1500 -3.1242 0.0904 1068.5500 4.7967 -4.7174 1068.3500 -1.8984 0.3819
1069.1500 -1.0346 -1.6525 1069.5500 1.4139 -4.1169 1069.3500 -2.7945 1.5143
1070.1000 -0.4922 -0.0036 1070.9000 0.0034 0.0084 1070.4000 0.5043 0.0070
1070.5000 -0.3097 -0.5094 1070.5000 0.2958 -0.5074 1070.5000 -0.0029 0.5067
1071.1500 1.1556 -4.6486 1071.5500 4.1695 0.3736 1071.3500 -3.0609 1.9248
1072.1500 3.0264 1.4260 1072.5500 4.1758 4.5274 1072.3500 0.9953 0.5342
1073.1500 -4.4581 4.4625 1073.5500 0.2190 -0.8581 1073.3500 3.6671 -1.2011
1074.1500 0.3557 -2.5598 1074.5500 -1.1027 -0.5585 1074.3500 -0.7967 2.9908
1075.1500 4.9078 -0.0864 1075.5500 -3.9923 2.9371 1075.3500 1.1867 1.4599
1076.1500 -3.7377 2.8180 1076.5500 0.9003 -1.0726 1076.3500 -4.9139 -0.7640
1077.1500 -2.7961 -0.5367 1077.5500 1.5682 -2.2529 1077.3500 -3.2811 4.3632
1078.1500 -3.1228 2.4536 1078.5500 -2.0381 -2.2347 1078.3500 2.8090 1.0241
1079.1500 -3.0148 1.6793 1079.5500 4.7642 -0.5535 1079.3500 -0.1879 4.6052
1080.1500 -2.2897 3.1009 1080.5500 4.2612 4.7475 1080.3500 -4.9227 -3.2337
1081.1500 -2.6665 3.6217 1081.5500 -4.0520 1.4280 1081.3500 1.2838 3.4757
1082.1000 -0.4960 0.0037 1082.9000 -0.0063 -0.0057 1082.4000 0.5007 -0.0042
1082.5000 -0.2929 -0.5024 1082.5000 0.2906 -0.5072 1082.5000 0.0045 0.5003
1083.1500 -1.3215 1.5430 1083.5500 -4.8594 3.3301 1083.3500 3.5081 -1.7070
1084.1500 -3.1693 -1.0348 1084.5500 1.5933 4.7354 1084.3500 0.6369 -2.0032
1085.1500 1.2945 -2.4607 1085.5500 4.7963 -1.5856 1085.3500 0.4673 4.3594
1086.1500 0.7108 -2.3822 1086.5500 -3.4067 -1.0758 1086.3500 4.4957 0.8282
1087.1500 -0.5086 1.3977 1087.5500 -3.9206 -4.9840 1087.3500 1.7031 4.8818
1088.1500 1.0943 -3.0133 1088.5500 1.9239 -1.4881 1088.3500 -0.5417 -2.8995
1089.1500 3.6537 -2.1728 1089.5500 2.5787 -4.1210 1089.3500 -2.9177 2.7841
1090.1500 1.5195 -0.7993 1090.5500 -2.0793 4.4625 1090.3500 -0.3131 -0.9688
1091.1500 -4.0022 3.1727 1091.5500 1.1542 4.9458 1091.3500 -3.2653 -3.0138
1092.1500 -1.2391 -1.1748 1092.5500 -0.3882 2.4646 1092.3500 -4.6122 -4.1202
1093.1500 -0.8780 -2.9609 1093.5500 1.3864 -2.5006 1093.3500 0.9168 -1.4807
1094.1500 0.8841 4.8708 1094.5500 3.3722 2.1096 1094.3500 -2.4460 -0.1336
1095.1000 -0.4919 0.0056 1095.9000 -0.0096 -0.0096 1095.4000 0.4989 0.0035
1095.5000 -0.3060 -0.4919 1095.5000 0.3027 -0.5030 1095.5000 0.0038 0.4932
1096.1500 -3.3162 -4.1839 1096.5500 -4.2572 -2.8943 1096.3500 0.9229 1.2370
1097.1500 1.5280 -0.4959 1097.5500 3.4442 0.0769 1097.3500 -1.3912 4.0706
1098.1500 -0.1948 3.7288 1098.5500 3.0799 0.8275 1098.3500 -2.5181 -3.7991
1099.1500 3.0193 4.0202 1099.5500 4.7582 0.4697 1099.3500 -2.5285 4.1772
1100.1500 -3.4800 2.5852 1100.5500 4.0098 1.9119 1100.3500 -1.2858 -4.4651
1101.1500 -4.4826 0.4921 1101.5500 3.3206 -3.6974 1101.3500 0.5524 -0.7213
1102.1500 4.8205 4.3367 1102.5500 -2.2210 -2.3788 1102.3500 3.3811 2.7506
1103.1500 2.5831 0.9107 1103.5500 -3.2369 0.3615 1103.3500 1.9590 -2.7370
1104.1500 -1.2541 4.9907 1104.5500 -0.7778 1.5172 1104.3500 0.6022 0.6284
1105.1000 -0.5059 0.0030 1105.9000 -0.0065 -0.0001 1105.4000 0.4999 -0.0066
1105.5000 -0.2960 -0.4909 1105.5000 0.3012 -0.5021 1105.5000 -0.0078 0.4921
1106.1500 2.6810 -0.3131 1106.5500 0.2507 3.8034 1106.3500 -2.9087 -4.4534
1107.1500 -1.3958 4.5877 1107.5500 1.9137 -0.1245 1107.3500 2.2123 3.1201
1108.1500 3.9425 4.8989 1108.5500 0.1508 -1.6147 1108.3500 4.1858 -0.3883
1109.1500 -4.9902 4.4184 1109.5500 0.3891 1.7680 1109.3500 3.7173 -1.8100
1110.1000 -0.5099 0.0003 1110.9000 0.0069 -0.0073 1110.4000 0.4956 -0.0054
1110.5000 -0.3055 -0.5092 1110.5000 0.2962 -0.5037 1110.5000 -0.0071 0.4973
1111.1500 3.3420 -3.9552 1111.5500 -3.6848 0.9477 1111.3500 -2.3307 -1.9128
1112.1500 2.9171 1.8493 1112.5500 3.6539 -0.1100 1112.3500 0.3952 -1.5871
1113.1500 3.9522 -2.3215 1113.5500 -2.8370 0.5632 1113.3500 4.5405 -3.1713
1114.1500 0.3769 -4.9719 1114.5500 2.3675 0.8143 1114.3500 -0.6948 -2.3625
1115.1500 -4.6816 1.9429 1115.5500 4.4952 4.4662 1115.3500 0.7487 4.5095
1116.1500 2.1441 4.8579 1116.5500 -3.5644 3.3228 1116.3500 -2.7227 4.4955
1117.1000 -0.4944 0.0015 1117.9000 -0.0013 -0.0035 1117.4000 0.5091 -0.0042
1117.5000 -0.2958 -0.5096 1117.5000 0.3019 -0.4992 1117.5000 0.0008 0.4971
1118.1500 2.2160 -2.0503 1118.5500 -1.4257 1.1561 1118.3500 4.6226 0.5875
1119.1500 0.8037 -3.0091 1119.5500 4.1967 -4.5720 1119.3500 -2.8229 -1.2689
1120.1500 2.6324 0.2410 1120.5500 -2.5076 -1.8400 1120.3500 1.3063 -2.0762
1121.1000 -0.4907 -0.0087 1121.9000 -0.0051 -0.0008 1121.4000 0.5085 -0.0012
1121.5000 -0.3024 -0.5099 1121.5000 0.2950 -0.4995 1121.5000 0.0021 0.4919
1122.1000 -0.5053 -0.0096 1122.9000 0.0011 -0.0012 1122.4000 0.5018 -0.0053
1122.5000 -0.2945 -0.4986 1122.5000 0.3044 -0.4959 1122.5000 0.0098 0.4938
1123.1500 2.1106 3.7101 1123.5500 2.7206 3.1886 1123.3500 -0.1113 0.6012
1124.1500 -2.1273 -1.6325 1124.5500 1.8891 -0.0159 1124.3500 -3.9835 2.2202
1125.1500 -1.4961 2.9129 1125.5500 0.7755 1.5687 1125.3500 -4.0485 -1.0033
1126.1000 -0.4908 -0.0043 1126.9000 0.0050 0.0051 1126.4000 0.4979 -0.0079
1126.5000 -0.3006 -0.4996 1126.5000 0.3069 -0.4996 1126.5000 -0.0045 0.5069
1127.1500 -0.8026 -3.1563 1127.5500 2.0222 4.3711 1127.3500 -1.9300 -1.7673
1128.1500 -4.2365 -0.5834 1128.5500 -3.3685 -4.6751 1128.3500 -4.0092 -2.1836
1129.1000 -0.5066 -0.0078 1129.9000 -0.0069 0.0055 1129.4000 0.5025 0.0097
1129.5000 -0.2952 -0.5080 1129.5000 0.2941 -0.4907 1129.5000 0.0090 0.5057
1130.1500 -4.5699 -1.4256 1130.5500 -3.0089 -2.9444 1130.3500 3.9645 4.6633
1131.1500 3.0685 -3.6192 1131.5500 0.7737 4.7867 1131.3500 -3.1112 -4.3180
1132.1000 -0.5050 -0.0023 1132.9000 -0.0029 -0.0099 1132.4000 0.5071 0.0069
1132.5000 -0.2969 -0.4980 1132.5000 0.2983 -0.4965 1132.5000 -0.0027 0.5047
1133.1500 -4.8088 3.8366 1133.5500 -1.2276 0.3624 1133.3500 -2.7646 3.0785
1134.1500 -0.7103 4.2598 1134.5500 2.8918 0.5557 1134.3500 2.2580 3.2332
1135.1500 3.4439 -2.4589 1135.5500 0.0215 4.3844 1135.3500 -3.8539 -0.8139
1136.1500 -0.0108 3.3755 1136.5500 4.0540 4.6625 1136.3500 3.0067 -0.1586
1137.1500 -1.8565 -0.7668 1137.5500 3.8681 4.3186 1137.3500 -2.2998 3.7153
1138.1500 -4.9163 0.3727 1138.5500 0.1770 1.8864 1138.3500 -1.1681 -3.4625
1139.1000 -0.4907 -0.0068 1139.9000 -0.0001 0.0096 1139.4000 0.4907 -0.0017
1139.5000 -0.3061 -0.5043 1139.5000 0.3074 -0.5045 1139.5000 -0.0010 0.5003
1140.1500 -0.2890 0.6747 1140.5500 -4.5959 -0.8975 1140.3500 -3.1036 3.4335
1141.1500 1.7602 3.4377 1141.5500 -2.2266 1.5117 1141.3500 -4.4045 1.2243
1142.1500 3.0455 1.1760 1142.5500 -4.4679 1.3420 1142.3500 -0.7718 3.2004
1143.1000 -0.4919 -0.0060 1143.9000 0.0044 0.0025 1143.4000 0.5045 -0.0054
1143.5000 -0.2958 -0.4965 1143.5000 0.2998 -0.5093 1143.5000 0.0049 0.5047
1144.1500 -3.7053 -1.8834 1144.5500 2.3351 2.8147 1144.3500 -3.6138 -4.3858
1145.1000 -0.5038 -0.0098 1145.9000 -0.0007 0.0023 1145.4000 0.4956 0.0020
1145.5000 -0.3069 -0.4949 1145.5000 0.3033 -0.4978 1145.5000 -0.0033 0.4935
1146.1000 -0.5050 0.0060 1146.9000 0.0066 -0.0081 1146.4000 0.5077 0.0023
1146.5000 -0.3016 -0.4964 1146.5000 0.2946 -0.5056 1146.5000 -0.0026 0.4960
1147.1500 -2.4172 4.2666 1147.5500 0.3571 -4.1845 1147.3500 -3.7565 2.6637
1148.1500 -4.4081 3.1839 1148.5500 -4.4342 0.1974 1148.3500 -3.2586 -2.2539
1149.1500 3.5747 2.7748 1149.5500 3.7179 4.4468 1149.3500 -4.8728 -3.5495
1150.1500 -3.5749 3.9904 1150.5500 3.8699 4.9647 1150.3500 2.3211 -2.4362
1151.1500 2.6805 3.7927 1151.5500 -1.3085 -0.8474 1151.3500 -1.8477 -1.9069
1152.1500 3.7217 1.5801 1152.5500 -3.1565 1.0996 1152.3500 4.2745 -2.6800
1153.1500 3.4887 -2.3680 1153.5500 1.8976 -1.7970 1153.3500 -2.3263 1.6115
1154.1500 -2.1025 2.0911 1154.5500 -1.0409 1.5102 1154.3500 1.7486 -3.2241
1155.1500 1.7336 1.7032 1155.5500 -4.3449 3.2597 1155.3500 -4.3030 -2.4901
1156.1500 1.8982 3.6578 1156.5500 0.3074 -1.9426 1156.3500 4.9279 4.2882
1157.1500 -1.9119 3.5207 1157.5500 -2.1905 -1.7342 1157.3500 -1.9928 -0.4433
1158.1500 -3.5480 2.6651 1158.5500 -0.9476 -1.3640 1158.3500 3.0012 1.8188
1159.1500 -1.4619 -4.6457 1159.5500 0.0791 2.0255 1159.3500 -4.5345 4.6926
1160.1500 4.5738 4.3445 1160.5500 1.0639 -2.5693 1160.3500 -2.7586 2.3326
1161.1500 1.6204 4.3316 1161.5500 -1.5986 -0.7964 1161.3500 -0.6683 4.6075
1162.1500 4.3922 2.2841 1162.5500 2.9150 -0.7653 1162.3500 1.0726 -3.3455
1163.1500 -4.4632 3.6410 1163.5500 -4.0369 -0.4588 1163.3500 1.8543 3.0950
1164.1500 0.1447 2.5193 1164.5500 -4.4573 -2.7851 1164.3500 1.9790 -2.1889
1165.1500 -0.7547 4.4793 1165.5500 0.2052 -0.3447 1165.3500 1.9022 4.8305
1166.1500 -4.8617 -2.6201 1166.5500 2.0043 -2.0130 1166.3500 0.8591 -3.9724
1167.1500 2.9765 1.0796 1167.5500 -4.6399 0.1602 1167.3500 3.9061 0.8656
1168.1500 0.7675 -4.2237 1168.5500 1.3243 3.9032 1168.3500 -1.6307 2.2636
1169.1500 -0.2139 -0.6155 1169.5500 -3.9447 -4.3597 1169.3500 -3.1681 0.6309
1170.1500 0.4108 -0.6680 1170.5500 0.7765 1.2502 1170.3500 -2.1256 2.9265
1171.1500 1.9247 2.8658 1171.5500 3.9378 -4.6747 1171.3500 1.6724 3.3123
1172.1000 -0.5042 -0.0005 1172.9000 -0.0083 -0.0072 1172.4000 0.4934 0.0048
1172.5000 -0.2926 -0.5059 1172.5000 0.3042 -0.4974 1172.5000 0.0075 0.5061
1173.1500 -0.2590 -4.1457 1173.5500 2.4072 -4.4041 1173.3500 -4.8753 1.4339
1174.1500 -3.1015 -2.7585 1174.5500 1.5658 0.0927 1174.3500 0.2111 -4.6633
1175.1500 -0.8411 -0.9569 1175.5500 -4.1268 3.7868 1175.3500 -4.7148 4.0163
1176.1500 2.4407 2.8212 1176.5500 -3.4415 -1.3572 1176.3500 2.2134 1.6512
1177.1500 -3.8439 2.2666 1177.5500 -1.2941 4.3746 1177.3500 -4.4140 2.4095
1178.1000 -0.4900 0.0009 1178.9000 0.0058 -0.0073 1178.4000 0.4907 -0.0021
1178.5000 -0.2917 -0.5015 1178.5000 0.3005 -0.4985 1178.5000 0.0084 0.4975
1179.1500 2.1803 -1.3756 1179.5500 -0.4910 1.6354 1179.3500 -1.5176 2.1899
1180.1500 -4.5491 0.9545 1180.5500 3.0872 1.0966 1180.3500 1.9696 -1.7617
1181.1500 2.2769 2.8330 1181.5500 4.5950 -4.0886 1181.3500 -2.4024 -2.2223
1182.1500 1.0877 0.6320 1182.5500 -4.9353 -1.3197 1182.3500 0.2348 -2.3174
1183.1500 -2.0209 4.1281 1183.5500 -0.6758 -4.8003 1183.3500 -4.1051 -3.0567
1184.1000 -0.5090 -0.0082 1184.9000 -0.0015 0.0017 1184.4000 0.4913 -0.0078
1184.5000 -0.3100 -0.5042 1184.5000 0.2922 -0.4920 1184.5000 0.0024 0.4938
1185.1500 -1.6460 -2.4183 1185.5500 -2.5079 1.5828 1185.3500 3.8025 4.4762
1186.1500 2.0988 4.5070 1186.5500 -3.3429 -3.4039 1186.3500 -0.3617 3.1187
1187.1500 -3.2791 -2.5998 1187.5500 -4.1137 -4.4415 1187.3500 2.0365 -3.7248
1188.1500 2.1325 3.4255 1188.5500 -0.2739 -1.9996 1188.3500 3.2264 -1.8941
1189.1500 4.0063 -0.1937 1189.5500 -2.8387 3.0424 1189.3500 -2.1822 3.6828
1190.1500 -3.6530 1.2157 1190.5500 3.9598 0.4708 1190.3500 -4.2607 -4.8868
1191.1000 -0.5055 -0.0045 1191.9000 0.0042 -0.0041 1191.4000 0.5005 0.0048
1191.5000 -0.3071 -0.4937 1191.5000 0.3022 -0.4906 1191.5000 0.0094 0.4925
1192.1500 4.7943 1.5561 1192.5500 -3.7913 -1.8604 1192.3500 0.2708 3.3818
1193.1500 -1.9450 -4.0112 1193.5500 3.5865 0.2803 1193.3500 3.2203 -2.7843
1194.1500 2.0143 -4.1436 1194.5500 -2.4916 -0.1330 1194.3500 -0.1141 1.4088
1195.1500 -3.7287 4.1848 1195.5500 -3.5879 -1.3973 1195.3500 4.2432 -4.6838
1196.1500 -0.0840 -3.1635 1196.5500 4.4551 -2.1164 1196.3500 -2.0047 -1.6392
1197.1500 2.9120 4.7844 1197.5500 -1.3576 0.9523 1197.3500 0.5655 0.4038
1198.1000 -0.5068 -0.0084 1198.9000 0.0050 -0.0015 1198.4000 0.5075 -0.0093
1198.5000 -0.3026 -0.5050 1198.5000 0.2992 -0.4900 1198.5000 0.0066 0.4968
1199.1500 4.4685 0.3631 1199.5500 0.3369 -3.7570 1199.3500 -3.1651 -1.1958
1200.1500 1.5088 -2.4563 1200.5500 3.0274 0.9706 1200.3500 -3.5466 4.5587
1201.1500 -4.8394 -2.4031 1201.5500 2.1543 -1.2933 1201.3500 0.7860 -0.7460
1202.1500 4.7704 4.3725 1202.5500 -1.0373 3.6299 1202.3500 -0.0388 1.4977
1203.1500 3.7954 2.0479 1203.5500 1.9698 -0.6796 1203.3500 -4.1576 3.6166
1204.1500 -2.1450 -2.6113 1204.5500 1.3314 2.0085 1204.3500 1.1346 -3.8480
1205.1500 4.4602 -2.7609 1205.5500 -3.9293 -1.9124 1205.3500 -1.2517 -4.3468
1206.1500 -4.4386 3.6595 1206.5500 -0.2646 -0.5795 1206.3500 3.3897 -2.7008
1207.1500 0.3222 -1.3400 1207.5500 2.9753 -0.7529 1207.3500 -0.6069 4.9490
1208.1500 -1.7561 0.6564 1208.5500 -2.0466 -1.5346 1208.3500 2.0648 -3.0113
1209.1500 -3.2027 -4.4654 1209.5500 3.5565 2.0754 1209.3500 1.1539 -0.9712
1210.1500 2.9183 -3.5260 1210.5500 3.9638 -4.9647 1210.3500 -2.4939 -1.2946
1211.1500 -2.3287 4.5839 1211.5500 4.4591 -2.7294 1211.3500 -1.5288 0.0134
1212.1500 4.5446 2.8253 1212.5500 0.2161 -3.1724 1212.3500 1.1628 3.2117
1213.1500 -0.5429 3.8055 1213.5500 3.4991 2.5508 1213.3500 2.6334 -0.4655
1214.1500 3.8012 -2.9340 1214.5500 4.9586 1.3548 1214.3500 2.1962 1.1847
1215.1500 -4.8643 -2.7985 1215.5500 -1.4612 -2.5654 1215.3500 4.3349 2.9463
1216.1500 -0.2418 4.8612 1216.5500 -0.6680 -2.1629 1216.3500 1.0720 -0.3840
1217.1500 3.5545 1.8766 1217.5500 -0.2058 3.2542 1217.3500 4.0813 -0.4321
1218.1500 4.6159 -0.8460 1218.5500 2.1505 0.5332 1218.3500 0.0411 -1.8099
1219.1500 3.5235 2.1246 1219.5500 -2.1879 4.3924 1219.3500 -4.0817 3.2161
1220.1000 -0.5065 -0.0026 1220.9000 0.0064 0.0052 1220.4000 0.5045 -0.0051
1220.5000 -0.3064 -0.5001 1220.5000 0.3088 -0.5093 1220.5000 -0.0024 0.5016
1221.1500 -0.4187 1.9903 1221.5500 -2.8440 -4.7405 1221.3500 3.4321 -0.6087
1222.1500 -4.3183 4.8632 1222.5500 -2.2507 0.7671 1222.3500 4.9257 4.9078
1223.1500 -3.9312 -4.8131 1223.5500 3.2526 -1.0614 1223.3500 2.5421 -3.7261
1224.1500 4.7753 2.9901 1224.5500 4.5965 1.0759 1224.3500 1.9837 -4.4896
1225.1000 -0.4989 0.0002 1225.9000 0.0004 -0.0039 1225.4000 0.4967 0.0013
1225.5000 -0.3095 -0.4978 1225.5000 0.3093 -0.4983 1225.5000 0.0032 0.5034
1226.1000 -0.4959 -0.0029 1226.9000 -0.0036 -0.0042 1226.4000 0.5058 -0.0045
1226.5000 -0.2952 -0.4978 1226.5000 0.2941 -0.5020 1226.5000 0.0079 0.5018
1227.1500 -0.5167 -0.8764 1227.5500 3.6365 -4.9379 1227.3500 3.3190 0.2115
1228.1500 4.9279 -1.0608 1228.5500 -0.1145 4.5861 1228.3500 3.8731 2.4215
1229.1500 1.8898 -2.9528 1229.5500 3.8172 2.1557 1229.3500 -1.5198 2.0975
1230.1500 -3.5881 1.6617 1230.5500 -2.8661 2.2331 1230.3500 -3.3048 4.5220
1231.1500 -3.3155 -1.9299 1231.5500 0.5248 -3.0425 1231.3500 2.3229 -1.1648
1232.1500 -0.2005 3.9667 1232.5500 -0.9455 -4.4485 1232.3500 -3.8299 -4.4580
1233.1500 2.4036 4.2901 1233.5500 2.7578 1.8925 1233.3500 2.1142 1.7772
1234.1500 -4.1108 1.0555 1234.5500 -3.2220 -4.0580 1234.3500 4.8276 -4.2532
1235.1500 -1.6132 3.3687 1235.5500 3.7325 0.3103 1235.3500 2.0585 2.9660
1236.1000 -0.4912 0.0006 1236.9000 0.0087 -0.0020 1236.4000 0.5051 -0.0068
1236.5000 -0.3099 -0.5051 1236.5000 0.3095 -0.4910 1236.5000 0.0066 0.5048
1237.1500 1.4604 1.3377 1237.5500 -4.2838 -3.1460 1237.3500 -0.4508 3.3226
1238.1500 -3.0305 0.5125 1238.5500 1.8882 0.6254 1238.3500 -0.4222 -1.4865
1239.1500 0.2879 -4.1337 1239.5500 -2.2008 3.9318 1239.3500 -0.5330 -2.5798
1240.1500 -0.4900 0.3313 1240.5500 -3.1269 3.1626 1240.3500 -1.2764 -3.5043
1241.1500 0.4082 -2.8554 1241.5500 4.0834 2.5196 1241.3500 0.4347 3.6907
1242.1500 4.3296 2.9239 1242.5500 -3.4738 2.2768 1242.3500 -3.1050 -2.7656
1243.1500 -3.0421 3.2237 1243.5500 -1.1242 -2.2706 1243.3500 -3.6601 3.1291
1244.1500 -2.9827 0.4472 1244.5500 -0.7925 2.5219 1244.3500 4.6968 -4.7688
1245.1500 -2.1364 3.8133 1245.5500 0.5394 -2.5466 1245.3500 2.1734 3.6974
1246.1500 2.4196 -4.4713 1246.5500 -3.3340 -3.6732 1246.3500 -3.7991 -1.8676
1247.1500 1.8228 2.5526 1247.5500 -0.7388 -2.8804 1247.3500 1.1135 0.7232
1248.1000 -0.4971 -0.0031 1248.9000 0.0090 0.0013 1248.4000 0.4905 0.0073
1248.5000 -0.3088 -0.5045 1248.5000 0.3083 -0.4937 1248.5000 0.0026 0.5097
1249.1500 -1.4650 1.0277 1249.5500 -0.1885 1.0255 1249.3500 0.6375 -0.7564
1250.1500 -0.6115 1.5113 1250.5500 2.0397 2.1907 1250.3500 -4.9066 4.7836
1251.1500 3.1108 -1.5954 1251.5500 -2.9934 -3.6037 1251.3500 2.3418 -4.7152
1252.1500 -4.2054 -4.2665 1252.5500 -1.7764 -2.2474 1252.3500 1.2052 -2.5187
1253.1500 -1.0754 -3.0504 1253.5500 -2.2643 -2.4549 1253.3500 -2.1217 -3.9971
1254.1500 2.9525 2.1409 1254.5500 -4.9008 -1.2330 1254.3500 0.1953 -4.2984
1255.1500 -4.2059 -0.2287 1255.5500 2.5457 3.9321 1255.3500 2.5911 -4.7326
1256.1500 4.0387 0.7886 1256.5500 4.9397 -0.6958 1256.3500 -4.1825 0.0110
1257.1500 2.5894 -0.7776 1257.5500 0.3033 3.7388 1257.3500 2.7883 -2.3132
1258.1500 -1.1246 4.7145 1258.5500 2.8574 4.5887 1258.3500 0.1658 -4.1824
1259.1500 4.4862 1.7802 1259.5500 3.3428 0.4910 1259.3500 3.7913 -3.2409
1260.1000 -0.4944 -0.0100 1260.9000 0.0047 -0.0051 1260.4000 0.5087 0.0050
1260.5000 -0.2901 -0.4955 1260.5000 0.2992 -0.4987 1260.5000 -0.0061 0.4938
1261.1500 3.3094 -1.5381 1261.5500 -2.6316 4.3739 1261.3500 -1.4409 2.8713
1262.1500 -2.9192 3.0508 1262.5500 -0.6424 2.1018 1262.3500 -1.1583 -3.2236
1263.1500 1.1324 3.9466 1263.5500 -0.0621 3.6986 1263.3500 -4.0399 3.1693
1264.1500 -2.9949 3.2770 1264.5500 -4.7991 4.1184 1264.3500 -0.0148 -4.4675
1265.1500 0.0113 3.6389 1265.5500 -3.2211 0.3817 1265.3500 -4.1578 -1.0401
1266.1500 -2.3079 2.4181 1266.5500 1.1153 -2.9834 1266.3500 -2.9231 4.0920
1267.1500 1.2589 1.0406 1267.5500 3.0191 1.6960 1267.3500 0.4954 -2.3501
1268.1000 -0.5068 -0.0059 1268.9000 0.0060 -0.0023 1268.4000 0.4977 -0.0027
1268.5000 -0.3044 -0.4986 1268.5000 0.2975 -0.4962 1268.5000 -0.0086 0.4932
1269.1500 -3.5994 -4.7704 1269.5500 -1.9657 -2.1128 1269.3500 2.0052 2.3320
1270.1500 3.4945 4.8388 1270.5500 -4.9601 4.6418 1270.3500 -4.5505 -3.9697
1271.1500 0.1669 1.5804 1271.5500 2.5961 -4.5148 1271.3500 2.5371 -3.0644
1272.1500 1.2570 -0.1769 1272.5500 -0.8556 2.8793 1272.3500 0.0434 0.3880
1273.1500 0.3619 2.3678 1273.5500 -2.2073 -0.5888 1273.3500 -3.9524 -1.2058
1274.1500 4.5572 -4.6665 1274.5500 1.5468 -3.9372 1274.3500 1.9244 4.7430
1275.1500 2.2497 -3.0491 1275.5500 -0.2966 0.4392 1275.3500 3.6631 0.2000
1276.1500 -4.3585 2.4944 1276.5500 -0.5523 2.5838 1276.3500 1.1219 -3.1417
1277.1500 3.1377 3.2840 1277.5500 2.1823 2.4801 1277.3500 3.8282 -0.1585
1278.1500 -4.1908 0.1965 1278.5500 1.6297 3.8080 1278.3500 -0.4845 -4.4133
1279.1500 3.1759 -4.3506 1279.5500 0.6575 -2.5910 1279.3500 0.8201 1.6149
1280.1500 0.3822 3.5821 1280.5500 -4.3175 2.5706 1280.3500 -1.8571 1.0257
1281.1500 -0.5867 4.2477 1281.5500 0.7795 -2.3933 1281.3500 1.9163 3.5897
1282.1000 -0.4999 0.0065 1282.9000 0.0060 -0.0057 1282.4000 0.5031 0.0027
1282.5000 -0.3082 -0.4927 1282.5000 0.2990 -0.5038 1282.5000 0.0048 0.5068
1283.1500 2.9860 2.6289 1283.5500 3.0900 -2.1313 1283.3500 -3.0489 -2.4621
1284.1500 -2.5469 3.1685 1284.5500 1.5561 3.1641 1284.3500 0.3007 -0.5580
1285.1500 -2.9661 -3.8941 1285.5500 2.1516 -0.5789 1285.3500 1.1797 4.9766
1286.1500 0.1622 -1.3935 1286.5500 2.0194 -3.8764 1286.3500 -4.2736 2.6379
1287.1500 -1.5988 1.8330 1287.5500 -2.6348 -0.5073 1287.3500 -2.6566 3.0132
1288.1500 4.4321 2.3104 1288.5500 1.3913 -3.3859 1288.3500 -2.9160 1.6364
1289.1500 2.5931 -0.1110 1289.5500 -1.3432 -1.4810 1289.3500 -2.5017 -3.2909
1290.1000 -0.4915 0.0009 1290.9000 0.0076 0.0007 1290.4000 0.5002 -0.0067
1290.5000 -0.3037 -0.4914 1290.5000 0.3052 -0.5063 1290.5000 0.0084 0.5073
1291.1000 -0.4931 -0.0089 1291.9000 0.0057 0.0048 1291.4000 0.5009 -0.0043
1291.5000 -0.2967 -0.4994 1291.5000 0.2906 -0.5007 1291.5000 -0.0008 0.5005
1292.1500 -1.0786 2.7064 1292.5500 3.3159 -0.6097 1292.3500 -3.3112 1.3743
1293.1500 0.8964 1.9533 1293.5500 1.8671 -0.4670 1293.3500 4.6991 3.8374
1294.1500 4.7307 1.4622 1294.5500 4.3957 2.1635 1294.3500 2.8724 -2.6374
1295.1500 1.4967 4.6578 1295.5500 1.8296 -4.0020 1295.3500 4.6616 -2.6205
1296.1500 3.6996 2.4870 1296.5500 2.5556 2.7201 1296.3500 -1.9105 1.5047
1297.1000 -0.4939 -0.0077 1297.9000 0.0098 0.0034 1297.4000 0.4980 -0.0031
1297.5000 -0.3014 -0.5055 1297.5000 0.3008 -0.5000 1297.5000 -0.0070 0.5036
1298.1500 -4.0617 4.2627 1298.5500 -1.0849 -0.3451 1298.3500 0.4704 0.4369
1299.1500 4.0972 3.2933 1299.5500 2.9715 2.4233 1299.3500 -0.1673 -0.2341
1300.1500 -3.4694 4.1430 1300.5500 -1.1648 -1.3343 1300.3500 -1.3281 -1.0354
1301.1500 -3.2556 0.4491 1301.5500 1.1988 3.4831 1301.3500 -4.2767 -4.2964
1302.1500 4.7472 2.6400 1302.5500 -3.1470 -4.5811 1302.3500 -1.1477 -1.8752
1303.1500 3.1029 -4.1056 1303.5500 1.1933 -0.6259 1303.3500 -1.7999 2.3393
1304.1500 -0.8940 -4.1871 1304.5500 2.0252 -0.0810 1304.3500 0.8784 2.8205
1305.1500 1.7885 1.1319 1305.5500 2.5976 -0.1712 1305.3500 -4.2132 1.9212
1306.1500 -2.6740 2.2041 1306.5500 1.9561 0.5592 1306.3500 -4.5507 0.9511
1307.1500 1.5945 -1.1899 1307.5500 -1.6611 3.3635 1307.3500 2.7663 -0.2001
1308.1500 -0.0444 2.5381 1308.5500 -4.5634 -1.7571 1308.3500 -3.9714 1.9803
1309.1000 -0.5024 0.0022 1309.9000 0.0017 -0.0006 1309.4000 0.4931 -0.0090
1309.5000 -0.2991 -0.4964 1309.5000 0.3067 -0.5048 1309.5000 -0.0061 0.4934
1310.1000 -0.4977 -0.0050 1310.9000 0.0019 -0.0096 1310.4000 0.4953 -0.0094
1310.5000 -0.3001 -0.5075 1310.5000 0.2959 -0.5005 1310.5000 -0.0030 0.5069
1311.1500 -2.2122 -1.5370 1311.5500 -4.1806 -0.3824 1311.3500 -4.4646 3.9634
1312.1500 -2.9816 0.4036 1312.5500 4.4751 2.8752 1312.3500 2.6358 2.4928
1313.1500 -3.0550 -0.2047 1313.5500 -2.6368 -1.7022 1313.3500 -3.2845 2.0183
1314.1500 -1.1447 1.3271 1314.5500 -4.0055 2.3890 1314.3500 -4.6525 -4.9406
1315.1000 -0.4907 0.0056 1315.9000 -0.0005 -0.0068 1315.4000 0.4930 0.0078
1315.5000 -0.2904 -0.4915 1315.5000 0.3074 -0.5019 1315.5000 0.0092 0.4944
1316.1500 0.0560 -3.1133 1316.5500 1.7015 -4.9092 1316.3500 -2.1522 -1.6994
1317.1500 -4.5841 -0.6132 1317.5500 4.1695 1.6402 1317.3500 -3.9551 -1.3582
1318.1500 -4.4934 -1.1963 1318.5500 -0.6834 -2.0350 1318.3500 0.8328 2.2967
1319.1500 1.9786 2.9707 1319.5500 -2.7647 -0.0295 1319.3500 3.4769 -1.6693
1320.1500 3.8455 -4.6190 1320.5500 0.1199 3.1217 1320.3500 -4.6009 -0.8600
1321.1000 -0.4959 -0.0085 1321.9000 0.0042 0.0036 1321.4000 0.4983 -0.0065
1321.5000 -0.3022 -0.5078 1321.5000 0.2947 -0.4900 1321.5000 0.0033 0.4912
1322.1000 -0.5081 0.0034 1322.9000 0.0030 0.0066 1322.4000 0.4901 0.0059
1322.5000 -0.2907 -0.4954 1322.5000 0.3089 -0.4918 1322.5000 0.0017 0.5047
1323.1500 4.8566 2.2852 1323.5500 -1.4056 4.2157 1323.3500 1.2681 -3.9814
1324.1000 -0.5003 -0.0013 1324.9000 0.0044 -0.0079 1324.4000 0.5092 0.0054
1324.5000 -0.3028 -0.5085 1324.5000 0.2939 -0.5037 1324.5000 0.0040 0.4974
1325.1500 -2.7229 -2.8694 1325.5500 0.2501 1.0340 1325.3500 3.5469 -0.0254
1326.1500 0.9530 -3.5398 1326.5500 0.3730 -3.3603 1326.3500 -2.7297 4.0559
1327.1500 3.0456 -1.3775 1327.5500 3.8226 -0.8310 1327.3500 -3.1791 4.3483
1328.1500 -0.4529 3.8841 1328.5500 -4.0924 4.3513 1328.3500 3.8024 1.0050
1329.1500 -3.9197 4.0485 1329.5500 -4.0064 -3.9760 1329.3500 -2.7140 2.6274
1330.1500 2.7271 0.5612 1330.5500 4.3701 2.7996 1330.3500 -3.8515 -0.9042
1331.1500 -0.3247 -3.5280 1331.5500 1.5450 -4.0271 1331.3500 -4.8338 0.8993
1332.1500 2.7153 3.7223 1332.5500 3.9287 -2.3764 1332.3500 0.6249 -1.6842
1333.1500 3.1185 -0.1788 1333.5500 4.2489 -3.6293 1333.3500 2.5848 -4.4748
1334.1000 -0.4979 0.0082 1334.9000 -0.0029 -0.0042 1334.4000 0.4966 -0.0093
1334.5000 -0.2906 -0.4936 1334.5000 0.3091 -0.5052 1334.5000 0.0066 0.4911
1335.1500 -1.2172 -0.1785 1335.5500 -0.4011 4.4487 1335.3500 4.3616 3.2954
1336.1500 -0.1969 2.3096 1336.5500 2.9194 -1.0456 1336.3500 1.5310 -3.5216
1337.1500 2.1749 1.2846 1337.5500 4.4440 1.6846 1337.3500 -4.5847 -0.0633
1338.1500 -2.7197 -0.5091 1338.5500 4.2068 -3.4377 1338.3500 1.6813 -4.8417
1339.1500 -3.6931 2.7191 1339.5500 -2.8944 -4.9020 1339.3500 -2.1685 -3.7759
1340.1500 3.7277 3.8552 1340.5500 3.0109 0.8767 1340.3500 1.9811 3.4403
1341.1500 4.9933 1.2113 1341.5500 4.4404 1.2525 1341.3500 -1.5405 -1.2646
1342.1500 -3.2465 2.4323 1342.5500 -0.3923 -1.7707 1342.3500 -3.4994 4.9013
1343.1500 3.4183 -3.2780 1343.5500 -0.1782 1.5137 1343.3500 3.1600 -1.4952
1344.1000 -0.5045 0.0085 1344.9000 0.0091 0.0052 1344.4000 0.4943 0.0039
1344.5000 -0.3054 -0.4922 1344.5000 0.2977 -0.5061 1344.5000 0.0053 0.5065
1345.1500 2.6220 -1.9519 1345.5500 -1.0500 4.4746 1345.3500 -4.5081 4.4199
1346.1500 1.3765 -2.7110 1346.5500 -4.4317 1.1650 1346.3500 -1.0656 0.6202
1347.1500 0.3167 -2.7385 1347.5500 0.0282 -2.4822 1347.3500 -4.6671 0.6263
1348.1500 4.8533 0.9576 1348.5500 1.7233 1.3189 1348.3500 -0.7482 3.7754
1349.1500 3.1598 -1.1102 1349.5500 -3.4024 4.5284 1349.3500 3.1284 1.1427
1350.1500 3.0242 1.0210 1350.5500 1.5704 -1.8845 1350.3500 4.7102 1.8914
1351.1500 2.3889 3.6238 1351.5500 2.9984 -4.9078 1351.3500 -3.7628 -2.9901
1352.1500 -0.2805 4.1616 1352.5500 3.8902 -1.0731 1352.3500 3.8741 -1.6583
1353.1000 -0.4984 0.0016 1353.9000 0.0031 -0.0038 1353.4000 0.4988 0.0058
1353.5000 -0.3075 -0.4989 1353.5000 0.3091 -0.4942 1353.5000 0.0032 0.5093
1354.1500 -0.6091 -1.7121 1354.5500 -4.7087 -4.2848 1354.3500 0.4876 3.1711
1355.1500 1.6790 0.3059 1355.5500 -0.5776 3.0894 1355.3500 2.7280 3.8148
1356.1500 -4.1390 -3.5193 1356.5500 -4.3372 2.5676 1356.3500 0.1166 -1.8275
1357.1500 1.1111 -0.2386 1357.5500 -4.8050 0.7866 1357.3500 -2.8146 -1.0605
1358.1000 -0.4929 0.0031 1358.9000 -0.0055 -0.0049 1358.4000 0.5059 0.0018
1358.5000 -0.3070 -0.5019 1358.5000 0.3038 -0.5045 1358.5000 -0.0081 0.4919
1359.1500 3.9787 -3.3208 1359.5500 -0.5512 -3.8563 1359.3500 2.2900 3.1392
1360.1500 0.8726 -1.3816 1360.5500 0.0012 -3.0318 1360.3500 -1.7087 -4.5366
1361.1500 3.5773 -3.7320 1361.5500 2.5342 2.4905 1361.3500 0.9044 -1.9863
1362.1000 -0.4920 0.0030 1362.9000 -0.0042 -0.0020 1362.4000 0.5049 -0.0089
1362.5000 -0.3079 -0.4963 1362.5000 0.3037 -0.5044 1362.5000 -0.0010 0.5095
1363.1500 -4.5445 -3.8099 1363.5500 4.1404 4.7681 1363.3500 4.7526 -1.5208
1364.1500 -4.6625 -4.6296 1364.5500 1.1797 3.7177 1364.3500 2.7062 -3.8507
1365.1500 -1.1929 1.5577 1365.5500 -0.1053 2.7159 1365.3500 2.0809 -0.2405
1366.1500 -3.4762 4.2645 1366.5500 -3.0790 -2.9258 1366.3500 4.4687 3.0703
1367.1500 0.7048 2.6169 1367.5500 -1.0570 -0.8341 1367.3500 3.4324 1.6032
1368.1000 -0.5007 0.0005 1368.9000 -0.0099 0.0025 1368.4000 0.5056 0.0071
1368.5000 -0.2905 -0.5046 1368.5000 0.2961 -0.5076 1368.5000 -0.0064 0.4960
1369.1500 1.7076 3.3120 1369.5500 1.2524 1.4591 1369.3500 -0.5433 -3.5447
1370.1000 -0.5027 -0.0016 1370.9000 0.0014 -0.0032 1370.4000 0.4967 0.0072
1370.5000 -0.2914 -0.4956 1370.5000 0.3010 -0.5077 1370.5000 -0.0068 0.4998
1371.1500 -0.4027 -4.2402 1371.5500 3.5215 4.4953 1371.3500 -4.9964 1.1928
1372.1500 -1.6133 -0.2804 1372.5500 2.4575 2.4024 1372.3500 3.3334 0.0713
1373.1000 -0.5005 -0.0093 1373.9000 0.0059 -0.0015 1373.4000 0.4991 0.0052
1373.5000 -0.3009 -0.5047 1373.5000 0.3095 -0.4942 1373.5000 0.0023 0.5050
1374.1500 1.9893 -3.4505 1374.5500 -2.7608 1.9640 1374.3500 -4.2367 -1.4605
1375.1500 -2.6146 -2.6014 1375.5500 0.6522 1.1212 1375.3500 1.7375 -2.3659
1376.1500 1.7840 2.4763 1376.5500 0.1722 -2.7843 1376.3500 3.2484 4.5582
1377.1500 1.7814 4.2305 1377.5500 -2.0957 0.5883 1377.3500 -3.6415 -0.9909
1378.1500 -1.0260 3.9892 1378.5500 1.6509 -0.0815 1378.3500 -3.5471 4.6768
1379.1500 2.4170 3.5833 1379.5500 -0.0864 1.3713 1379.3500 1.3683 3.5400
1380.1500 0.3760 2.7297 1380.5500 -0.7520 -3.1758 1380.3500 4.4641 -2.5581
1381.1500 -0.9379 -1.3848 1381.5500 0.6714 3.2321 1381.3500 0.0643 4.4404
1382.1000 -0.4985 0.0060 1382.9000 0.0059 0.0098 1382.4000 0.5096 0.0054
1382.5000 -0.2942 -0.5053 1382.5000 0.3098 -0.4922 1382.5000 -0.0019 0.4988
1383.1500 2.0007 -0.2981 1383.5500 1.7103 -2.6481 1383.3500 -4.2405 0.5718
1384.1500 -4.1404 -4.8993 1384.5500 3.5441 -1.9763 1384.3500 -2.1754 -2.0866
1385.1500 2.2363 4.5787 1385.5500 -3.1098 -1.9234 1385.3500 -3.7909 -4.3650
1386.1500 -1.0712 1.5231 1386.5500 -0.1552 -4.4525 1386.3500 0.3280 -3.4643
1387.1500 1.2128 3.3018 1387.5500 -1.8727 0.9246 1387.3500 -1.6123 1.7469
1388.1000 -0.5055 0.0005 1388.9000 0.0042 0.0019 1388.4000 0.4935 -0.0014
1388.5000 -0.2965 -0.4989 1388.5000 0.2996 -0.5046 1388.5000 0.0096 0.4938
1389.1500 2.6812 -2.9826 1389.5500 1.5415 1.9894 1389.3500 0.1023 -2.6433
1390.1500 1.5043 1.7026 1390.5500 -2.8278 -2.6743 1390.3500 -1.0005 1.2637
1391.1500 -2.1121 1.5541 1391.5500 -3.1198 1.1784 1391.3500 -3.4102 -0.0126
1392.1500 -0.7680 -0.7710 1392.5500 -1.7553 2.2329 1392.3500 2.0330 0.3014
1393.1500 1.9939 2.8421 1393.5500 1.8845 3.9707 1393.3500 2.3744 2.0668
1394.1500 -4.3162 -1.0603 1394.5500 4.1759 -0.8651 1394.3500 0.3531 0.1270
1395.1500 3.0019 2.6345 1395.5500 4.2752 -2.4862 1395.3500 4.5067 4.4823
1396.1500 1.6392 -1.4686 1396.5500 -4.5533 -1.6910 1396.3500 -2.4639 -1.1611
1397.1500 -2.4867 3.5196 1397.5500 -1.5911 -2.7037 1397.3500 -0.7745 1.5926
1398.1500 3.3609 3.9260 1398.5500 -4.9248 -2.3889 1398.3500 -1.3436 -0.0113
1399.1500 -3.4268 0.6149 1399.5500 1.3176 -0.8439 1399.3500 3.2837 -4.1356
1400.1500 2.3821 -0.1478 1400.5500 -2.0775 4.2492 1400.3500 -1.6144 -2.2897
1401.1500 -0.1912 -1.0466 1401.5500 3.6826 -3.3931 1401.3500 -3.6891 3.7537
1402.1500 4.1896 -4.6271 1402.5500 -0.8749 -1.7625 1402.3500 2.1917 -3.3909
1403.1500 4.1506 4.8028 1403.5500 -0.6866 2.3369 1403.3500 1.6633 3.9058
1404.1500 -3.8907 0.6511 1404.5500 4.5564 3.7076 1404.3500 -1.3262 -4.4124
1405.1000 -0.5073 0.0063 1405.9000 0.0034 0.0079 1405.4000 0.5024 -0.0027
1405.5000 -0.3086 -0.5045 1405.5000 0.3094 -0.4953 1405.5000 0.0005 0.4976
1406.1500 -3.9164 4.7855 1406.5500 -0.0709 -1.8472 1406.3500 4.9707 -3.7805
1407.1000 -0.4963 0.0043 1407.9000 0.0064 0.0097 1407.4000 0.4913 0.0070
1407.5000 -0.3012 -0.5087 1407.5000 0.3044 -0.5065 1407.5000 -0.0044 0.5066
1408.1500 3.5596 -0.2411 1408.5500 4.6291 2.3405 1408.3500 4.6718 1.9694
1409.1500 -1.3228 -3.1090 1409.5500 -0.5886 -1.4491 1409.3500 -2.3069 -1.3690
1410.1500 -2.9717 -3.7546 1410.5500 -1.0610 -2.5319 1410.3500 -0.4559 -2.7444
1411.1500 2.2133 0.5758 1411.5500 1.3429 3.0115 1411.3500 0.1183 3.8229
1412.1500 0.1560 1.1796 1412.5500 -3.5093 -3.2897 1412.3500 3.6113 3.6978
1413.1000 -0.5065 0.0041 1413.9000 0.0041 -0.0098 1413.4000 0.4912 -0.0024
1413.5000 -0.2985 -0.4984 1413.5000 0.3076 -0.5040 1413.5000 0.0019 0.5082
1414.1500 3.2944 2.3917 1414.5500 2.2804 -0.8592 1414.3500 -2.7445 -4.2206
1415.1500 -3.7161 4.6972 1415.5500 -0.4536 4.3538 1415.3500 3.7588 -4.3114
1416.1500 2.3525 0.1015 1416.5500 1.0144 -1.8075 1416.3500 4.2960 -2.2474
1417.1500 -3.2086 0.2052 1417.5500 4.9124 1.3636 1417.3500 -3.6921 -0.2349
1418.1500 1.9361 0.9995 1418.5500 3.9518 -0.7272 1418.3500 -2.6441 4.2286
1419.1500 3.3712 -1.0074 1419.5500 0.4983 -2.9756 1419.3500 -2.8865 -3.8734
1420.1500 -1.9122 -1.5806 1420.5500 -4.5254 -2.2602 1420.3500 -0.4975 -4.7476
1421.1500 3.9238 -4.0052 1421.5500 -3.9867 0.0622 1421.3500 1.2050 -3.0788
1422.1500 -4.8926 -3.3266 1422.5500 -2.2235 -2.0855 1422.3500 2.1610 1.8581
1423.1500 1.0634 3.6595 1423.5500 2.7335 -2.4362 1423.3500 -1.2834 -1.7833
1424.1500 3.6560 -2.9845 1424.5500 -4.9161 1.9823 1424.3500 -4.4923 -2.9182
1425.1500 -2.0655 -0.8894 1425.5500 -3.6123 -4.3560 1425.3500 4.3048 -4.6297
1426.1500 -0.6829 -0.6554 1426.5500 4.5409 -1.8946 1426.3500 0.7427 0.0004
1427.1500 -0.5064 -0.8322 1427.5500 1.5969 0.6319 1427.3500 2.6144 1.0388
1428.1500 -2.7236 -4.8592 1428.5500 3.5299 0.0048 1428.3500 -1.5241 2.4202
1429.1500 -4.7031 -0.2978 1429.5500 -2.2179 -0.4906 1429.3500 -1.5586 0.4191
1430.1500 0.1860 -0.3113 1430.5500 0.6139 3.0796 1430.3500 1.5886 -0.2548
1431.1500 -2.2519 -2.0700 1431.5500 -0.8161 0.7320 1431.3500 4.4403 -0.1562
1432.1000 -0.5053 0.0074 1432.9000 -0.0004 0.0094 1432.4000 0.4960 0.0004
1432.5000 -0.2972 -0.5096 1432.5000 0.3028 -0.4924 1432.5000 0.0011 0.4903
1433.1500 1.1437 -3.6971 1433.5500 1.7338 -1.4387 1433.3500 -4.5421 -2.7383
1434.1500 2.6686 -1.1373 1434.5500 -4.1597 3.1708 1434.3500 -2.6429 -3.6358
1435.1000 -0.5098 0.0076 1435.9000 -0.0008 0.0008 1435.4000 0.5090 -0.0036
1435.5000 -0.2986 -0.5057 1435.5000 0.2987 -0.4942 1435.5000 0.0071 0.5023
1436.1500 1.8678 -0.7311 1436.5500 -3.8512 -4.0541 1436.3500 1.9119 -0.5111
1437.1500 2.9056 -4.7732 1437.5500 -4.6276 1.7700 1437.3500 -2.4307 3.0389
1438.1500 -1.9110 -4.3151 1438.5500 -3.4839 -4.2768 1438.3500 3.7838 -3.3307
1439.1000 -0.5004 0.0041 1439.9000 -0.0017 0.0068 1439.4000 0.5015 -0.0019
1439.5000 -0.2973 -0.5002 1439.5000 0.2976 -0.4966 1439.5000 0.0046 0.5050
1440.1500 -2.9750 -3.8128 1440.5500 2.9776 1.1944 1440.3500 2.3858 1.1569
1441.1500 -4.0121 -1.8895 1441.5500 3.6630 2.1519 1441.3500 3.4753 -0.0317
1442.1500 0.1914 0.2314 1442.5500 1.7790 3.4158 1442.3500 -4.9705 -4.1442
1443.1500 -1.6415 0.1900 1443.5500 3.1489 1.6932 1443.3500 -4.4083 -4.7267
1444.1500 -0.1817 -4.3976 1444.5500 4.5098 -2.4953 1444.3500 3.9260 -2.1599
1445.1500 4.1975 -2.4339 1445.5500 -3.8750 -3.5706 1445.3500 4.8693 -1.4602
1446.1500 1.3635 1.5114 1446.5500 -0.1752 0.0457 1446.3500 -2.8771 -4.5054
1447.1000 -0.4928 -0.0065 1447.9000 0.0067 0.0038 1447.4000 0.4978 -0.0098
1447.5000 -0.2941 -0.4933 1447.5000 0.3098 -0.5047 1447.5000 0.0019 0.5021
1448.1000 -0.4907 -0.0011 1448.9000 0.0052 0.0027 1448.4000 0.4940 0.0036
1448.5000 -0.2968 -0.5065 1448.5000 0.3009 -0.5008 1448.5000 -0.0006 0.4931
1449.1000 -0.5048 0.0020 1449.9000 0.0043 -0.0074 1449.4000 0.5069 0.0032
1449.5000 -0.3061 -0.4922 1449.5000 0.2938 -0.4946 1449.5000 0.0024 0.4999
1450.1000 -0.4907 -0.0018 1450.9000 -0.0032 0.0098 1450.4000 0.5099 -0.0021
1450.5000 -0.2959 -0.5040 1450.5000 0.3089 -0.4991 1450.5000 -0.0034 0.5045
1451.1000 -0.5038 0.0090 1451.9000 0.0046 0.0068 1451.4000 0.5021 0.0006
1451.5000 -0.2962 -0.5013 1451.5000 0.3059 -0.4968 1451.5000 -0.0086 0.4946
1452.1500 1.3653 1.6475 1452.5500 3.6089 -4.0324 1452.3500 2.5393 -2.0786
1453.1500 4.6029 -1.7173 1453.5500 -1.7224 -2.2455 1453.3500 1.3325 -2.1359
1454.1500 -3.0456 3.9553 1454.5500 2.7958 -3.3177 1454.3500 -1.8955 -3.6167
1455.1500 2.4649 -2.6416 1455.5500 3.4807 -0.0831 1455.3500 3.3867 2.5339
1456.1500 3.0033 -0.9596 1456.5500 4.7618 -4.3267 1456.3500 0.6001 2.5784
1457.1500 2.0778 0.6396 1457.5500 3.4057 4.0317 1457.3500 -4.1773 4.4659
1458.1500 0.4977 -3.8550 1458.5500 -0.6714 0.0563 1458.3500 3.8765 0.4950
1459.1000 -0.4908 -0.0043 1459.9000 0.0036 -0.0061 1459.4000 0.4909 0.0079
1459.5000 -0.3035 -0.4955 1459.5000 0.3000 -0.4993 1459.5000 -0.0049 0.4952
1460.1500 3.0723 3.2417 1460.5500 -1.2979 1.4108 1460.3500 -0.8018 1.3536
1461.1500 -2.2533 4.5049 1461.5500 4.1085 -0.3413 1461.3500 3.4223 1.9042
1462.1500 4.9061 -4.1827 1462.5500 -0.6242 2.6725 1462.3500 0.8139 3.7952
1463.1500 -1.2041 4.8146 1463.5500 0.9656 -0.9537 1463.3500 3.5573 2.0182
1464.1500 0.8717 2.2538 1464.5500 0.1591 -1.0835 1464.3500 -4.5164 -3.2113
1465.1500 3.4432 -0.6502 1465.5500 2.1201 -2.4901 1465.3500 4.6598 -3.4475
1466.1500 -2.8152 4.6370 1466.5500 2.4897 2.2717 1466.3500 -4.1838 -4.4647
1467.1500 1.5789 2.8420 1467.5500 -3.2683 2.0668 1467.3500 -0.5843 -2.6173
1468.1000 -0.4924 0.0033 1468.9000 0.0001 0.0088 1468.4000 0.5093 -0.0053
1468.5000 -0.2960 -0.5042 1468.5000 0.3049 -0.4934 1468.5000 -0.0072 0.5089
1469.1500 -4.3470 0.3616 1469.5500 4.9509 3.0547 1469.3500 2.7198 2.9224
1470.1500 4.7309 -4.2499 1470.5500 -3.2392 -2.8623 1470.3500 0.8394 -1.4218
1471.1500 -3.8868 -1.6235 1471.5500 -4.9329 1.6324 1471.3500 3.1660 -4.6086
1472.1000 -0.5034 0.0064 1472.9000 -0.0015 -0.0038 1472.4000 0.5067 0.0094
1472.5000 -0.2910 -0.4952 1472.5000 0.2985 -0.5035 1472.5000 -0.0033 0.4923
1473.1000 -0.5019 -0.0039 1473.9000 0.0084 -0.0006 1473.4000 0.5055 0.0026
1473.5000 -0.3078 -0.4985 1473.5000 0.3043 -0.5052 1473.5000 -0.0041 0.4977
1474.1000 -0.5004 -0.0037 1474.9000 0.0095 0.0054 1474.4000 0.5087 0.0046
1474.5000 -0.2980 -0.4921 1474.5000 0.2981 -0.4912 1474.5000 0.0067 0.4983
1475.1500 2.0761 1.1478 1475.5500 0.4436 -1.4839 1475.3500 -1.0220 -4.7063
1476.1500 -3.1979 1.9071 1476.5500 -2.0565 4.0774 1476.3500 3.3950 -3.4214
1477.1500 -2.8115 -1.4239 1477.5500 -3.0101 -0.2753 1477.3500 1.5678 -3.6715
1478.1500 -0.8997 -2.8542 1478.5500 3.0832 1.1539 1478.3500 -1.4877 -1.9834
1479.1500 -3.9113 -4.1747 1479.5500 2.3991 -2.8094 1479.3500 1.4923 -3.2875
1480.1500 -3.8089 -3.5956 1480.5500 4.4974 -2.4531 1480.3500 -0.7780 1.4499
1481.1500 4.3749 -2.4679 1481.5500 -3.2237 -3.4274 1481.3500 1.8578 0.5529
1482.1500 4.1894 1.0530 1482.5500 -1.2117 -0.3467 1482.3500 2.1791 -4.7283
1483.1500 3.4455 -0.9593 1483.5500 1.9088 -3.3945 1483.3500 -4.8291 1.2925
1484.1500 3.4842 2.6245 1484.5500 -0.7213 4.8911 1484.3500 -3.8506 3.7941
1485.1500 -4.7674 0.9043 1485.5500 4.4012 2.2426 1485.3500 -1.9795 -2.9022
1486.1500 3.2635 2.8147 1486.5500 2.8515 -3.2009 1486.3500 4.0682 0.5816
1487.1500 3.7498 -1.8206 1487.5500 -3.6752 -0.5991 1487.3500 4.0048 -3.9062
1488.1500 -0.6047 -0.8907 1488.5500 -1.3403 4.7566 1488.3500 -0.2444 0.6882
1489.1500 0.6688 -2.1626 1489.5500 1.2511 2.0665 1489.3500 1.6392 1.3038
1490.1500 -1.1746 -3.8207 1490.5500 -2.4412 -0.5897 1490.3500 1.2324 2.6759
1491.1500 -0.4736 3.8473 1491.5500 3.5050 4.8772 1491.3500 3.3351 -3.7540
1492.1500 -0.2183 0.1089 1492.5500 -4.6668 -0.3003 1492.3500 -0.5549 1.3540
1493.1500 1.4167 -3.6978 1493.5500 -3.8480 -3.2943 1493.3500 -1.3752 3.4837
1494.1500 -4.3611 -4.6211 1494.5500 2.0120 -2.4906 1494.3500 1.3060 3.4650
1495.1000 -0.5014 -0.0064 1495.9000 0.0004 -0.0005 1495.4000 0.5037 -0.0027
1495.5000 -0.3096 -0.4945 1495.5000 0.3015 -0.4966 1495.5000 0.0067 0.4999
1496.1000 -0.4936 0.0087 1496.9000 0.0043 -0.0022 1496.4000 0.4940 -0.0046
1496.5000 -0.3087 -0.5088 1496.5000 0.2915 -0.4981 1496.5000 0.0042 0.5019
1497.1500 -2.5795 -0.0993 1497.5500 0.6880 -3.9765 1497.3500 0.6187 -3.2575
1498.1500 -4.6349 -1.6894 1498.5500 -0.4333 -2.4593 1498.3500 -1.7551 3.7842
1499.1500 -1.4205 1.5813 1499.5500 4.0730 2.9596 1499.3500 1.7303 -0.5363
1500.1500 0.5060 -1.6821 1500.5500 0.6600 -2.9033 1500.3500 -1.8458 2.5273
1501.1000 -0.5012 -0.0057 1501.9000 -0.0013 -0.0064 1501.4000 0.4986 -0.0013
1501.5000 -0.3015 -0.5007 1501.5000 0.3021 -0.5077 1501.5000 -0.0041 0.5089
1502.1500 -0.1135 4.3959 1502.5500 2.6769 1.5709 1502.3500 -2.9225 -1.3111
1503.1500 -2.9151 -2.0461 1503.5500 4.3812 -3.6490 1503.3500 -0.4040 0.7710
1504.1500 4.4817 4.8961 1504.5500 3.8840 3.0511 1504.3500 -1.7659 -0.9920
1505.1500 -2.1038 -3.4245 1505.5500 -0.4854 1.1418 1505.3500 -0.4042 4.1176
1506.1500 -4.0845 -4.2644 1506.5500 -4.9033 -3.0859 1506.3500 -1.6788 -3.5778
1507.1500 2.4741 -1.0960 1507.5500 2.7675 0.5573 1507.3500 2.3116 -1.3569
1508.1500 -2.4451 3.8740 1508.5500 1.0667 -3.6404 1508.3500 4.2334 4.2780
1509.1500 -3.8960 -1.4290 1509.5500 -4.4039 -4.7099 1509.3500 -3.5677 0.4498
1510.1500 -4.2461 -1.4962 1510.5500 -2.3371 -1.4310 1510.3500 0.3668 -3.8478
1511.1500 -2.9261 -1.6601 1511.5500 3.8237 -4.8821 1511.3500 1.1385 2.0664
1512.1500 -4.1677 -3.9034 1512.5500 -3.5163 0.4621 1512.3500 1.5824 -2.4439
1513.1500 4.0663 2.0758 1513.5500 4.4927 -1.7645 1513.3500 0.3153 3.4553
1514.1500 -4.4116 -2.1978 1514.5500 -0.5663 3.2188 1514.3500 -4.9945 3.7558
1515.1500 -1.6355 0.9998 1515.5500 4.8028 -4.7003 1515.3500 0.4978 -3.0112
1516.1500 4.6007 -3.6192 1516.5500 4.1289 -2.8428 1516.3500 -1.4013 2.6187
1517.1500 3.7689 3.5472 1517.5500 0.8689 -4.4760 1517.3500 3.6304 0.1326
1518.1500 3.1616 2.8887 1518.5500 3.7935 -2.6702 1518.3500 -4.7280 -4.9023
1519.1500 1.7494 -1.4180 1519.5500 -1.6280 1.3061 1519.3500 4.7319 -1.2294
1520.1000 -0.5001 0.0055 1520.9000 0.0085 -0.0037 1520.4000 0.4948 0.0080
1520.5000 -0.2916 -0.5062 1520.5000 0.2918 -0.5078 1520.5000 0.0022 0.4979
1521.1500 1.9487 2.8495 1521.5500 0.1820 -1.7132 1521.3500 -2.9252 4.7260
1522.1500 3.4885 -0.7161 1522.5500 -0.4576 1.9239 1522.3500 0.0545 -4.5944
1523.1500 -4.9167 3.6920 1523.5500 -4.0556 -0.6861 1523.3500 1.5308 1.7565
1524.1500 -4.3822 -3.5165 1524.5500 2.8620 3.5903 1524.3500 -1.7520 1.1101
1525.1500 -1.5527 2.6550 1525.5500 4.1069 -3.6587 1525.3500 -2.0492 4.0517
1526.1500 -2.4384 2.8090 1526.5500 -1.0746 -2.3140 1526.3500 0.1123 -1.8617
1527.1000 -0.5063 -0.0089 1527.9000 -0.0088 -0.0013 1527.4000 0.4966 -0.0015
1527.5000 -0.2953 -0.4959 1527.5000 0.2948 -0.4905 1527.5000 -0.0080 0.5068
1528.1500 -1.6362 1.7121 1528.5500 1.2395 -3.1550 1528.3500 2.7409 -4.8478
1529.1500 -2.1795 -4.9151 1529.5500 1.9732 1.2243 1529.3500 -0.4447 2.0256
1530.1500 1.7468 -1.9296 1530.5500 2.7960 -2.5181 1530.3500 3.0225 -4.9614
1531.1000 -0.5013 0.0027 1531.9000 -0.0056 -0.0069 1531.4000 0.4929 -0.0094
1531.5000 -0.3026 -0.4974 1531.5000 0.3032 -0.5000 1531.5000 0.0016 0.5046
1532.1500 1.5808 -2.2256 1532.5500 -0.8907 3.6340 1532.3500 1.8296 -2.8076
1533.1500 -2.4200 2.8482 1533.5500 2.2182 0.6764 1533.3500 2.6135 3.6327
1534.1000 -0.5077 0.0016 1534.9000 -0.0092 0.0026 1534.4000 0.4954 -0.0043
1534.5000 -0.3076 -0.5055 1534.5000 0.3003 -0.4930 1534.5000 -0.0020 0.4933
1535.1500 -0.4562 3.6249 1535.5500 4.6282 -4.8808 1535.3500 4.4552 2.2228
1536.1500 -0.2122 1.8913 1536.5500 2.0990 -1.4366 1536.3500 0.6612 -2.3504
1537.1500 1.3550 -1.5058 1537.5500 2.2016 4.6360 1537.3500 -2.4239 4.8222
1538.1500 -1.0886 4.6950 1538.5500 3.8225 -1.7979 1538.3500 -2.3280 -4.1600
1539.1000 -0.5079 -0.0048 1539.9000 0.0052 -0.0001 1539.4000 0.4989 -0.0087
1539.5000 -0.2945 -0.4960 1539.5000 0.2986 -0.4992 1539.5000 0.0056 0.4959
1540.1500 -0.7075 -4.2098 1540.5500 -1.2038 -0.2262 1540.3500 -4.2941 4.3687
1541.1500 -2.0358 -2.8542 1541.5500 -4.2217 1.7690 1541.3500 -0.9638 0.4649
1542.1500 3.3209 3.0945 1542.5500 -2.2272 4.8006 1542.3500 1.7045 -2.9198
1543.1500 1.0544 -3.6390 1543.5500 -1.4803 -0.5974 1543.3500 3.7836 4.2765
1544.1500 -0.0976 -0.7248 1544.5500 0.6954 1.9856 1544.3500 4.7882 -1.4964
1545.1500 -4.8483 0.9746 1545.5500 -4.3235 2.0581 1545.3500 -3.5056 4.5878
1546.1500 -4.0584 -1.9135 1546.5500 -2.6154 0.1290 1546.3500 2.7237 -3.8646
1547.1500 -3.5948 0.0686 1547.5500 -2.9016 1.6450 1547.3500 -1.9768 -3.2515
1548.1500 3.3759 -3.0722 1548.5500 -3.9893 0.3356 1548.3500 -2.1812 2.2000
1549.1500 1.4210 3.0277 1549.5500 3.5524 -4.4711 1549.3500 3.4526 -4.1946
1550.1000 -0.5030 -0.0046 1550.9000 0.0027 -0.0034 1550.4000 0.5008 0.0089
1550.5000 -0.2981 -0.5030 1550.5000 0.2943 -0.5000 1550.5000 0.0061 0.5002
1551.1500 -4.3594 1.8737 1551.5500 2.9151 0.2935 1551.3500 -4.7096 -0.4625
1552.1000 -0.5068 -0.0003 1552.9000 -0.0069 -0.0070 1552.4000 0.4957 0.0042
1552.5000 -0.3054 -0.5095 1552.5000 0.3058 -0.5099 1552.5000 0.0099 0.4927
1553.1500 0.9238 1.5996 1553.5500 2.4407 3.5391 1553.3500 4.1988 3.3798
1554.1500 4.3420 -2.0844 1554.5500 3.9850 -2.5143 1554.3500 0.2922 -4.9302
1555.1500 -0.8218 -3.5707 1555.5500 -0.0037 -3.8498 1555.3500 -4.5329 -4.9570
1556.1500 -1.8853 1.5605 1556.5500 -0.7948 -0.0664 1556.3500 -0.2086 4.7390
1557.1000 -0.4993 0.0059 1557.9000 -0.0014 0.0091 1557.4000 0.5027 -0.0001
1557.5000 -0.3001 -0.5066 1557.5000 0.3033 -0.4915 1557.5000 0.0053 0.5067
1558.1500 -2.4433 2.4423 1558.5500 4.5098 -0.5546 1558.3500 -1.9842 -2.4047
1559.1500 4.1471 4.1232 1559.5500 -3.3532 -3.0280 1559.3500 -4.9823 3.5619
1560.1500 -0.0349 4.9520 1560.5500 -1.2644 3.9489 1560.3500 4.5624 3.8938
1561.1500 2.9148 1.6524 1561.5500 -4.8834 1.5735 1561.3500 -1.7861 2.7805
1562.1500 -4.6747 -1.1403 1562.5500 -2.7024 3.4859 1562.3500 1.9698 1.8840
1563.1500 1.1167 -2.6354 1563.5500 -3.6696 -2.7315 1563.3500 0.3068 -3.0636
1564.1500 3.7302 3.7472 1564.5500 -0.5221 -0.5716 1564.3500 1.2505 -1.8990
1565.1500 2.5280 -2.6234 1565.5500 -0.9250 -3.2051 1565.3500 1.1110 -2.5629
1566.1500 -4.2760 -3.4375 1566.5500 2.4538 2.7420 1566.3500 1.2062 1.3681
1567.1500 2.6365 -0.0676 1567.5500 -1.5360 -4.7827 1567.3500 -1.7300 3.8220
1568.1500 -1.5259 1.1108 1568.5500 0.7245 2.3946 1568.3500 -3.2552 -2.8453
1569.1500 -0.3294 0.2165 1569.5500 -4.9350 0.7494 1569.3500 0.7918 1.9705
1570.1500 -1.9740 -2.1634 1570.5500 0.1619 -0.8456 1570.3500 -4.5979 -1.9219
1571.1000 -0.4904 -0.0052 1571.9000 0.0027 0.0057 1571.4000 0.5048 -0.0098
1571.5000 -0.2974 -0.5038 1571.5000 0.2905 -0.4964 1571.5000 -0.0034 0.4968
1572.1500 -2.6567 3.7001 1572.5500 4.5083 -1.2771 1572.3500 2.7872 1.4461
1573.1000 -0.5098 0.0088 1573.9000 0.0095 -0.0048 1573.4000 0.5013 0.0003
1573.5000 -0.3095 -0.5041 1573.5000 0.2987 -0.4917 1573.5000 -0.0025 0.5068
1574.1500 2.1164 -0.0415 1574.5500 -3.9440 -4.7389 1574.3500 -3.3417 2.9126
1575.1500 2.0075 -1.6887 1575.5500 -2.4568 -1.7748 1575.3500 3.4942 4.8217
1576.1000 -0.5041 0.0083 1576.9000 0.0017 -0.0038 1576.4000 0.4936 -0.0006
1576.5000 -0.2987 -0.5008 1576.5000 0.3005 -0.4997 1576.5000 0.0011 0.5085
1577.1500 0.9650 -1.4822 1577.5500 -3.1164 1.5563 1577.3500 -2.7938 -0.8098
1578.1500 2.0211 0.8426 1578.5500 0.1099 -1.3292 1578.3500 4.4889 -4.7468
1579.1500 1.1283 0.8779 1579.5500 0.5267 4.9221 1579.3500 -2.6819 -0.6588
1580.1500 -2.0321 -4.5177 1580.5500 -1.4533 1.5650 1580.3500 2.4621 -4.0230
1581.1500 -1.6101 -0.9190 1581.5500 -0.1536 3.8413 1581.3500 -3.9847 -4.6051
1582.1500 -1.2729 -2.3159 1582.5500 2.2558 1.6773 1582.3500 3.3629 4.0053
1583.1500 0.8954 3.0254 1583.5500 0.7090 2.7292 1583.3500 -0.9497 -0.6576
1584.1500 3.2686 -4.7328 1584.5500 4.0009 -0.8382 1584.3500 -2.5220 1.0298
1585.1000 -0.5057 -0.0013 1585.9000 -0.0037 0.0063 1585.4000 0.4979 0.0089
1585.5000 -0.2944 -0.5027 1585.5000 0.3086 -0.5085 1585.5000 -0.0058 0.5086
1586.1500 4.8464 0.1730 1586.5500 1.2653 0.4403 1586.3500 -2.1274 -2.8461
1587.1500 -3.5025 -1.1417 1587.5500 -1.2952 -4.7129 1587.3500 2.7129 4.4124
1588.1000 -0.4933 -0.0063 1588.9000 0.0021 -0.0016 1588.4000 0.5059 0.0034
1588.5000 -0.2943 -0.4925 1588.5000 0.2971 -0.5068 1588.5000 0.0039 0.4940
1589.1500 0.9306 -1.4779 1589.5500 3.1932 -2.2377 1589.3500 -2.2978 1.5520
1590.1000 -0.4913 -0.0074 1590.9000 0.0050 -0.0043 1590.4000 0.4960 -0.0040
1590.5000 -0.2902 -0.5026 1590.5000 0.2927 -0.5076 1590.5000 0.0098 0.5097
1591.1500 -4.0569 -2.3516 1591.5500 4.0745 -2.6071 1591.3500 3.7001 -4.3045
1592.1500 -3.1767 2.7028 1592.5500 2.6628 -2.0617 1592.3500 -4.4640 2.0540
1593.1000 -0.4964 -0.0038 1593.9000 0.0040 0.0019 1593.4000 0.4989 -0.0084
1593.5000 -0.2920 -0.4960 1593.5000 0.3006 -0.4981 1593.5000 0.0022 0.4976
1594.1000 -0.5037 -0.0017 1594.9000 0.0071 0.0083 1594.4000 0.4954 0.0007
1594.5000 -0.3013 -0.5088 1594.5000 0.2960 -0.4939 1594.5000 0.0031 0.5017
1595.1500 -1.7578 -0.4231 1595.5500 -0.4576 -1.5313 1595.3500 3.1067 1.4024
1596.1500 -1.5614 3.2873 1596.5500 -3.8536 -0.7613 1596.3500 3.7460 1.9010
1597.1000 -0.5062 0.0025 1597.9000 -0.0008 -0.0085 1597.4000 0.4925 0.0075
1597.5000 -0.3083 -0.5027 1597.5000 0.2966 -0.4980 1597.5000 -0.0058 0.4909
1598.1500 3.7823 -0.2042 1598.5500 -2.5502 -1.8992 1598.3500 -4.2023 1.7776
1599.1500 0.7140 -4.2764 1599.5500 0.1837 -1.6463 1599.3500 -0.9423 2.3930
1600.1500 3.6331 1.4635 1600.5500 2.6944 2.1842 1600.3500 2.3432 -2.5203
1601.1500 1.8797 0.5874 1601.5500 -3.2564 3.3502 1601.3500 2.4024 0.1591
1602.1500 -1.8309 -0.2575 1602.5500 -4.0528 1.5281 1602.3500 1.3915 3.8189
1603.1000 -0.4929 -0.0090 1603.9000 -0.0096 -0.0080 1603.4000 0.4975 0.0055
1603.5000 -0.3078 -0.5099 1603.5000 0.2948 -0.5057 1603.5000 0.0069 0.4924
1604.1500 3.9082 -3.1212 1604.5500 2.6576 4.1177 1604.3500 2.5986 -4.3117
1605.1500 -3.1541 -2.0844 1605.5500 -0.6442 0.3383 1605.3500 -2.8928 -1.0656
1606.1500 0.8405 4.5407 1606.5500 -4.0293 2.1705 1606.3500 -0.1559 -1.7368
1607.1500 1.5455 -4.8990 1607.5500 0.3189 0.4658 1607.3500 0.6532 -2.8843
1608.1500 -2.6223 0.9168 1608.5500 -0.7051 3.2040 1608.3500 -3.6492 -3.4356
1609.1500 -1.6819 -2.6048 1609.5500 -4.2782 3.1884 1609.3500 0.1677 -1.2661
1610.1500 2.1972 2.5815 1610.5500 -4.3690 3.1086 1610.3500 1.5257 2.0125
1611.1000 -0.4951 0.0095 1611.9000 -0.0045 0.0010 1611.4000 0.4904 0.0076
1611.5000 -0.2947 -0.4953 1611.5000 0.3079 -0.5013 1611.5000 -0.0045 0.5015
1612.1500 4.9552 3.5643 1612.5500 4.8730 -0.0770 1612.3500 -3.6062 -2.4266
1613.1000 -0.4994 -0.0088 1613.9000 0.0068 0.0027 1613.4000 0.5047 -0.0096
1613.5000 -0.2979 -0.4964 1613.5000 0.3001 -0.5014 1613.5000 0.0084 0.5097
1614.1500 2.6392 1.6042 1614.5500 -4.2441 3.1974 1614.3500 -3.6652 -2.7069
1615.1500 4.5311 -2.9252 1615.5500 -3.1245 0.4421 1615.3500 4.3836 1.2968
1616.1500 4.0206 4.6834 1616.5500 4.7161 -4.8336 1616.3500 -0.9611 -3.4415
1617.1000 -0.5051 0.0018 1617.9000 0.0002 0.0022 1617.4000 0.5062 -0.0059
1617.5000 -0.2951 -0.4989 1617.5000 0.2959 -0.5050 1617.5000 0.0007 0.5074
1618.1500 4.3282 4.4650 1618.5500 3.4633 0.4860 1618.3500 -3.4626 -0.2385
1619.1500 0.5038 -2.8223 1619.5500 1.2544 4.0869 1619.3500 2.3682 -1.5486
1620.1500 -1.4114 0.3397 1620.5500 0.4112 -2.0978 1620.3500 -4.3034 2.8638
1621.1500 -3.4812 -2.2791 1621.5500 -0.0402 -4.6887 1621.3500 -1.1310 -1.9387
1622.1500 3.2927 -0.9506 1622.5500 2.4381 -1.1733 1622.3500 4.5246 1.6792
1623.1500 -1.4076 -2.0170 1623.5500 3.6764 2.9452 1623.3500 -1.7552 -0.7692
1624.1500 0.2003 -1.1036 1624.5500 -0.3285 4.5037 1624.3500 1.4489 1.4391
1625.1500 2.0333 4.8193 1625.5500 1.8366 -2.8712 1625.3500 -1.5979 -1.8428
1626.1500 4.1357 -4.0318 1626.5500 2.4042 1.6100 1626.3500 4.4311 2.2331
1627.1500 3.4153 -2.7623 1627.5500 2.6106 1.7103 1627.3500 3.5729 -3.1685
1628.1500 1.3831 0.0433 1628.5500 4.5321 4.2418 1628.3500 1.7308 0.7174
1629.1500 1.1698 2.0348 1629.5500 -3.1879 -0.6249 1629.3500 1.6325 -4.6141
1630.1500 1.3757 -3.3370 1630.5500 1.9104 -1.3200 1630.3500 2.8890 1.0312
1631.1500 -1.7188 1.7973 1631.5500 0.2002 -1.4563 1631.3500 1.7250 -2.5554
1632.1500 1.3226 -2.1101 1632.5500 4.6151 -1.1076 1632.3500 3.4012 1.0037
1633.1500 -0.0293 3.8589 1633.5500 -2.1390 -1.4262 1633.3500 -4.7631 -2.3332
1634.1500 -4.0212 -2.5245 1634.5500 4.7978 4.9191 1634.3500 -0.8374 -1.7806
1635.1500 -1.3968 4.3739 1635.5500 0.7247 -1.5882 1635.3500 4.7756 3.3574
1636.1500 0.2305 -0.6814 1636.5500 -2.7932 -3.0048 1636.3500 3.0298 0.8616
1637.1000 -0.4906 -0.0049 1637.9000 -0.0078 -0.0056 1637.4000 0.5097 0.0086
1637.5000 -0.3065 -0.5031 1637.5000 0.3009 -0.4963 1637.5000 -0.0083 0.5044
1638.1500 -3.8867 -0.8479 1638.5500 -1.0469 -0.0104 1638.3500 -2.1387 -0.2502
1639.1000 -0.4981 0.0056 1639.9000 0.0004 -0.0014 1639.4000 0.5040 -0.0048
1639.5000 -0.2921 -0.4929 1639.5000 0.3043 -0.5085 1639.5000 0.0047 0.5060
1640.1500 2.4319 1.2667 1640.5500 -0.3841 -4.8993 1640.3500 -0.2261 -0.9928
1641.1000 -0.5079 -0.0098 1641.9000 0.0029 0.0041 1641.4000 0.4970 -0.0034
1641.5000 -0.2977 -0.5033 1641.5000 0.3017 -0.4917 1641.5000 -0.0000 0.5077
1642.1500 1.6750 3.5341 1642.5500 -2.2212 -2.8387 1642.3500 4.1690 -1.3213
1643.1500 -3.6067 -1.3554 1643.5500 4.5975 -4.8200 1643.3500 2.7598 1.3266
1644.1500 3.2150 -4.3369 1644.5500 4.6560 4.3601 1644.3500 4.7221 0.5441
1645.1500 0.0776 -0.1817 1645.5500 -4.8080 -1.1864 1645.3500 -3.6705 -4.0638
1646.1500 1.8623 -3.6951 1646.5500 -1.2299 -4.2562 1646.3500 -2.6114 -1.9457
1647.1500 0.0099 4.9984 1647.5500 -3.4433 3.1935 1647.3500 3.5956 -2.8358
1648.1500 -4.1187 -2.2012 1648.5500 -0.0058 -1.7227 1648.3500 3.3816 3.4178
1649.1500 -4.3942 1.4107 1649.5500 -4.0992 1.4460 1649.3500 -2.5557 -0.3236
1650.1500 -1.6202 4.7170 1650.5500 -2.2992 -3.0844 1650.3500 -1.3027 4.0240
1651.1000 -0.5060 -0.0049 1651.9000 -0.0064 -0.0017 1651.4000 0.5072 -0.0064
1651.5000 -0.3039 -0.5062 1651.5000 0.2951 -0.5060 1651.5000 0.0046 0.5087
1652.1000 -0.5017 -0.0021 1652.9000 -0.0019 0.0059 1652.4000 0.4980 0.0063
1652.5000 -0.2993 -0.4932 1652.5000 0.2956 -0.5064 1652.5000 -0.0086 0.5073
1653.1500 -3.2383 3.7571 1653.5500 2.0232 -0.1631 1653.3500 -2.3193 -3.3079
1654.1500 3.0016 2.3260 1654.5500 4.4269 4.4719 1654.3500 4.4782 -0.9221
1655.1500 2.4004 1.4179 1655.5500 2.4513 -1.7682 1655.3500 -1.2197 2.9494
1656.1000 -0.4915 -0.0041 1656.9000 0.0070 -0.0078 1656.4000 0.5097 -0.0078
1656.5000 -0.3062 -0.4929 1656.5000 0.3085 -0.4929 1656.5000 -0.0080 0.4921
1657.1000 -0.4955 -0.0084 1657.9000 -0.0067 -0.0065 1657.4000 0.4915 -0.0024
1657.5000 -0.2962 -0.4988 1657.5000 0.3067 -0.4944 1657.5000 -0.0059 0.5017
1658.1500 0.8116 -3.2302 1658.5500 2.7925 -3.0518 1658.3500 2.3853 -0.8293
1659.1500 -3.0208 2.0905 1659.5500 1.4834 -0.1073 1659.3500 4.7567 -3.5626
1660.1500 3.5141 1.1044 1660.5500 3.2825 -1.2693 1660.3500 1.0175 -4.5238
1661.1500 3.3969 -0.7759 1661.5500 -2.8712 0.9470 1661.3500 1.2785 1.8292
1662.1000 -0.4974 0.0035 1662.9000 -0.0050 -0.0057 1662.4000 0.5085 0.0066
1662.5000 -0.2922 -0.4959 1662.5000 0.3053 -0.4918 1662.5000 -0.0037 0.4912
1663.1000 -0.5066 0.0091 1663.9000 0.0011 0.0034 1663.4000 0.4943 -0.0026
1663.5000 -0.3034 -0.4970 1663.5000 0.3040 -0.4943 1663.5000 -0.0046 0.4904
1664.1500 -1.1415 -0.6875 1664.5500 -0.3905 4.2180 1664.3500 2.7909 4.5230
1665.1500 3.5786 -0.3244 1665.5500 -4.6248 -3.5193 1665.3500 -2.3215 4.6106
1666.1500 -3.9029 -0.0260 1666.5500 -2.3680 0.8329 1666.3500 -2.8323 2.4967
1667.1500 1.6188 -4.5920 1667.5500 -0.0556 -4.4967 1667.3500 -1.2612 3.5659
1668.1500 2.0965 -1.8370 1668.5500 0.6721 -4.9700 1668.3500 -2.7507 -2.8915
1669.1500 2.2235 0.1745 1669.5500 3.5886 4.9547 1669.3500 -4.6504 -1.5826
1670.1500 2.4190 -2.4888 1670.5500 -0.9129 -0.6281 1670.3500 -0.9048 -4.5829
1671.1500 -4.5629 -2.9414 1671.5500 -0.8651 -1.8567 1671.3500 1.9746 4.6389
1672.1500 -2.5631 1.9634 1672.5500 4.2280 -3.8383 1672.3500 0.0202 0.3663
1673.1500 1.9432 -0.4619 1673.5500 -0.1890 3.6336 1673.3500 1.3496 -1.1775
1674.1500 -3.4017 2.2265 1674.5500 -3.4375 3.3460 1674.3500 -4.1669 1.4936
1675.1500 -3.3666 3.8069 1675.5500 4.4826 -2.5629 1675.3500 -4.1291 0.8497
1676.1500 -0.1374 -4.0082 1676.5500 0.9730 4.5491 1676.3500 -0.2182 4.7644
1677.1500 4.8502 -3.3747 1677.5500 1.9791 1.6694 1677.3500 -0.6296 -1.3565
1678.1500 4.6045 -2.7809 1678.5500 3.7843 3.1935 1678.3500 -2.5996 2.9518
1679.1500 -0.5997 3.3944 1679.5500 1.5830 -1.6740 1679.3500 1.8478 -2.2754
1680.1500 2.1931 -3.4508 1680.5500 2.4680 -4.1292 1680.3500 -1.3304 3.5029
1681.1500 -1.6220 0.1664 1681.5500 0.1096 4.0376 1681.3500 -0.0850 0.8051
1682.1500 -3.7623 3.5559 1682.5500 -4.2754 2.8943 1682.3500 -2.1890 -3.9627
1683.1500 -1.9388 1.3597 1683.5500 0.1892 -0.5568 1683.3500 -4.4272 -4.7993
1684.1000 -0.4918 -0.0017 1684.9000 0.0033 -0.0028 1684.4000 0.5034 -0.0022
1684.5000 -0.2923 -0.4959 1684.5000 0.2985 -0.5085 1684.5000 0.0075 0.5081
1685.1500 -4.8543 1.3594 1685.5500 -1.4857 0.8110 1685.3500 4.1066 3.9932
1686.1500 2.3944 -3.1720 1686.5500 1.6420 -2.8423 1686.3500 0.6613 1.6934
1687.1500 2.9737 4.5749 1687.5500 0.8669 0.0765 1687.3500 -3.7219 2.9369
1688.1500 -1.1087 1.2928 1688.5500 4.6993 -4.6227 1688.3500 -0.3031 1.7733
1689.1500 0.1050 -0.0096 1689.5500 3.0620 1.0108 1689.3500 2.8149 3.7250
1690.1000 -0.4998 -0.0062 1690.9000 0.0097 -0.0029 1690.4000 0.5041 -0.0006
1690.5000 -0.3039 -0.4959 1690.5000 0.3009 -0.4933 1690.5000 0.0029 0.5095
1691.1500 -2.0183 0.7425 1691.5500 0.6240 -3.8730 1691.3500 4.1651 -3.5836
1692.1500 -3.7175 -4.6462 1692.5500 1.9377 0.7834 1692.3500 2.8947 -0.1993
1693.1500 0.9834 -3.5158 1693.5500 -2.5418 -0.1696 1693.3500 2.4165 -2.6003
1694.1500 -3.6603 1.1164 1694.5500 1.2476 -4.2822 1694.3500 -4.7228 -0.6667
1695.1500 3.4383 -0.8609 1695.5500 -1.3156 4.1034 1695.3500 2.0153 1.8427
1696.1500 3.3909 0.9338 1696.5500 2.4192 -3.9160 1696.3500 4.8920 2.3999
1697.1500 4.9062 -0.1637 1697.5500 1.3513 0.3940 1697.3500 -2.9834 -0.5638
1698.1000 -0.4936 0.0071 1698.9000 0.0092 0.0012 1698.4000 0.4960 -0.0099
1698.5000 -0.3058 -0.4965 1698.5000 0.2962 -0.4981 1698.5000 0.0091 0.5050
1699.1500 -2.9065 0.9814 1699.5500 -0.2056 -1.8912 1699.3500 -0.4814 -2.4391
1700.1500 4.2735 -2.4680 1700.5500 -3.8013 4.9644 1700.3500 -2.1491 3.9671
1701.1500 -4.7506 -1.3411 1701.5500 2.9089 2.4968 1701.3500 -1.2851 4.7222
1702.1500 3.9555 2.4991 1702.5500 3.3009 1.1196 1702.3500 -2.6281 -3.7604
1703.1500 -1.0262 0.2889 1703.5500 -2.3561 1.2679 1703.3500 -3.0632 -0.0750
1704.1500 -3.3932 -1.5900 1704.5500 4.7553 0.7071 1704.3500 3.7945 4.4506
1705.1500 -2.9371 2.2906 1705.5500 -1.6288 0.9028 1705.3500 -3.0674 2.6382
1706.1500 -1.8621 3.1509 1706.5500 0.7658 -4.0395 1706.3500 0.4669 2.6304
1707.1500 2.5820 -0.4887 1707.5500 -1.0800 -3.0236 1707.3500 -0.1291 2.5918
1708.1500 3.3354 -4.5635 1708.5500 -1.3569 -2.0514 1708.3500 1.0620 -4.4284
1709.1500 4.3877 -4.2937 1709.5500 1.1699 -2.2661 1709.3500 1.3002 -3.0935
1710.1500 -3.8283 2.5135 1710.5500 -1.3176 -4.3560 1710.3500 -4.0687 -3.7025
1711.1500 2.9797 3.5416 1711.5500 -2.8777 0.9197 1711.3500 2.9723 0.7355
1712.1500 -3.2357 -0.2798 1712.5500 4.4633 -0.7944 1712.3500 4.2004 -2.3164
1713.1000 -0.4982 0.0077 1713.9000 0.0014 0.0024 1713.4000 0.4943 0.0057
1713.5000 -0.2914 -0.5065 1713.5000 0.3040 -0.5075 1713.5000 -0.0008 0.5016
1714.1500 4.1742 4.2706 1714.5500 -4.3415 -1.7267 1714.3500 2.3129 4.2846
1715.1000 -0.5031 -0.0084 1715.9000 -0.0097 0.0014 1715.4000 0.4949 -0.0010
1715.5000 -0.2996 -0.4957 1715.5000 0.2960 -0.4994 1715.5000 0.0013 0.5078
1716.1500 3.9958 4.5132 1716.5500 -1.5591 2.4772 1716.3500 2.9575 -3.0385
1717.1500 -0.6167 -4.5435 1717.5500 0.5303 4.4979 1717.3500 3.7554 1.5396
1718.1500 -0.9753 -4.8982 1718.5500 -3.0743 1.2266 1718.3500 -0.1637 -0.1400
1719.1500 -4.0831 -3.2811 1719.5500 0.9906 -2.2836 1719.3500 4.0197 4.7126
1720.1500 0.4166 -0.5389 1720.5500 0.2730 2.5318 1720.3500 -3.5734 -1.1834
1721.1500 -2.1381 3.2105 1721.5500 3.6387 -2.0433 1721.3500 -4.2894 -2.3429
1722.1500 -1.3038 -2.1593 1722.5500 -3.8739 2.9150 1722.3500 3.3748 -3.0949
1723.1500 0.3071 4.3328 1723.5500 1.1080 -0.2071 1723.3500 0.2089 3.4810
1724.1500 3.8411 0.5052 1724.5500 0.5316 -0.0360 1724.3500 4.2442 -2.0391
1725.1500 2.4962 3.6337 1725.5500 -4.6180 1.1343 1725.3500 0.9854 1.2297
1726.1500 -1.0233 1.8546 1726.5500 0.4703 -2.2780 1726.3500 -3.2241 4.9718
1727.1500 -4.8691 2.0781 1727.5500 -2.2534 -4.0826 1727.3500 0.7562 2.1249
1728.1000 -0.5056 -0.0070 1728.9000 0.0015 -0.0082 1728.4000 0.4938 -0.0084
1728.5000 -0.3003 -0.5065 1728.5000 0.3035 -0.5046 1728.5000 0.0028 0.5022
1729.1500 -4.2037 -3.6205 1729.5500 -4.7110 1.5939 1729.3500 -1.3061 1.7319
1730.1500 -2.5161 -2.0058 1730.5500 1.5110 3.2753 1730.3500 3.0892 -0.0268
1731.1500 -2.3516 -2.5027 1731.5500 -4.2703 -2.4805 1731.3500 -4.6498 4.7784
1732.1500 -4.9363 1.8520 1732.5500 4.2090 -4.7980 1732.3500 -0.5892 -0.3159
1733.1500 0.7617 0.7578 1733.5500 -0.9030 -1.5285 1733.3500 -1.9275 0.3291
1734.1500 -3.2817 -0.8821 1734.5500 -3.1325 -1.0377 1734.3500 4.8551 0.0390
1735.1500 -0.0637 -1.9654 1735.5500 0.9062 -0.4029 1735.3500 -1.9998 0.7927
1736.1500 -1.7302 -3.4865 1736.5500 -4.5183 2.0879 1736.3500 4.2796 2.0631
1737.1500 3.8732 -0.8984 1737.5500 -2.8845 -4.0192 1737.3500 -0.8110 -2.3864
1738.1000 -0.4944 0.0075 1738.9000 -0.0035 0.0035 1738.4000 0.4973 -0.0077
1738.5000 -0.2952 -0.5019 1738.5000 0.3009 -0.4949 1738.5000 -0.0082 0.5023
1739.1500 -1.6978 4.0536 1739.5500 -0.7612 4.6606 1739.3500 -4.2098 -2.3667
1740.1500 -2.4601 -0.3949 1740.5500 -3.4450 2.0681 1740.3500 -2.8275 3.1322
1741.1500 1.8348 2.5731 1741.5500 2.1730 0.8640 1741.3500 2.2082 2.7467
1742.1000 -0.5091 0.0077 1742.9000 -0.0009 -0.0085 1742.4000 0.4960 -0.0091
1742.5000 -0.2982 -0.4909 1742.5000 0.2962 -0.5011 1742.5000 0.0075 0.4924
1743.1500 -0.2583 3.0701 1743.5500 2.0329 -0.5721 1743.3500 -1.2854 -0.8169
1744.1500 4.8175 -4.0896 1744.5500 -4.5272 4.9076 1744.3500 0.6307 -3.3600
1745.1500 -4.7128 -2.5200 1745.5500 -3.9463 0.5222 1745.3500 -2.8068 -3.4139
1746.1500 0.1378 3.9599 1746.5500 -4.2271 -0.9275 1746.3500 -1.5159 0.5964
1747.1000 -0.5008 0.0098 1747.9000 -0.0015 0.0099 1747.4000 0.4918 -0.0075
1747.5000 -0.3035 -0.5082 1747.5000 0.2909 -0.4924 1747.5000 0.0001 0.5066
1748.1000 -0.4918 0.0004 1748.9000 -0.0076 -0.0044 1748.4000 0.5052 0.0072
1748.5000 -0.3021 -0.5070 1748.5000 0.2920 -0.5068 1748.5000 -0.0082 0.4911
1749.1500 0.0384 4.6788 1749.5500 -3.3305 4.7154 1749.3500 -3.8102 1.0229
1750.1500 1.5987 -3.0695 1750.5500 1.6799 2.5431 1750.3500 -0.6985 -1.5067
1751.1500 0.1783 3.6820 1751.5500 -2.0367 -0.1044 1751.3500 -4.5351 -3.6521
1752.1500 -1.6200 -4.7941 1752.5500 2.9148 -3.4822 1752.3500 -2.2674 2.4343
1753.1000 -0.5021 -0.0097 1753.9000 -0.0053 -0.0061 1753.4000 0.5024 0.0044
1753.5000 -0.3029 -0.5000 1753.5000 0.3054 -0.5092 1753.5000 0.0044 0.4943
1754.1500 -4.9955 3.2421 1754.5500 3.4904 -0.6502 1754.3500 4.5526 -3.1051
1755.1500 -1.2732 -1.2458 1755.5500 -1.4311 -4.1959 1755.3500 1.3426 -0.6360
1756.1500 -1.9698 3.3474 1756.5500 2.9462 4.4921 1756.3500 2.5974 -1.7623
1757.1500 -4.4954 -1.7544 1757.5500 -0.1022 -4.7600 1757.3500 1.2561 -0.3623
1758.1500 2.9155 3.7267 1758.5500 -2.9018 0.2878 1758.3500 2.5167 -4.1444
1759.1500 -3.6026 1.6813 1759.5500 1.8074 -1.9851 1759.3500 3.0077 -0.7853
1760.1500 -4.9971 4.2700 1760.5500 -1.5686 3.4592 1760.3500 3.4651 0.1579
1761.1500 -3.3975 -4.5604 1761.5500 -4.0137 -2.1075 1761.3500 -4.1881 4.2439
1762.1500 -0.8650 -3.0124 1762.5500 2.1875 -0.7172 1762.3500 -1.1945 1.0001
1763.1500 4.2603 4.1589 1763.5500 -2.0347 3.6688 1763.3500 3.5303 2.0529
1764.1500 3.0034 -0.2989 1764.5500 -4.2040 -2.4611 1764.3500 -1.0442 1.9743
1765.1500 -2.2599 2.6218 1765.5500 3.7302 -4.6556 1765.3500 0.1365 4.5819
1766.1500 -0.0954 -4.7991 1766.5500 -4.6718 2.1408 1766.3500 3.5448 3.3866
1767.1500 1.5731 0.5128 1767.5500 3.9523 4.1718 1767.3500 -4.7514 -0.6406
1768.1000 -0.4941 0.0067 1768.9000 0.0072 0.0043 1768.4000 0.4968 0.0009
1768.5000 -0.3079 -0.4950 1768.5000 0.2935 -0.5074 1768.5000 -0.0099 0.4941
1769.1500 2.1871 1.2094 1769.5500 -4.6561 -3.9657 1769.3500 -3.0621 0.9044
1770.1500 -2.0928 -3.7804 1770.5500 -3.2552 4.1502 1770.3500 -2.9758 -3.1986
1771.1500 -3.2584 4.8126 1771.5500 4.2069 4.6497 1771.3500 3.5872 1.1794
1772.1000 -0.4902 -0.0076 1772.9000 -0.0026 0.0045 1772.4000 0.4948 0.0007
1772.5000 -0.2948 -0.5044 1772.5000 0.3000 -0.4953 1772.5000 -0.0010 0.5044
1773.1500 -4.4671 4.3855 1773.5500 3.4977 -0.9480 1773.3500 -0.2629 1.5934
1774.1500 4.0056 -1.1795 1774.5500 -2.4950 2.1262 1774.3500 4.9188 -2.1178
1775.1500 3.4828 -3.9280 1775.5500 1.6706 3.4700 1775.3500 -1.9060 2.4125
1776.1000 -0.4996 0.0007 1776.9000 0.0006 -0.0079 1776.4000 0.5001 -0.0068
1776.5000 -0.2958 -0.4904 1776.5000 0.3053 -0.4970 1776.5000 0.0008 0.4985
1777.1000 -0.5016 0.0039 1777.9000 -0.0076 0.0017 1777.4000 0.4963 -0.0057
1777.5000 -0.2922 -0.4985 1777.5000 0.2938 -0.5023 1777.5000 -0.0066 0.5051
1778.1500 4.7249 -0.5287 1778.5500 -0.7165 -0.9929 1778.3500 -2.8273 1.1637
1779.1500 -1.2939 -0.0105 1779.5500 3.7364 0.0436 1779.3500 -0.8422 2.9403
1780.1000 -0.4982 0.0092 1780.9000 -0.0030 -0.0020 1780.4000 0.5047 0.0013
1780.5000 -0.3012 -0.4971 1780.5000 0.2985 -0.5041 1780.5000 -0.0096 0.5026
1781.1500 1.0509 -0.0493 1781.5500 -3.8747 -1.6629 1781.3500 -1.2831 1.4676
1782.1500 -3.8766 -4.1537 1782.5500 -1.4434 -0.3381 1782.3500 -2.8229 1.5488
1783.1500 -2.5774 -3.5512 1783.5500 3.0291 3.7068 1783.3500 0.4018 -0.9034
1784.1500 3.8411 1.7866 1784.5500 -0.4660 3.4480 1784.3500 -4.6761 -3.2746
1785.1500 -3.0768 3.4758 1785.5500 -4.3954 4.3341 1785.3500 2.6421 -2.6418
1786.1000 -0.4973 -0.0080 1786.9000 0.0026 -0.0087 1786.4000 0.5092 0.0017
1786.5000 -0.3033 -0.4972 1786.5000 0.2960 -0.5094 1786.5000 0.0065 0.4985
1787.1500 1.8413 4.8833 1787.5500 3.1631 -1.1128 1787.3500 3.0779 -4.6161
1788.1500 1.9498 1.1759 1788.5500 3.0464 4.0683 1788.3500 -1.1121 -2.8964
1789.1000 -0.5002 -0.0051 1789.9000 0.0056 -0.0034 1789.4000 0.5061 -0.0044
1789.5000 -0.2902 -0.4953 1789.5000 0.3080 -0.5042 1789.5000 0.0045 0.5027
1790.1500 -4.1484 -4.6865 1790.5500 2.8163 1.4354 1790.3500 4.7678 0.7104
1791.1500 -0.8147 -3.1439 1791.5500 3.0686 2.5591 1791.3500 3.5251 4.0468
1792.1500 -4.0274 -2.4061 1792.5500 4.1974 2.7277 1792.3500 -3.1108 3.7000
1793.1500 -1.7580 3.7179 1793.5500 -0.7409 -1.5313 1793.3500 -4.4210 3.1023
1794.1500 1.2553 -4.2657 1794.5500 2.9372 -3.0293 1794.3500 -0.8684 -1.5717
1795.1500 -2.6340 -1.7987 1795.5500 -0.5044 2.4997 1795.3500 -1.7471 -0.7707
1796.1000 -0.5073 -0.0031 1796.9000 0.0013 -0.0033 1796.4000 0.4921 0.0093
1796.5000 -0.2990 -0.4952 1796.5000 0.2914 -0.5041 1796.5000 -0.0045 0.5011
1797.1500 -3.6285 -2.5043 1797.5500 -4.8890 4.5023 1797.3500 -0.2392 0.1740
1798.1500 -0.3932 -3.3695 1798.5500 4.1333 -3.0611 1798.3500 2.3104 -0.3496
1799.1500 0.7286 -0.0624 1799.5500 -3.6522 3.1607 1799.3500 -1.0078 3.6406
1800.1500 0.7903 -1.9987 1800.5500 -3.5661 -0.1685 1800.3500 -1.1378 -3.9696
1801.1500 1.1751 3.8489 1801.5500 -1.2947 -4.8931 1801.3500 -2.3784 2.7759
1802.1500 3.3356 -0.7839 1802.5500 -0.6007 -1.3971 1802.3500 0.2141 0.4233
1803.1500 0.0990 2.1572 1803.5500 3.3786 -4.3059 1803.3500 -4.1989 4.2702
1804.1500 4.7543 4.5107 1804.5500 3.5722 -4.1524 1804.3500 2.7592 -2.3943
1805.1500 -0.0656 0.0136 1805.5500 1.2405 -3.4536 1805.3500 1.6177 3.2240
1806.1000 -0.5003 0.0038 1806.9000 0.0086 0.0073 1806.4000 0.5037 0.0037
1806.5000 -0.3060 -0.4991 1806.5000 0.2932 -0.5031 1806.5000 0.0063 0.5048
1807.1500 4.0384 1.9920 1807.5500 -3.0336 3.0637 1807.3500 2.4682 2.0162
1808.1500 -3.0153 -2.9551 1808.5500 1.6945 -3.2779 1808.3500 3.8465 2.6433
1809.1500 1.7443 -1.4275 1809.5500 0.5113 4.6966 1809.3500 3.8596 0.6146
1810.1500 -4.2695 4.2962 1810.5500 -3.7658 1.0002 1810.3500 3.8951 3.5792
1811.1500 4.2809 3.9050 1811.5500 -2.5170 2.9036 1811.3500 -2.1970 -1.9787
1812.1500 -3.3519 2.0688 1812.5500 -1.1394 0.6860 1812.3500 4.0728 -4.2607
1813.1500 2.3942 -3.7692 1813.5500 -2.7430 -1.1419 1813.3500 0.6096 -4.1304
1814.1500 -2.7644 1.5889 1814.5500 1.5554 1.0638 1814.3500 3.5462 1.5716
1815.1500 1.2924 -2.1027 1815.5500 -0.6868 3.2585 1815.3500 2.1768 -1.0124
1816.1500 0.1333 4.8767 1816.5500 3.7032 -2.2443 1816.3500 -2.7053 -0.8873
1817.1500 1.4120 -0.6371 1817.5500 2.9252 -0.6671 1817.3500 2.4552 -1.8525
1818.1500 4.2978 -2.1470 1818.5500 3.9613 1.8797 1818.3500 -0.9482 -3.7876
1819.1500 -0.0057 -0.2936 1819.5500 -3.5207 4.8496 1819.3500 -3.4980 -0.6221
1820.1500 -4.3663 1.6038 1820.5500 -1.9451 4.4830 1820.3500 0.3491 -2.4898
1821.1500 -2.3042 4.6605 1821.5500 3.4980 3.3459 1821.3500 1.3023 -3.1184
1822.1500 -4.6252 2.6148 1822.5500 -2.0426 -4.9448 1822.3500 -2.2338 3.3156
1823.1500 1.2493 4.6355 1823.5500 -3.8721 -1.8476 1823.3500 1.9218 2.0449
1824.1500 1.2028 0.3018 1824.5500 -1.8512 0.3993 1824.3500 -4.5028 -1.3235
1825.1500 3.4195 3.1368 1825.5500 -0.7165 -2.3957 1825.3500 -1.2417 0.2032
1826.1500 -1.8681 3.4544 1826.5500 3.8285 -3.9189 1826.3500 2.5982 0.0499
1827.1500 -3.7242 -3.8375 1827.5500 2.3858 -2.2767 1827.3500 2.5295 -2.6410
1828.1000 -0.4984 -0.0033 1828.9000 -0.0091 0.0005 1828.4000 0.4994 0.0010
1828.5000 -0.3012 -0.5039 1828.5000 0.2916 -0.5056 1828.5000 -0.0096 0.5082
1829.1500 2.0947 -0.9693 1829.5500 1.1039 -1.4252 1829.3500 -3.9533 -2.6156
1830.1500 -3.9810 -2.7908 1830.5500 -4.2300 4.3056 1830.3500 1.0096 -1.4933
1831.1500 1.2907 0.3637 1831.5500 -0.9250 -0.0340 1831.3500 3.2882 -4.3247
1832.1500 -0.3425 -2.3049 1832.5500 -2.2689 -1.8011 1832.3500 -4.5279 -1.9535
1833.1500 -0.7006 4.2273 1833.5500 1.5210 1.0086 1833.3500 -0.9159 -3.5828
1834.1500 -2.1647 0.7262 1834.5500 1.4525 -4.0581 1834.3500 -2.4030 -1.7117
1835.1500 1.6320 4.8766 1835.5500 -0.9487 0.0965 1835.3500 2.8465 3.1658
1836.1500 3.3067 1.9355 1836.5500 -3.7481 -3.0937 1836.3500 -3.4103 2.9978
1837.1500 -2.0195 -4.9909 1837.5500 0.0265 0.3694 1837.3500 -1.9370 -2.0522
1838.1500 4.6077 4.3435 1838.5500 -3.2613 1.3006 1838.3500 -0.2448 -2.5013
1839.1000 -0.4958 -0.0007 1839.9000 -0.0038 0.0075 1839.4000 0.4985 -0.0087
1839.5000 -0.2996 -0.4945 1839.5000 0.3098 -0.5012 1839.5000 -0.0050 0.5089
1840.1500 4.3650 -4.5427 1840.5500 -4.6997 -3.0131 1840.3500 4.3845 -1.7489
1841.1000 -0.5032 0.0044 1841.9000 0.0053 -0.0022 1841.4000 0.5009 -0.0051
1841.5000 -0.2910 -0.4926 1841.5000 0.2966 -0.4926 1841.5000 0.0091 0.4970
1842.1500 0.8886 -0.1706 1842.5500 -3.4053 -1.5498 1842.3500 -1.2777 -3.2762
1843.1500 -2.5975 0.3725 1843.5500 4.4953 -2.8272 1843.3500 -3.7741 2.0098
1844.1500 -2.4222 2.5430 1844.5500 4.3335 3.3454 1844.3500 -2.4273 -2.8402
1845.1000 -0.5032 0.0066 1845.9000 0.0043 0.0016 1845.4000 0.4966 -0.0017
1845.5000 -0.3014 -0.5077 1845.5000 0.2952 -0.4907 1845.5000 0.0061 0.4983
1846.1000 -0.4936 0.0055 1846.9000 0.0076 -0.0032 1846.4000 0.5041 0.0097
1846.5000 -0.2957 -0.5016 1846.5000 0.3046 -0.4974 1846.5000 -0.0092 0.4962
1847.1500 4.9805 -4.8023 1847.5500 2.9729 1.1714 1847.3500 0.2922 3.2911
1848.1500 -2.4203 1.1062 1848.5500 -3.4501 -1.0169 1848.3500 -4.0467 -1.0924
1849.1500 4.8901 3.9043 1849.5500 -2.5663 0.2051 1849.3500 1.0042 -0.3441
1850.1500 -2.6838 0.0440 1850.5500 -1.4182 3.6430 1850.3500 -3.9263 4.4758
1851.1500 2.8864 -4.5008 1851.5500 0.4796 3.9465 1851.3500 -2.8114 4.0563
1852.1500 3.4705 -4.9153 1852.5500 4.7557 2.7449 1852.3500 1.8079 1.8415
1853.1500 3.4391 -1.9418 1853.5500 -2.5372 -1.8316 1853.3500 -2.1279 -0.0027
1854.1500 -0.2189 -3.2666 1854.5500 -4.3076 -4.6122 1854.3500 -0.2048 1.5901
1855.1500 4.8739 -4.9049 1855.5500 -3.4883 0.0520 1855.3500 4.0237 -2.8339
1856.1500 -1.4045 -1.4300 1856.5500 -1.5899 -2.7611 1856.3500 2.5890 1.2526
1857.1500 1.8640 -4.6017 1857.5500 2.0812 2.4147 1857.3500 4.7521 4.4199
1858.1500 -0.3754 -2.6333 1858.5500 0.6587 -3.2525 1858.3500 4.5270 -0.2362
1859.1500 -4.1708 -3.3534 1859.5500 -4.8779 -4.8170 1859.3500 4.9669 3.2706
1860.1500 0.9773 -1.6269 1860.5500 3.1964 1.3406 1860.3500 0.2682 2.7506
1861.1500 2.0678 -3.9826 1861.5500 -3.9187 -0.0728 1861.3500 -1.9751 -3.6034
1862.1500 -3.5702 -3.0450 1862.5500 4.4833 -2.8188 1862.3500 -0.0519 -1.8435
1863.1500 -2.5389 3.5864 1863.5500 1.8593 -4.2460 1863.3500 -0.5967 -1.4450
1864.1000 -0.5033 -0.0056 1864.9000 -0.0066 -0.0055 1864.4000 0.4926 0.0055
1864.5000 -0.2994 -0.5088 1864.5000 0.3047 -0.5057 1864.5000 0.0086 0.5035
1865.1500 -1.7444 -4.3734 1865.5500 -0.5417 -0.5682 1865.3500 -1.5333 -0.4937
1866.1000 -0.5016 0.0013 1866.9000 0.0042 0.0026 1866.4000 0.4966 -0.0097
1866.5000 -0.3056 -0.4942 1866.5000 0.3043 -0.5056 1866.5000 0.0054 0.4989
1867.1500 -2.4409 3.2391 1867.5500 -2.7703 2.7680 1867.3500 -3.9465 -0.7638
1868.1500 -2.5099 2.2536 1868.5500 3.9169 2.8531 1868.3500 -1.2787 -1.7740
1869.1000 -0.5012 -0.0055 1869.9000 0.0074 -0.0073 1869.4000 0.4950 -0.0074
1869.5000 -0.3036 -0.5054 1869.5000 0.3002 -0.4916 1869.5000 -0.0057 0.5063
1870.1500 2.7943 -0.3854 1870.5500 4.4483 4.1595 1870.3500 -2.2936 3.0287
1871.1500 2.7665 2.7911 1871.5500 0.8120 -3.7809 1871.3500 -1.3733 -0.3473
1872.1500 3.4348 3.9762 1872.5500 -3.6603 -3.9454 1872.3500 -2.8843 -2.5117
1873.1500 -3.9913 -1.4787 1873.5500 -4.4619 4.5517 1873.3500 -4.5649 -1.7857
1874.1500 -0.3456 -4.0561 1874.5500 -2.8507 -0.5181 1874.3500 2.0639 -1.7631
1875.1500 4.5294 4.3902 1875.5500 -4.2782 -2.7932 1875.3500 -1.0632 -2.4852
1876.1500 -0.2267 2.0785 1876.5500 -0.0198 2.0650 1876.3500 2.9284 0.3639
1877.1500 2.4342 -4.7288 1877.5500 -3.2052 3.5931 1877.3500 -3.2046 -4.6081
1878.1500 -3.0362 2.0224 1878.5500 3.9754 3.4102 1878.3500 1.8161 -3.5674
1879.1500 1.9322 -1.8283 1879.5500 0.8508 0.3134 1879.3500 -2.9588 -1.8863
1880.1500 3.4680 -2.8224 1880.5500 4.1621 3.8851 1880.3500 1.1668 -1.4805
1881.1000 -0.4986 0.0052 1881.9000 -0.0090 0.0053 1881.4000 0.5042 -0.0001
1881.5000 -0.3065 -0.4960 1881.5000 0.2924 -0.5059 1881.5000 0.0019 0.4927
1882.1500 4.3282 -2.4926 1882.5500 -1.9819 -1.3912 1882.3500 -0.4146 -2.9032
1883.1500 -0.7949 -3.0500 1883.5500 -2.2865 -1.2367 1883.3500 -2.4696 0.3895
1884.1500 1.5602 4.0726 1884.5500 2.8816 2.6383 1884.3500 -1.6801 2.2677
1885.1500 1.4830 3.5123 1885.5500 -0.3204 2.1711 1885.3500 -2.0182 -2.7479
1886.1000 -0.4936 -0.0077 1886.9000 -0.0029 0.0052 1886.4000 0.5096 0.0008
1886.5000 -0.2902 -0.4933 1886.5000 0.2966 -0.4976 1886.5000 0.0056 0.5033
1887.1500 0.7403 -0.1971 1887.5500 2.7886 -3.0575 1887.3500 -0.2929 2.3875
1888.1500 3.2753 4.1491 1888.5500 0.1866 -1.4417 1888.3500 2.3923 -4.9887
1889.1500 -4.2574 1.5956 1889.5500 4.6651 1.3301 1889.3500 4.2874 -3.8220
1890.1500 -2.1086 2.8976 1890.5500 -0.6634 -4.8331 1890.3500 0.9762 3.6768
1891.1500 3.5629 2.6737 1891.5500 3.7989 -4.2744 1891.3500 1.6504 -4.5567
1892.1500 2.4618 0.3699 1892.5500 3.3776 0.3974 1892.3500 -2.6947 -4.1037
1893.1500 -1.4217 -2.3555 1893.5500 1.0035 -0.0358 1893.3500 -2.9948 -4.8631
1894.1500 3.0880 -3.6019 1894.5500 -0.9971 -1.2615 1894.3500 4.0460 2.9333
1895.1500 2.9114 0.4303 1895.5500 -3.7156 0.1938 1895.3500 -0.8757 4.4894
1896.1500 2.8577 -2.1455 1896.5500 0.6694 1.2939 1896.3500 -2.6341 -2.1623
1897.1500 -4.2058 -3.2253 1897.5500 3.5264 3.0637 1897.3500 -1.1690 -2.4961
1898.1500 3.4393 3.3167 1898.5500 -4.5104 -2.4932 1898.3500 -0.4601 -0.8328
1899.1500 4.9944 -0.8430 1899.5500 -0.6987 3.5148 1899.3500 -2.9130 3.6945
1900.1500 0.0412 1.7045 1900.5500 1.4393 4.3854 1900.3500 2.2697 -0.1476
1901.1000 -0.5061 -0.0016 1901.9000 -0.0005 0.0069 1901.4000 0.5078 0.0003
1901.5000 -0.2997 -0.4913 1901.5000 0.3022 -0.5003 1901.5000 0.0067 0.5076
1902.1500 -0.6748 0.7575 1902.5500 -2.1305 3.8472 1902.3500 -0.0651 2.5090
1903.1500 -1.1822 1.2205 1903.5500 -1.4970 0.8456 1903.3500 -0.1341 -0.1852
1904.1500 -4.1114 -0.0805 1904.5500 4.0324 -4.8970 1904.3500 1.6602 -2.2684
1905.1500 1.8897 -4.7061 1905.5500 4.2519 -2.6114 1905.3500 0.1426 -2.8403
1906.1500 3.6785 -1.8483 1906.5500 1.1205 1.7696 1906.3500 1.0620 -1.5270
1907.1500 0.5832 3.2048 1907.5500 2.0697 -4.2650 1907.3500 0.0577 2.2600
1908.1500 -4.5327 -3.9443 1908.5500 0.4726 -2.8371 1908.3500 4.2218 3.2967
1909.1000 -0.5054 0.0059 1909.9000 -0.0099 -0.0070 1909.4000 0.4937 -0.0076
1909.5000 -0.2934 -0.4953 1909.5000 0.3012 -0.4975 1909.5000 0.0003 0.4990
1910.1500 1.0035 -2.8434 1910.5500 -1.6844 -2.8183 1910.3500 -0.9766 -2.0685
1911.1000 -0.5027 0.0057 1911.9000 -0.0063 0.0096 1911.4000 0.4954 0.0069
1911.5000 -0.2968 -0.5056 1911.5000 0.2953 -0.5050 1911.5000 0.0092 0.5082
1912.1500 4.4545 1.6255 1912.5500 1.0489 2.8604 1912.3500 -4.0122 -1.5303
1913.1500 -1.1325 -1.0998 1913.5500 -4.8251 -4.8722 1913.3500 -1.3011 3.4235
1914.1500 -0.3346 -3.5226 1914.5500 -4.6842 -0.0909 1914.3500 1.0947 2.3541
1915.1000 -0.5071 -0.0071 1915.9000 -0.0028 0.0024 1915.4000 0.4909 0.0022
1915.5000 -0.2907 -0.5049 1915.5000 0.2937 -0.5089 1915.5000 0.0068 0.4921
1916.1500 0.5982 -2.6003 1916.5500 -4.5146 4.0651 1916.3500 -3.2092 -4.1877
1917.1500 -1.7653 -4.2129 1917.5500 3.1321 -1.0420 1917.3500 4.6020 -0.1028
1918.1500 0.6333 -0.0095 1918.5500 2.2447 -1.9368 1918.3500 0.2931 0.5516
1919.1000 -0.4995 -0.0018 1919.9000 -0.0044 0.0063 1919.4000 0.5012 -0.0014
1919.5000 -0.3013 -0.4931 1919.5000 0.2946 -0.4930 1919.5000 -0.0009 0.4959
1920.1500 3.6672 -3.1765 1920.5500 0.4211 3.1325 1920.3500 1.2072 4.8351
1921.1500 0.0672 -1.1461 1921.5500 0.0905 3.4206 1921.3500 2.6851 4.8609
1922.1500 0.4922 0.0947 1922.5500 -4.3700 -0.2399 1922.3500 2.2712 -2.6408
1923.1500 3.4458 3.0326 1923.5500 -4.3421 -4.6628 1923.3500 0.5139 4.9653
1924.1500 -1.8366 -1.1237 1924.5500 4.9216 2.0162 1924.3500 2.1788 -3.4192
1925.1500 -4.8939 3.7818 1925.5500 3.3657 4.7661 1925.3500 -1.0403 3.3428
1926.1500 -2.6642 -0.4377 1926.5500 -0.8336 1.4997 1926.3500 -1.5135 2.4927
1927.1500 1.3043 -0.3845 1927.5500 1.4623 -3.1202 1927.3500 -1.2243 -0.1388
1928.1500 2.1138 -4.6912 1928.5500 0.9836 3.5272 1928.3500 0.2158 -1.6133
1929.1000 -0.5000 0.0063 1929.9000 -0.0055 -0.0075 1929.4000 0.5058 -0.0060
1929.5000 -0.2970 -0.5061 1929.5000 0.2991 -0.5032 1929.5000 -0.0092 0.4938
1930.1500 2.9098 3.8429 1930.5500 0.8100 -4.7873 1930.3500 4.3322 -4.8184
1931.1500 -0.5441 4.3345 1931.5500 3.0584 -4.0588 1931.3500 4.8611 1.4863
1932.1000 -0.4965 0.0025 1932.9000 -0.0036 0.0082 1932.4000 0.5097 0.0051
1932.5000 -0.3045 -0.4917 1932.5000 0.3005 -0.5081 1932.5000 0.0038 0.5088
1933.1500 3.0803 -2.0593 1933.5500 -0.6848 3.3196 1933.3500 2.3758 1.5950
1934.1000 -0.5014 0.0100 1934.9000 0.0036 -0.0059 1934.4000 0.5066 -0.0006
1934.5000 -0.3062 -0.4976 1934.5000 0.3051 -0.5042 1934.5000 0.0080 0.4991
1935.1000 -0.4906 0.0098 1935.9000 0.0062 0.0066 1935.4000 0.4918 0.0014
1935.5000 -0.3071 -0.4936 1935.5000 0.2906 -0.4945 1935.5000 0.0013 0.4981
1936.1500 2.2734 -4.4777 1936.5500 -1.6190 3.1042 1936.3500 1.1521 1.9535
1937.1000 -0.4931 -0.0089 1937.9000 0.0062 0.0050 1937.4000 0.5002 -0.0038
1937.5000 -0.2939 -0.5016 1937.5000 0.2944 -0.5082 1937.5000 -0.0081 0.5088
1938.1500 3.5225 4.3309 1938.5500 -1.4840 2.3106 1938.3500 0.6172 3.5375
1939.1500 0.0901 -1.8263 1939.5500 1.4560 1.6801 1939.3500 3.6444 -2.6977
1940.1500 -4.6909 0.1564 1940.5500 0.6682 4.3672 1940.3500 2.3617 4.8980
1941.1000 -0.4919 0.0079 1941.9000 -0.0004 0.0086 1941.4000 0.4914 -0.0057
1941.5000 -0.2919 -0.5007 1941.5000 0.2956 -0.4981 1941.5000 0.0066 0.5030
1942.1500 -0.4388 1.7016 1942.5500 3.3528 0.7744 1942.3500 0.6790 -3.3300
1943.1500 -0.7984 -0.7533 1943.5500 4.3236 1.2415 1943.3500 0.2154 -4.5298
1944.1500 -2.0566 1.3544 1944.5500 1.6091 -4.0276 1944.3500 0.7891 -3.6087
1945.1500 0.5979 -0.2523 1945.5500 4.4252 3.0786 1945.3500 3.9161 3.6211
1946.1500 2.8229 -4.3195 1946.5500 3.4162 -1.7383 1946.3500 2.5545 2.4531
1947.1500 -2.4779 -2.8095 1947.5500 3.5888 4.8078 1947.3500 -2.4816 3.1332
1948.1000 -0.5080 -0.0094 1948.9000 -0.0093 0.0091 1948.4000 0.5094 -0.0075
1948.5000 -0.3029 -0.4958 1948.5000 0.3042 -0.5040 1948.5000 0.0019 0.4991
1949.1500 -1.8725 0.4958 1949.5500 -3.3675 -0.6182 1949.3500 4.0995 -3.5532
1950.1500 1.8116 -1.1376 1950.5500 4.4202 -0.0209 1950.3500 3.0669 0.5370
1951.1500 -2.7369 -1.7509 1951.5500 1.4894 -4.0302 1951.3500 2.8028 1.3347
1952.1500 3.9279 -2.9126 1952.5500 3.8890 1.3142 1952.3500 1.3268 2.1267
1953.1000 -0.5005 0.0055 1953.9000 0.0007 0.0050 1953.4000 0.4902 -0.0091
1953.5000 -0.2992 -0.5098 1953.5000 0.2919 -0.4914 1953.5000 0.0095 0.4909
1954.1500 3.7441 1.8184 1954.5500 4.3730 1.7460 1954.3500 -2.4421 1.0623
1955.1500 1.6141 2.2223 1955.5500 0.6267 2.0751 1955.3500 3.6879 -2.1176
1956.1500 -4.0436 4.2580 1956.5500 -4.8321 3.0873 1956.3500 0.9969 4.4182
1957.1500 4.9924 -4.5226 1957.5500 -4.2882 -2.5031 1957.3500 2.3389 -2.9778
1958.1500 1.8038 -2.2615 1958.5500 2.7991 1.0956 1958.3500 4.8171 3.8825
1959.1500 -0.4412 -0.6523 1959.5500 0.2726 3.7713 1959.3500 -3.8319 0.0011
1960.1000 -0.4981 0.0028 1960.9000 0.0073 -0.0078 1960.4000 0.5060 -0.0029
1960.5000 -0.2985 -0.5068 1960.5000 0.3067 -0.5073 1960.5000 -0.0088 0.5058
1961.1500 -3.8975 -3.6564 1961.5500 0.7314 4.3219 1961.3500 -2.8457 3.1000
1962.1500 4.9725 4.1822 1962.5500 -0.6644 2.7386 1962.3500 4.1575 0.6578
1963.1500 3.8361 1.3787 1963.5500 0.5217 3.1944 1963.3500 0.1223 -3.2899
1964.1500 2.4358 -4.2540 1964.5500 3.6510 1.2212 1964.3500 0.8882 -0.5374
1965.1500 2.5900 0.8986 1965.5500 -3.3678 3.5095 1965.3500 -3.2760 -3.1729
1966.1500 0.4722 0.5553 1966.5500 -3.8382 -3.2375 1966.3500 -4.4526 -1.0661
1967.1000 -0.5093 -0.0035 1967.9000 0.0033 0.0086 1967.4000 0.5049 -0.0035
1967.5000 -0.2958 -0.5078 1967.5000 0.2970 -0.5068 1967.5000 0.0079 0.4975
1968.1000 -0.5100 -0.0061 1968.9000 -0.0071 -0.0027 1968.4000 0.5039 -0.0098
1968.5000 -0.2986 -0.4952 1968.5000 0.2985 -0.4963 1968.5000 0.0088 0.4907
1969.1500 2.5201 4.8515 1969.5500 -0.3668 -1.8100 1969.3500 -2.3423 -4.6450
1970.1500 2.0595 4.3117 1970.5500 -4.5981 -2.5042 1970.3500 0.8599 -3.2680
1971.1500 -2.5771 -0.7030 1971.5500 -4.7730 -4.3469 1971.3500 2.4417 -0.1748
1972.1500 -0.4972 -1.5788 1972.5500 -1.7017 -2.7174 1972.3500 1.3955 -3.8014
1973.1500 1.4650 4.9863 1973.5500 1.2869 2.2299 1973.3500 2.4464 -0.7394
1974.1500 -4.0794 2.6963 1974.5500 -1.5839 -3.3862 1974.3500 -0.4669 -3.9526
1975.1500 -0.4338 -3.6979 1975.5500 -4.9353 3.1723 1975.3500 -0.9636 -0.0943
1976.1500 4.2565 1.6354 1976.5500 0.1180 2.5714 1976.3500 -2.7093 -2.1777
1977.1500 -3.8616 -3.7804 1977.5500 1.8893 1.3006 1977.3500 -4.6565 3.5030
1978.1500 -0.6115 -4.5297 1978.5500 4.4561 -2.0619 1978.3500 -1.5170 3.4536
1979.1500 2.7159 -3.0866 1979.5500 2.5344 4.7047 1979.3500 -1.3798 -1.5780
1980.1500 3.4380 3.8247 1980.5500 1.3015 1.2126 1980.3500 -3.2279 0.7260
1981.1500 4.0169 4.0634 1981.5500 -0.3504 -1.4290 1981.3500 3.4550 0.0614
1982.1500 -1.6656 -1.3808 1982.5500 0.3198 -1.7091 1982.3500 -4.3557 2.3631
1983.1000 -0.5034 -0.0012 1983.9000 -0.0052 0.0054 1983.4000 0.4976 0.0013
1983.5000 -0.3079 -0.4914 1983.5000 0.2923 -0.5085 1983.5000 -0.0054 0.4980
1984.1500 -4.8436 -1.8274 1984.5500 2.3791 4.8747 1984.3500 0.6277 0.9660
1985.1500 -2.2695 -1.0269 1985.5500 1.9907 3.6639 1985.3500 3.0823 0.9031
1986.1000 -0.5070 -0.0008 1986.9000 -0.0009 0.0079 1986.4000 0.5000 -0.0056
1986.5000 -0.3059 -0.4996 1986.5000 0.3029 -0.5091 1986.5000 -0.0002 0.4938
1987.1500 -1.0737 3.7301 1987.5500 2.1797 4.3624 1987.3500 0.3853 -1.4657
1988.1500 -4.4155 -4.9899 1988.5500 -3.8672 4.3602 1988.3500 -4.4733 -2.9443
1989.1500 -3.0043 1.5347 1989.5500 3.6204 1.7283 1989.3500 2.0357 -0.9463
1990.1500 -2.9067 -3.7869 1990.5500 -2.6624 3.1114 1990.3500 3.4367 -1.2960
1991.1500 -1.6418 -0.0806 1991.5500 0.2515 0.2586 1991.3500 -3.6351 2.8963
1992.1500 4.2722 -4.7508 1992.5500 1.9712 4.3240 1992.3500 -1.6932 -3.6870
1993.1500 1.5811 -2.7204 1993.5500 -2.9566 2.8893 1993.3500 2.2593 1.1966
1994.1500 -2.4983 3.0369 1994.5500 -2.4174 0.4788 1994.3500 1.5004 -4.6900
1995.1500 -0.9709 2.1869 1995.5500 4.8062 -1.1060 1995.3500 -0.5737 4.0563
1996.1500 -3.1211 4.6853 1996.5500 4.8420 -2.1480 1996.3500 1.1058 -4.5620
1997.1500 -0.2595 -3.0114 1997.5500 -3.5263 -1.1209 1997.3500 -4.9943 -4.5813
1998.1500 1.5048 -3.5390 1998.5500 -0.4460 2.3987 1998.3500 3.6326 3.0221
1999.1500 0.5799 0.5081 1999.5500 0.5358 -0.8259 1999.3500 0.9133 4.6504
2000.1500 4.0734 -1.4904 2000.5500 0.5628 4.1165 2000.3500 0.4494 -0.2402
2001.1500 2.5513 0.9831 2001.5500 -4.3918 -2.5648 2001.3500 1.9713 3.5336
2002.1500 -2.4128 4.3435 2002.5500 0.4243 1.1570 2002.3500 0.5619 4.6010
2003.1500 3.8218 -1.1142 2003.5500 -3.5838 -4.1681 2003.3500 -3.1561 -3.4720
2004.1500 -0.9746 -3.0868 2004.5500 -0.5508 3.5640 2004.3500 -2.4060 2.9668
2005.1500 0.9002 3.7072 2005.5500 -4.9084 0.8826 2005.3500 -3.9060 1.6289
2006.1500 -2.2309 -0.9682 2006.5500 -0.2439 -1.1901 2006.3500 2.6186 -1.3234
2007.1500 -0.8175 4.1385 2007.5500 1.6894 -0.3814 2007.3500 3.2377 -0.0838
2008.1500 -2.1166 -4.9930 2008.5500 2.9846 2.1046 2008.3500 -3.4415 -0.7400
2009.1000 -0.4900 0.0008 2009.9000 -0.0007 -0.0097 2009.4000 0.4901 -0.0069
2009.5000 -0.2966 -0.5088 2009.5000 0.3045 -0.5090 2009.5000 0.0058 0.4901
2010.1500 -0.2067 3.2665 2010.5500 2.0420 4.2206 2010.3500 1.7336 2.3078
2011.1500 -3.4639 4.4452 2011.5500 3.0109 1.7211 2011.3500 -2.7084 -1.2267
2012.1500 -0.0448 3.7322 2012.5500 -3.7490 1.7857 2012.3500 1.7813 3.0839
2013.1000 -0.4963 -0.0042 2013.9000 0.0024 -0.0075 2013.4000 0.5074 -0.0087
2013.5000 -0.3097 -0.5022 2013.5000 0.2958 -0.5032 2013.5000 -0.0073 0.4999
2014.1500 1.4579 -0.3666 2014.5500 -3.9000 -0.0466 2014.3500 1.1770 -0.2230
2015.1500 -3.5860 0.0482 2015.5500 3.2282 -1.8891 2015.3500 2.3728 -4.1684
2016.1500 1.3288 3.1615 2016.5500 3.1397 2.2951 2016.3500 4.5694 -3.8953
2017.1500 0.0270 4.5658 2017.5500 4.6216 -2.0882 2017.3500 0.7252 0.2381
2018.1000 -0.5067 -0.0078 2018.9000 -0.0045 -0.0003 2018.4000 0.5054 0.0053
2018.5000 -0.3075 -0.5018 2018.5000 0.3089 -0.5006 2018.5000 -0.0025 0.4999
2019.1500 2.1945 0.5394 2019.5500 -2.3496 -3.9757 2019.3500 -3.0949 4.3599
2020.1500 0.3596 1.9374 2020.5500 1.7862 -4.2337 2020.3500 2.4417 0.5323
2021.1500 -3.1150 4.7192 2021.5500 4.4986 -0.7230 2021.3500 -0.3213 -3.1986
2022.1500 2.5603 4.4678 2022.5500 1.6554 -3.6738 2022.3500 4.7148 -1.6006
2023.1500 -2.0374 1.6034 2023.5500 3.3001 -4.0283 2023.3500 3.7568 4.5706
2024.1500 1.7283 4.5746 2024.5500 -3.8080 -2.0136 2024.3500 0.9436 -3.3106
2025.1500 -2.4814 -4.3489 2025.5500 2.7438 0.2430 2025.3500 3.3896 -2.4136
2026.1500 2.5201 -2.3177 2026.5500 4.8325 -3.6107 2026.3500 -1.6632 0.9882
2027.1500 -1.4085 2.1116 2027.5500 -1.6125 0.9546 2027.3500 4.5898 -1.5982
2028.1000 -0.4950 0.0033 2028.9000 -0.0013 0.0089 2028.4000 0.4919 0.0066
2028.5000 -0.2981 -0.5099 2028.5000 0.3038 -0.4919 2028.5000 0.0099 0.5026
2029.1500 -0.5528 -1.4730 2029.5500 0.4883 -0.7218 2029.3500 -3.8619 -0.8439
2030.1500 1.1310 -4.6915 2030.5500 0.8959 -4.2792 2030.3500 2.6084 3.7583
2031.1500 -4.2843 -3.8673 2031.5500 3.4139 4.7714 2031.3500 1.0759 4.9125
2032.1500 -3.0128 -0.1332 2032.5500 -2.6170 1.2836 2032.3500 -1.4057 -4.8820
2033.1000 -0.4952 0.0032 2033.9000 -0.0072 -0.0021 2033.4000 0.4940 -0.0060
2033.5000 -0.2987 -0.4990 2033.5000 0.3092 -0.5027 2033.5000 0.0018 0.4985
2034.1500 -0.9590 -1.6782 2034.5500 -4.9480 3.6443 2034.3500 2.0685 -3.4070
2035.1500 -4.8550 0.0706 2035.5500 0.6157 -4.9568 2035.3500 -1.1947 0.8711
2036.1000 -0.5040 0.0031 2036.9000 0.0097 0.0032 2036.4000 0.4992 0.0013
2036.5000 -0.2910 -0.4996 2036.5000 0.3073 -0.5083 2036.5000 0.0083 0.5095
2037.1500 1.5672 -4.0070 2037.5500 4.0696 2.1698 2037.3500 3.5218 -4.9746
2038.1000 -0.4952 -0.0022 2038.9000 -0.0021 -0.0062 2038.4000 0.5039 -0.0074
2038.5000 -0.3004 -0.5076 2038.5000 0.2989 -0.4948 2038.5000 0.0092 0.4967
2039.1500 2.6020 -0.2482 2039.5500 2.0166 4.1909 2039.3500 -4.7788 -1.5686
2040.1500 4.8254 0.7020 2040.5500 -4.4805 -1.3854 2040.3500 1.9457 4.9326
2041.1500 4.7931 -4.0891 2041.5500 -3.8575 -1.1416 2041.3500 2.9990 3.6019
2042.1500 3.3776 -1.3927 2042.5500 3.2644 1.6881 2042.3500 -4.9557 -0.8811
2043.1500 1.2509 -4.8699 2043.5500 1.4474 4.2769 2043.3500 3.6224 -1.5668
2044.1500 4.5857 -3.2045 2044.5500 -1.0059 1.4956 2044.3500 3.6395 2.8815
2045.1500 3.1580 -3.6313 2045.5500 0.2127 4.8837 2045.3500 4.8008 -2.1423
2046.1500 -3.8994 -4.4497 2046.5500 -4.2928 4.7792 2046.3500 3.2084 1.8643
2047.1500 3.8205 2.8552 2047.5500 4.4739 -4.6620 2047.3500 -4.1150 2.9253
2048.1500 -3.7517 3.5476 2048.5500 -4.2242 1.1402 2048.3500 1.6945 3.7819
2049.1500 -1.4336 -3.5375 2049.5500 -0.8598 -2.1742 2049.3500 -4.9592 3.5349
2050.1500 -2.9724 -4.2110 2050.5500 0.7783 3.3492 2050.3500 3.9385 2.1907
2051.1500 -4.1578 0.9407 2051.5500 -3.8732 2.4635 2051.3500 2.1546 -2.3049
2052.1500 0.5666 -2.7262 2052.5500 -0.3312 1.6348 2052.3500 -4.1644 4.7014
2053.1500 3.2845 4.2548 2053.5500 -4.7887 -2.8692 2053.3500 1.0745 4.3174
2054.1500 -2.3646 -2.0694 2054.5500 -4.8609 2.2633 2054.3500 -4.8608 -1.7901
2055.1000 -0.4955 -0.0087 2055.9000 -0.0085 -0.0007 2055.4000 0.4937 0.0001
2055.5000 -0.2916 -0.5021 2055.5000 0.2955 -0.4928 2055.5000 0.0098 0.4919
2056.1500 -3.0398 2.6852 2056.5500 4.7962 2.1951 2056.3500 3.3197 0.4665
2057.1000 -0.4993 0.0001 2057.9000 0.0087 0.0067 2057.4000 0.5088 -0.0021
2057.5000 -0.3099 -0.5006 2057.5000 0.3026 -0.5090 2057.5000 -0.0071 0.5088
2058.1500 1.3482 2.7168 2058.5500 -3.1905 -4.9815 2058.3500 -0.4844 0.7495
2059.1500 3.6245 2.7623 2059.5500 -1.9144 -0.4947 2059.3500 -1.0027 -3.7186
2060.1000 -0.4920 0.0001 2060.9000 -0.0055 -0.0093 2060.4000 0.5084 0.0087
2060.5000 -0.3005 -0.5020 2060.5000 0.2990 -0.5090 2060.5000 0.0020 0.4976
2061.1500 0.1715 4.7356 2061.5500 -1.6340 1.8740 2061.3500 2.0388 2.2771
2062.1500 -1.3347 3.4371 2062.5500 2.0788 0.8482 2062.3500 -2.5674 -4.0010
2063.1500 1.3997 4.6901 2063.5500 0.2875 -0.3574 2063.3500 -4.3379 -1.5538
2064.1500 -2.5649 2.0146 2064.5500 -3.7485 4.9838 2064.3500 1.7691 -4.8674
2065.1500 -2.2378 -2.5014 2065.5500 -3.1551 3.9842 2065.3500 -2.8299 -4.8122
2066.1500 2.1982 2.8396 2066.5500 -1.6530 2.2524 2066.3500 -4.0324 0.3974
2067.1500 3.3583 1.6042 2067.5500 -4.6774 4.4727 2067.3500 -2.1556 -0.0390
2068.1500 4.0031 -2.4512 2068.5500 0.2940 3.0359 2068.3500 -3.3192 -2.4691
2069.1500 4.6986 4.0614 2069.5500 -2.0885 -0.1659 2069.3500 -1.8393 -1.4562
2070.1500 0.5366 3.3014 2070.5500 -4.8967 -2.3693 2070.3500 4.2246 -2.9750
2071.1500 -4.6142 3.7399 2071.5500 0.2314 -4.5101 2071.3500 1.9623 -0.8334
2072.1500 -0.9059 -0.9822 2072.5500 -3.1258 2.2772 2072.3500 -2.2202 -2.9828
2073.1500 -0.2189 -1.6461 2073.5500 2.5296 -2.3539 2073.3500 2.0553 -3.2860
2074.1500 2.6852 1.3019 2074.5500 4.4690 -3.3820 2074.3500 3.1962 -2.6534
2075.1500 4.8793 1.0410 2075.5500 4.7268 -3.2775 2075.3500 1.0623 0.4139
2076.1500 3.7527 -2.6341 2076.5500 -4.4055 2.7137 2076.3500 -4.2438 -2.9924
2077.1500 1.8768 -4.4680 2077.5500 -4.8678 1.2969 2077.3500 -1.0644 4.5521
2078.1500 -0.4582 -2.3200 2078.5500 -1.2493 0.0506 2078.3500 -3.6991 1.1125
2079.1500 -4.1769 1.4765 2079.5500 1.9598 2.2801 2079.3500 -1.4222 4.5206
2080.1500 -3.1374 3.7115 2080.5500 -4.0431 -4.4632 2080.3500 -3.2525 0.2011
2081.1500 -0.0508 -2.0252 2081.5500 -0.9275 -1.6726 2081.3500 -1.5821 1.1313
2082.1500 -1.4982 0.2026 2082.5500 -2.6102 -0.7538 2082.3500 2.4471 -4.1380
2083.1000 -0.5067 0.0045 2083.9000 0.0002 0.0031 2083.4000 0.5095 0.0011
2083.5000 -0.3070 -0.4950 2083.5000 0.3071 -0.4968 2083.5000 0.0052 0.5056
2084.1500 4.9620 -3.7643 2084.5500 1.0106 3.2028 2084.3500 -0.4323 -2.2107
2085.1000 -0.5019 -0.0049 2085.9000 0.0075 -0.0084 2085.4000 0.4933 -0.0100
2085.5000 -0.3017 -0.4911 2085.5000 0.3053 -0.4949 2085.5000 0.0052 0.4923
2086.1500 -3.4112 0.5924 2086.5500 -1.3531 -1.9921 2086.3500 -3.6686 1.3591
2087.1000 -0.4976 0.0024 2087.9000 -0.0060 -0.0034 2087.4000 0.5021 -0.0089
2087.5000 -0.3061 -0.4954 2087.5000 0.3079 -0.4948 2087.5000 -0.0049 0.4903
2088.1500 -1.2604 0.8438 2088.5500 -0.4421 3.7272 2088.3500 -2.6988 1.1006
2089.1500 1.8145 -2.8490 2089.5500 -2.6940 0.5020 2089.3500 2.3163 -4.6477
2090.1500 -2.1879 4.9694 2090.5500 1.6622 -1.4319 2090.3500 4.9939 1.1886
2091.1500 -1.5212 -4.6092 2091.5500 1.9655 -3.0927 2091.3500 -3.4118 -4.4723
2092.1500 1.3568 4.2852 2092.5500 4.9032 -3.2945 2092.3500 4.6447 3.9558
2093.1500 -1.4613 3.2587 2093.5500 1.2341 3.0814 2093.3500 2.0587 -1.5147
2094.1500 -3.0663 3.4085 2094.5500 2.9993 -4.4155 2094.3500 -0.6443 -0.6681
2095.1500 1.6748 -2.6990 2095.5500 -3.4680 3.9420 2095.3500 0.8963 -3.4247
2096.1500 0.8971 -2.5130 2096.5500 -1.9568 2.8209 2096.3500 -2.7124 -2.6949
2097.1500 1.1071 -3.0638 2097.5500 -0.8161 -2.1211 2097.3500 -1.9594 3.4444
2098.1500 0.8422 -2.4244 2098.5500 -0.9693 1.4604 2098.3500 1.3957 4.8536
2099.1500 4.5743 0.4980 2099.5500 3.2745 -4.2348 2099.3500 3.9021 2.0414
2100.1500 0.9067 4.2452 2100.5500 -3.3985 -3.6788 2100.3500 4.8616 -0.2957
2101.1500 3.2943 1.7370 2101.5500 -2.1183 1.1012 2101.3500 -4.8480 2.4266
2102.1500 0.4432 3.2950 2102.5500 -4.4144 -4.9195 2102.3500 0.1979 -4.1357
2103.1500 -4.0401 2.2588 2103.5500 -2.6323 -2.5372 2103.3500 4.9157 0.0115
2104.1500 -4.9688 -2.3536 2104.5500 -1.8678 -0.9180 2104.3500 -3.0918 -2.8130
2105.1500 2.1429 -1.8109 2105.5500 1.1783 -4.2806 2105.3500 -1.3874 -0.5005
2106.1500 2.2604 -2.8610 2106.5500 -0.2558 1.4587 2106.3500 -3.5397 0.8492
2107.1500 -1.3147 4.7048 2107.5500 -1.2760 0.4429 2107.3500 -2.9612 3.1835
2108.1500 4.8664 0.6319 2108.5500 -1.4914 -3.7442 2108.3500 1.9424 -2.7533
2109.1500 -0.9795 -4.0914 2109.5500 -0.8063 -3.4005 2109.3500 -3.3986 3.3610
2110.1500 -4.2610 -3.1306 2110.5500 -2.9169 2.2011 2110.3500 -3.3937 -4.3749
2111.1500 -1.3335 -3.9780 2111.5500 -1.5752 -4.3931 2111.3500 4.7502 2.2159
2112.1500 -2.2532 4.3790 2112.5500 -0.2446 0.0416 2112.3500 -2.0439 -3.5189
2113.1000 -0.5089 0.0059 2113.9000 -0.0063 0.0010 2113.4000 0.4964 -0.0017
2113.5000 -0.3064 -0.4977 2113.5000 0.2943 -0.5058 2113.5000 -0.0048 0.5045
2114.1500 -3.3985 1.7745 2114.5500 -4.4709 0.7383 2114.3500 -4.6167 2.9903
2115.1500 -0.8967 -0.9973 2115.5500 2.8255 0.2196 2115.3500 -2.5068 4.7562
2116.1000 -0.4911 0.0014 2116.9000 0.0002 0.0097 2116.4000 0.5053 0.0045
2116.5000 -0.3043 -0.5081 2116.5000 0.3033 -0.4998 2116.5000 -0.0085 0.4918
2117.1500 3.2162 -1.7572 2117.5500 -4.1053 4.5400 2117.3500 2.3933 1.8849
2118.1500 -1.3270 -1.6799 2118.5500 4.5888 1.7704 2118.3500 -0.3220 -1.5470
2119.1500 4.8224 4.2979 2119.5500 0.2398 -4.5858 2119.3500 -0.7302 3.3587
2120.1500 -3.0222 1.1734 2120.5500 -0.8738 0.7919 2120.3500 -1.9058 2.9436
2121.1000 -0.4964 -0.0066 2121.9000 -0.0051 0.0026 2121.4000 0.5038 -0.0042
2121.5000 -0.2963 -0.4959 2121.5000 0.2909 -0.4982 2121.5000 -0.0035 0.4944
2122.1000 -0.5039 -0.0042 2122.9000 -0.0013 0.0032 2122.4000 0.4954 -0.0041
2122.5000 -0.2923 -0.4914 2122.5000 0.3078 -0.4966 2122.5000 -0.0038 0.5072
2123.1500 -1.0150 -4.1071 2123.5500 -0.3893 3.5027 2123.3500 -0.2098 1.0037
2124.1500 -0.7004 0.1317 2124.5500 1.3056 1.3267 2124.3500 0.2314 2.9254
2125.1500 3.7883 4.5939 2125.5500 3.0615 -4.1936 2125.3500 -0.9150 -3.3814
2126.1500 -3.0087 -2.7432 2126.5500 -4.4231 3.2001 2126.3500 -0.0935 -3.4877
2127.1500 3.4855 -0.4109 2127.5500 -1.5282 -4.6288 2127.3500 -1.2120 -2.7247
2128.1000 -0.5016 -0.0028 2128.9000 0.0067 0.0014 2128.4000 0.5061 0.0061
2128.5000 -0.2968 -0.4944 2128.5000 0.3051 -0.4937 2128.5000 -0.0024 0.4954
2129.1500 -1.9423 -3.1472 2129.5500 2.2695 3.5300 2129.3500 4.1522 -4.2951
2130.1500 -0.1765 1.7434 2130.5500 4.3397 3.6733 2130.3500 -1.3336 -3.6682
2131.1500 4.7469 0.7843 2131.5500 1.2764 2.4490 2131.3500 -0.3731 3.6978
2132.1500 4.6782 -1.9630 2132.5500 -4.1689 -0.3958 2132.3500 -0.7245 1.7915
2133.1500 0.2070 -4.9562 2133.5500 0.6015 0.9571 2133.3500 -2.4742 -1.2803
2134.1500 -0.1913 -1.1608 2134.5500 -0.4814 -2.8984 2134.3500 4.4354 -0.6148
2135.1500 2.4168 0.7909 2135.5500 -1.0340 -3.2360 2135.3500 -2.0203 1.6407
2136.1500 -4.2920 -0.6653 2136.5500 -4.6939 -4.0989 2136.3500 -3.1747 2.7651
2137.1500 -2.4938 1.7373 2137.5500 -1.9584 4.5266 2137.3500 -1.4997 0.3181
2138.1500 1.0075 3.2024 2138.5500 1.5806 0.9743 2138.3500 -1.4107 -1.7949
2139.1500 -4.8345 -4.2560 2139.5500 -3.1899 0.3701 2139.3500 4.9491 -2.3026
2140.1500 4.1568 1.2926 2140.5500 -1.9674 -2.4935 2140.3500 -3.8845 3.4056
2141.1500 -0.6197 -4.2856 2141.5500 2.9765 2.3342 2141.3500 -1.6886 -2.3985
2142.1500 -3.3690 1.1750 2142.5500 -4.1325 -4.5221 2142.3500 4.7202 -3.7256
2143.1500 3.5144 2.0007 2143.5500 -3.1094 4.0495 2143.3500 2.7214 -3.4415
2144.1500 -0.0851 -1.6086 2144.5500 -2.6382 -4.4243 2144.3500 3.4848 -2.5059
2145.1500 1.3635 3.2307 2145.5500 -3.4300 1.1185 2145.3500 -1.6621 1.4693
2146.1000 -0.5070 -0.0066 2146.9000 0.0037 0.0017 2146.4000 0.4901 -0.0013
2146.5000 -0.3098 -0.5067 2146.5000 0.3017 -0.5078 2146.5000 -0.0009 0.5099
2147.1500 -2.9301 4.1588 2147.5500 1.3968 -0.0998 2147.3500 -3.8770 -3.9462
2148.1500 -1.7076 -4.0949 2148.5500 -3.3269 -3.9400 2148.3500 -4.2339 -2.2887
2149.1000 -0.5015 0.0019 2149.9000 0.0033 0.0092 2149.4000 0.5083 0.0009
2149.5000 -0.3015 -0.5071 2149.5000 0.3042 -0.4913 2149.5000 0.0097 0.4959
2150.1500 1.3570 1.7470 2150.5500 2.5532 4.4187 2150.3500 -1.5877 0.2644
2151.1500 -3.9893 -1.3911 2151.5500 -2.7310 -4.7998 2151.3500 4.5725 2.5985
2152.1500 4.8792 -3.7897 2152.5500 3.4459 1.7626 2152.3500 -1.7346 3.1240
2153.1500 -3.6580 -1.3816 2153.5500 -3.2298 -2.4167 2153.3500 -2.4892 3.2975
2154.1500 -4.1434 -4.4713 2154.5500 -0.0009 0.1565 2154.3500 0.4178 -0.0291
2155.1500 -3.4483 -0.9026 2155.5500 -0.0858 -2.9448 2155.3500 -4.5796 -4.8621
2156.1500 -2.4809 -1.7098 2156.5500 1.2123 4.5295 2156.3500 4.4596 -3.7195
2157.1500 -2.1872 0.9911 2157.5500 -3.6617 -3.9564 2157.3500 1.0378 2.7834
2158.1500 -4.1419 3.7455 2158.5500 -2.6378 3.4218 2158.3500 -3.2348 -2.7238
2159.1500 4.4812 0.8932 2159.5500 -0.5692 -0.4542 2159.3500 -1.7740 -0.2752
2160.1500 -1.3185 3.3833 2160.5500 0.0253 1.3813 2160.3500 -3.5001 -3.5725
2161.1500 -2.0299 -3.6739 2161.5500 -1.4980 -0.2302 2161.3500 -3.8635 -3.7295
2162.1500 2.8889 -2.9176 2162.5500 -4.4776 -2.0592 2162.3500 1.9911 -3.9244
2163.1500 3.6191 -2.6692 2163.5500 1.3250 1.4919 2163.3500 1.0882 -1.4457
2164.1500 2.4489 1.5680 2164.5500 4.1116 4.3937 2164.3500 -3.2619 -3.0192
2165.1000 -0.5080 0.0019 2165.9000 -0.0045 -0.0009 2165.4000 0.4981 0.0084
2165.5000 -0.3057 -0.4923 2165.5000 0.3043 -0.4925 2165.5000 -0.0068 0.5013
2166.1000 -0.5005 -0.0039 2166.9000 -0.0008 -0.0048 2166.4000 0.4929 -0.0031
2166.5000 -0.2949 -0.5067 2166.5000 0.3015 -0.5064 2166.5000 -0.0026 0.4984
2167.1500 -4.6390 -2.0615 2167.5500 -0.1895 1.1500 2167.3500 -0.1109 0.9740
2168.1500 4.3236 4.5361 2168.5500 1.2837 2.2867 2168.3500 4.9138 -4.3694
2169.1500 2.8538 4.9655 2169.5500 -3.6379 0.7336 2169.3500 -3.2087 -0.9960
2170.1500 3.0515 1.2371 2170.5500 -3.4483 -2.7595 2170.3500 -0.9883 -1.5977
2171.1500 2.0359 -3.4335 2171.5500 4.3667 -3.0483 2171.3500 1.6079 -2.7500
2172.1500 -1.0038 -1.8568 2172.5500 -2.0126 -2.5687 2172.3500 -3.5366 -1.1771
2173.1500 -0.3543 4.5769 2173.5500 0.8138 -0.6126 2173.3500 1.2422 -2.8003
2174.1500 -1.5632 3.0776 2174.5500 -3.3790 -3.1056 2174.3500 -4.6719 1.9073
2175.1500 -1.3746 -3.6013 2175.5500 -2.0204 -4.0393 2175.3500 2.9890 3.4215
2176.1500 -0.9278 1.1973 2176.5500 -2.7813 2.8491 2176.3500 2.1850 4.5083
2177.1500 -3.9146 -1.3996 2177.5500 1.1848 2.1886 2177.3500 -4.9409 -4.9573
2178.1500 -3.4584 -0.8339 2178.5500 4.0829 -0.3507 2178.3500 -3.8901 3.4286
2179.1500 0.4535 2.8033 2179.5500 3.0642 -2.3766 2179.3500 2.5764 4.5776
2180.1500 -2.0999 -4.9562 2180.5500 -3.9125 -4.5928 2180.3500 1.5385 -0.2628
2181.1500 0.1906 -4.5589 2181.5500 -3.9884 1.7499 2181.3500 -0.6157 -0.2772
2182.1000 -0.4964 -0.0073 2182.9000 0.0078 0.0047 2182.4000 0.4967 -0.0092
2182.5000 -0.3002 -0.4914 2182.5000 0.2962 -0.5038 2182.5000 -0.0032 0.5017
2183.1500 4.6860 -0.7048 2183.5500 -0.5752 -3.9473 2183.3500 -1.7831 -3.4221
2184.1500 0.1816 -3.8921 2184.5500 -2.2760 -1.8049 2184.3500 4.3558 0.3751
2185.1500 0.2353 -1.1850 2185.5500 1.3402 -2.5055 2185.3500 2.8852 0.4816
2186.1500 -0.2927 -1.8946 2186.5500 3.8803 -2.7490 2186.3500 1.4192 4.5389
2187.1500 0.1746 2.0608 2187.5500 0.5542 -2.8210 2187.3500 -1.9654 -3.5718
2188.1500 0.8996 0.0650 2188.5500 -2.9781 -0.6917 2188.3500 4.1175 3.0661
2189.1500 -2.8690 -4.3233 2189.5500 -0.7094 -2.2595 2189.3500 -0.9146 -3.9626
2190.1500 -3.1712 0.4001 2190.5500 3.5918 -2.1740 2190.3500 1.7780 -1.1760
2191.1500 -3.8341 -0.2126 2191.5500 4.6710 -1.1953 2191.3500 -0.2553 4.1852
2192.1500 1.4780 4.0467 2192.5500 -2.6855 0.3577 2192.3500 -1.4282 -3.6163
2193.1500 -3.4353 -3.3630 2193.5500 2.0349 1.6940 2193.3500 -0.1045 2.3551
2194.1500 1.5821 2.8368 2194.5500 -1.1114 2.4350 2194.3500 2.3126 4.0626
2195.1000 -0.4913 0.0020 2195.9000 -0.0081 -0.0008 2195.4000 0.5073 -0.0058
2195.5000 -0.2969 -0.4946 2195.5000 0.2975 -0.5095 2195.5000 -0.0043 0.5001
2196.1500 -4.5076 -0.5724 2196.5500 -3.1542 0.5588 2196.3500 4.6409 3.5817
2197.1500 2.6962 -1.5160 2197.5500 -2.3228 2.2027 2197.3500 -1.4303 3.1935
2198.1500 -0.3229 -4.8947 2198.5500 1.0910 -1.8412 2198.3500 -4.8550 -2.1490
2199.1500 -4.9606 -0.2749 2199.5500 0.6785 3.9474 2199.3500 1.2243 0.7785
2200.1500 -1.1770 4.4793 2200.5500 -1.8834 3.2894 2200.3500 -1.7035 -3.1505
2201.1500 4.4365 3.2730 2201.5500 -2.3561 -0.6127 2201.3500 0.9718 -1.4576
2202.1500 -4.9872 -2.6840 2202.5500 1.3442 2.0395 2202.3500 4.7522 1.6224
2203.1500 -4.5088 -1.9617 2203.5500 3.9415 1.4938 2203.3500 4.7928 -1.7327
2204.1500 4.7760 2.2079 2204.5500 -1.5377 -2.9914 2204.3500 -2.4728 0.2043
2205.1500 3.5997 -1.2697 2205.5500 2.8097 2.8706 2205.3500 -2.3682 -3.4079
2206.1500 2.5838 4.3449 2206.5500 2.7644 0.6023 2206.3500 1.0275 -4.5856
2207.1500 -4.6493 2.1568 2207.5500 2.3933 2.7339 2207.3500 1.3805 -0.7643
2208.1500 4.8295 2.4846 2208.5500 -0.6612 2.4082 2208.3500 0.2117 4.9017
2209.1500 2.2510 4.1910 2209.5500 1.6657 -4.7409 2209.3500 -1.9981 -2.8122
2210.1500 -1.1562 3.1379 2210.5500 -4.5398 4.5330 2210.3500 2.7572 3.3933
2211.1500 -0.3182 -1.9433 2211.5500 3.8398 4.6672 2211.3500 2.5711 3.0021
2212.1500 -2.4812 -4.5988 2212.5500 4.7763 1.7578 2212.3500 4.7584 3.7941
2213.1000 -0.5018 0.0011 2213.9000 0.0048 0.0092 2213.4000 0.4968 -0.0083
2213.5000 -0.2903 -0.4969 2213.5000 0.3025 -0.4962 2213.5000 -0.0019 0.5001
2214.1500 -2.9794 -1.2601 2214.5500 -4.9698 4.8675 2214.3500 2.6173 -3.3266
2215.1500 3.3806 -4.9789 2215.5500 -1.1431 -2.6148 2215.3500 -3.3148 -3.7084
2216.1500 3.6457 -1.5355 2216.5500 -2.4097 -1.8209 2216.3500 -0.4417 0.7994
2217.1500 -1.1961 3.6462 2217.5500 1.6545 -4.0239 2217.3500 2.9302 2.1111
2218.1500 3.2176 -2.7999 2218.5500 0.0695 1.5683 2218.3500 2.3704 2.1887
2219.1500 -3.4799 3.2047 2219.5500 -4.7755 -2.8409 2219.3500 -1.4681 1.1210
2220.1500 -2.5502 1.5518 2220.5500 -3.0321 4.4980 2220.3500 3.0127 4.6605
2221.1500 -4.2167 -4.7353 2221.5500 -1.5346 -1.5351 2221.3500 0.3801 -2.5061
2222.1500 -0.6831 3.0516 2222.5500 2.3008 4.7170 2222.3500 4.4364 -1.0763
2223.1500 2.7100 -4.8478 2223.5500 -3.9672 2.9566 2223.3500 1.8622 -0.3614
2224.1500 4.5265 0.9182 2224.5500 3.2136 1.8997 2224.3500 -3.0455 -4.4621
2225.1500 -1.1393 -3.9557 2225.5500 -0.1906 -4.9583 2225.3500 -3.8698 0.5825
2226.1500 -1.8710 4.0632 2226.5500 -3.2984 -2.2369 2226.3500 2.7315 2.7386
2227.1500 4.7627 4.4311 2227.5500 -4.1396 -2.3536 2227.3500 3.4336 2.0959
2228.1500 -1.3690 -2.5293 2228.5500 3.3089 4.1271 2228.3500 -3.5388 2.6588
2229.1500 -3.0415 -2.2792 2229.5500 -0.4842 2.6379 2229.3500 -2.0740 0.7182
2230.1500 0.0022 -2.1272 2230.5500 1.8814 0.6464 2230.3500 4.3166 2.8662
2231.1500 2.4534 -2.3244 2231.5500 3.4776 -3.4681 2231.3500 4.9468 3.6003
2232.1500 3.5996 -0.0670 2232.5500 2.5295 -2.4979 2232.3500 -0.8623 3.5742
2233.1500 -0.6777 -1.0204 2233.5500 3.4951 -4.1427 2233.3500 -0.5234 -1.3103
2234.1000 -0.5037 -0.0095 2234.9000 -0.0025 0.0088 2234.4000 0.4941 -0.0076
2234.5000 -0.2966 -0.5033 2234.5000 0.3081 -0.5035 2234.5000 0.0056 0.5058
2235.1500 2.0146 0.0244 2235.5500 3.6189 -0.5071 2235.3500 4.9321 3.6544
2236.1500 -3.2724 -2.2978 2236.5500 -3.4288 -0.7757 2236.3500 -2.3548 -1.2739
2237.1500 4.8221 -2.7458 2237.5500 1.3956 -4.9117 2237.3500 -0.9878 -4.2959
2238.1500 0.8103 -0.5169 2238.5500 3.1341 4.1806 2238.3500 -0.9176 4.3524
2239.1500 -3.5953 3.6311 2239.5500 -0.9477 3.9407 2239.3500 -3.7860 -2.8103
2240.1500 3.4966 -4.7019 2240.5500 1.2646 2.8787 2240.3500 3.1661 -0.8262
2241.1500 -0.9724 3.4673 2241.5500 -0.2528 -3.4260 2241.3500 3.8125 -2.2737
2242.1500 1.3536 2.9882 2242.5500 3.8612 3.7069 2242.3500 -4.2288 4.1400
2243.1500 -0.0231 -3.8697 2243.5500 4.5593 -3.0203 2243.3500 -2.3041 -3.5505
2244.1500 -2.6683 -2.1439 2244.5500 4.7275 -0.3602 2244.3500 0.7929 2.9091
2245.1500 -0.9846 -2.5280 2245.5500 3.5402 -4.1760 2245.3500 -0.1330 -0.3672
2246.1500 -1.2074 1.7864 2246.5500 -2.4051 1.8151 2246.3500 -0.7966 0.5050
2247.1500 3.5094 2.2933 2247.5500 1.2155 -3.9254 2247.3500 0.8218 -3.7032
2248.1500 -2.7683 -0.0786 2248.5500 -0.4633 -3.8221 2248.3500 -2.0700 -1.5301
2249.1500 -1.0238 -0.4205 2249.5500 -0.8881 -4.5903 2249.3500 -1.1846 4.2535
2250.1500 -1.8348 -1.0287 2250.5500 0.1818 -2.0283 2250.3500 4.4127 0.5131
2251.1500 1.4046 4.8494 2251.5500 -4.9821 0.3411 2251.3500 -1.4469 -3.8587
2252.1500 3.7219 -1.4092 2252.5500 4.5356 0.2061 2252.3500 4.1446 -1.9146
2253.1500 -2.7006 1.2210 2253.5500 -2.4901 -1.6119 2253.3500 -3.0615 0.6007
2254.1000 -0.4911 -0.0087 2254.9000 0.0060 0.0015 2254.4000 0.4980 0.0002
2254.5000 -0.2969 -0.4966 2254.5000 0.3018 -0.4976 2254.5000 0.0012 0.4987
2255.1500 -2.4433 0.8101 2255.5500 3.5906 1.6612 2255.3500 1.8969 -1.7219
2256.1500 -0.3339 -1.7320 2256.5500 3.8575 -0.3263 2256.3500 3.9142 2.5298
2257.1000 -0.5009 0.0017 2257.9000 0.0003 -0.0024 2257.4000 0.4951 0.0075
2257.5000 -0.2930 -0.4907 2257.5000 0.3022 -0.5026 2257.5000 0.0011 0.4958
2258.1000 -0.5095 0.0059 2258.9000 -0.0005 -0.0085 2258.4000 0.5027 0.0041
2258.5000 -0.3071 -0.4909 2258.5000 0.3032 -0.5084 2258.5000 -0.0007 0.4984
2259.1500 -0.1453 0.9571 2259.5500 4.3366 0.2930 2259.3500 2.7104 0.7215
2260.1500 3.9201 3.2210 2260.5500 2.5339 -4.2623 2260.3500 -2.7223 3.6084
2261.1500 1.2087 -2.5211 2261.5500 4.7044 -4.9955 2261.3500 1.9567 0.7281
2262.1500 1.8129 4.9315 2262.5500 1.9503 0.6539 2262.3500 1.2176 -1.0114
2263.1500 -1.1995 3.6698 2263.5500 2.7214 -0.7871 2263.3500 1.5013 -0.5099
2264.1500 4.7464 -1.1193 2264.5500 -4.7456 -3.2436 2264.3500 -2.6117 1.9839
2265.1500 -1.2439 -1.0919 2265.5500 2.0730 -2.4700 2265.3500 0.1548 -0.2079
2266.1500 1.9712 3.3274 2266.5500 -4.5300 1.4841 2266.3500 -1.4869 -2.5394
2267.1500 -3.7417 -1.9434 2267.5500 -1.0297 1.6521 2267.3500 -4.4858 3.1537
2268.1500 1.3451 2.2022 2268.5500 -0.1050 1.2952 2268.3500 -4.2188 -1.3407
2269.1000 -0.5079 -0.0074 2269.9000 0.0080 0.0082 2269.4000 0.5052 -0.0052
2269.5000 -0.2955 -0.5072 2269.5000 0.3028 -0.4994 2269.5000 -0.0092 0.4921
2270.1500 -1.1839 1.6161 2270.5500 1.8384 -3.7154 2270.3500 0.5420 2.9399
2271.1500 4.0485 1.2138 2271.5500 2.4645 1.2400 2271.3500 2.6963 -3.9171
2272.1000 -0.4990 0.0006 2272.9000 0.0089 0.0085 2272.4000 0.5023 -0.0018
2272.5000 -0.3029 -0.5094 2272.5000 0.2902 -0.5018 2272.5000 0.0016 0.5082
2273.1500 -3.2868 1.6390 2273.5500 3.3985 3.7605 2273.3500 2.5463 3.5356
2274.1500 0.5932 1.5993 2274.5500 -2.7578 4.3283 2274.3500 -3.7010 3.2821
2275.1500 3.6676 -2.4665 2275.5500 3.0178 1.3661 2275.3500 -1.6100 1.2534
2276.1000 -0.4999 -0.0057 2276.9000 0.0075 0.0095 2276.4000 0.4978 -0.0057
2276.5000 -0.3029 -0.5022 2276.5000 0.2954 -0.5004 2276.5000 0.0076 0.5003
2277.1500 4.8919 3.3256 2277.5500 -2.0069 1.8224 2277.3500 3.1399 0.2306
2278.1000 -0.5073 -0.0013 2278.9000 -0.0092 -0.0001 2278.4000 0.5070 0.0021
2278.5000 -0.3022 -0.4973 2278.5000 0.3062 -0.5078 2278.5000 -0.0038 0.4939
2279.1500 2.0026 1.9787 2279.5500 2.0091 1.3876 2279.3500 1.5462 2.1649
2280.1500 0.2463 2.6845 2280.5500 2.9091 -2.2376 2280.3500 2.8399 -3.8488
2281.1500 2.0752 0.0747 2281.5500 1.6796 3.4575 2281.3500 0.9558 3.2045
2282.1500 2.0045 3.0502 2282.5500 -4.1936 1.1443 2282.3500 2.0207 -0.0196
2283.1000 -0.5032 -0.0006 2283.9000 0.0087 -0.0079 2283.4000 0.4909 -0.0098
2283.5000 -0.3058 -0.4997 2283.5000 0.2981 -0.4974 2283.5000 0.0077 0.5042
2284.1500 0.2907 -0.4150 2284.5500 1.9859 -4.4664 2284.3500 3.9444 -0.5551
2285.1500 2.0583 -1.9679 2285.5500 1.7856 0.2254 2285.3500 -2.7157 4.1829
2286.1500 2.1024 -1.1884 2286.5500 0.8732 3.0135 2286.3500 4.7525 1.9328
2287.1500 3.2990 1.0130 2287.5500 -0.8550 -4.1330 2287.3500 -3.0145 4.2113
2288.1500 0.9291 -4.4503 2288.5500 3.8917 2.4259 2288.3500 0.1997 2.8092
2289.1500 -3.4730 -2.3830 2289.5500 1.1923 -4.2508 2289.3500 3.8779 -1.2191
2290.1500 3.3517 -3.3711 2290.5500 4.6897 -4.9873 2290.3500 -0.3112 1.5406
2291.1500 -4.9577 -4.1632 2291.5500 2.6110 3.4211 2291.3500 -0.0215 1.1198
2292.1500 -0.8441 0.1506 2292.5500 -3.8408 4.0769 2292.3500 4.7047 2.7844
2293.1500 -0.2315 2.6209 2293.5500 -1.5290 -0.0890 2293.3500 4.8480 -1.7173
2294.1500 -0.1562 -3.6819 2294.5500 -2.8331 4.7987 2294.3500 2.8020 4.4734
2295.1000 -0.5059 0.0038 2295.9000 0.0018 -0.0013 2295.4000 0.5021 -0.0078
2295.5000 -0.3013 -0.5091 2295.5000 0.2924 -0.5097 2295.5000 -0.0090 0.4987
2296.1500 2.8905 3.2625 2296.5500 -0.4021 -3.0252 2296.3500 0.5571 0.5565
2297.1500 -4.7181 -1.1513 2297.5500 2.9122 1.4288 2297.3500 -0.7944 -2.2242
2298.1500 3.9910 -4.0343 2298.5500 -0.5736 -2.9596 2298.3500 1.9613 0.1701
2299.1500 -0.2560 4.0739 2299.5500 0.7499 -0.1220 2299.3500 1.9993 -2.1502
2300.1500 3.0920 -3.1152 2300.5500 -4.8586 0.1552 2300.3500 2.2718 0.7187
2301.1500 1.9088 0.9055 2301.5500 -3.9896 -0.7698 2301.3500 3.9427 3.4570
2302.1500 2.3124 -1.1385 2302.5500 -1.0812 -0.9262 2302.3500 3.5048 -0.1676
2303.1500 2.8411 -3.4274 2303.5500 -3.7134 -2.8388 2303.3500 3.9316 2.4503
2304.1500 2.5852 3.0708 2304.5500 -3.5569 0.1227 2304.3500 -3.5836 -1.6267
2305.1000 -0.5023 -0.0060 2305.9000 0.0039 -0.0002 2305.4000 0.4987 -0.0012
2305.5000 -0.3080 -0.4984 2305.5000 0.2968 -0.5000 2305.5000 -0.0007 0.4963
2306.1500 4.2420 4.9658 2306.5500 -2.8086 -0.6504 2306.3500 3.9451 -0.2764
2307.1500 -0.0186 0.4401 2307.5500 -2.0448 4.0444 2307.3500 1.7730 0.8900
2308.1500 -3.3418 0.2489 2308.5500 4.8452 3.0379 2308.3500 -2.5774 -4.5461
2309.1500 2.1361 0.1775 2309.5500 0.9448 -1.4091 2309.3500 -3.3945 -2.4073
2310.1500 -0.4856 -1.9324 2310.5500 -1.8028 3.6055 2310.3500 3.9047 -2.0191
2311.1500 -1.3266 4.9766 2311.5500 4.6857 -3.0955 2311.3500 3.9418 -4.0377
2312.1500 0.5029 -1.2934 2312.5500 4.0036 -3.5200 2312.3500 -1.7584 -3.6442
2313.1500 -0.3239 0.4297 2313.5500 2.6309 3.7683 2313.3500 -4.1813 1.2449
2314.1500 -3.7815 0.4243 2314.5500 -1.3773 0.1304 2314.3500 -3.2557 -2.0818
2315.1500 0.2533 2.7776 2315.5500 -2.2711 4.2395 2315.3500 -1.7410 3.7789
2316.1500 -3.2897 -4.1971 2316.5500 -1.5073 -1.0552 2316.3500 0.3946 1.3830
2317.1500 0.3239 -1.0422 2317.5500 2.2450 -0.4767 2317.3500 0.4835 -3.5723
2318.1500 -0.0377 -2.6461 2318.5500 -3.2854 -4.2972 2318.3500 1.5256 -1.3102
2319.1000 -0.4962 0.0035 2319.9000 0.0008 -0.0024 2319.4000 0.5036 -0.0002
2319.5000 -0.3008 -0.4934 2319.5000 0.3033 -0.5061 2319.5000 0.0043 0.4907
2320.1500 -2.8406 3.5844 2320.5500 -3.7044 -4.8981 2320.3500 -1.7768 -3.2735
2321.1500 -1.6232 4.6591 2321.5500 0.8138 3.3134 2321.3500 1.0151 2.6245
2322.1500 -3.0880 2.5488 2322.5500 0.4992 -4.6178 2322.3500 2.4479 -3.8668
2323.1500 3.6462 2.6341 2323.5500 -4.9174 0.4955 2323.3500 -4.5487 -4.6650
2324.1500 4.5630 -0.1169 2324.5500 -0.7480 2.7777 2324.3500 -4.6867 -0.2496
2325.1500 -4.5683 0.9142 2325.5500 3.2612 1.4152 2325.3500 1.8218 3.3517
2326.1500 1.5858 4.4017 2326.5500 2.1520 1.2979 2326.3500 0.8611 -0.5811
2327.1500 2.0303 -4.1696 2327.5500 -2.9335 -0.7338 2327.3500 -1.9884 -1.7952
2328.1500 -2.1938 -1.8039 2328.5500 -1.3752 -2.6016 2328.3500 4.7928 -4.9857
2329.1000 -0.5026 0.0084 2329.9000 -0.0022 -0.0098 2329.4000 0.5019 -0.0049
2329.5000 -0.3065 -0.5086 2329.5000 0.3042 -0.4983 2329.5000 0.0041 0.5096
2330.1500 -1.7510 -0.5908 2330.5500 -4.2157 -2.7928 2330.3500 0.2889 -4.1297
2331.1500 -3.3426 1.1266 2331.5500 2.1965 3.7383 2331.3500 3.5896 -2.0529
2332.1500 -4.7769 -2.0924 2332.5500 -4.2078 1.5670 2332.3500 -1.9152 3.5925
2333.1500 1.8312 2.7558 2333.5500 -4.2657 1.2716 2333.3500 2.1884 1.2769
2334.1500 -0.3552 -2.6259 2334.5500 4.2648 4.9672 2334.3500 2.9056 -0.0904
2335.1000 -0.5077 -0.0053 2335.9000 -0.0026 -0.0015 2335.4000 0.5072 -0.0096
2335.5000 -0.3091 -0.5037 2335.5000 0.2986 -0.5058 2335.5000 -0.0077 0.5079
2336.1500 3.4186 2.4191 2336.5500 -1.5714 2.3899 2336.3500 -0.4499 -4.7850
2337.1500 -4.8754 2.5270 2337.5500 -4.3966 3.4929 2337.3500 -1.6259 2.5361
2338.1500 -1.2887 -2.0044 2338.5500 -3.0661 -0.6462 2338.3500 3.5754 -2.0268
2339.1500 0.4369 1.7291 2339.5500 0.6759 -2.5047 2339.3500 4.0078 -2.3662
2340.1500 0.5030 -2.0436 2340.5500 -2.2688 -2.7598 2340.3500 3.5454 -1.7231
2341.1000 -0.4958 -0.0006 2341.9000 -0.0037 0.0080 2341.4000 0.5042 0.0005
2341.5000 -0.3002 -0.5046 2341.5000 0.2990 -0.5022 2341.5000 0.0082 0.5057
2342.1500 -3.2648 0.6184 2342.5500 3.5035 1.2746 2342.3500 -0.2557 -4.8420
2343.1500 -4.6277 -4.2258 2343.5500 0.8288 4.4143 2343.3500 -1.2150 0.6278
2344.1500 2.0317 -3.6906 2344.5500 -0.3259 3.2906 2344.3500 0.7753 -1.3737
2345.1500 1.1047 -0.3711 2345.5500 -3.8585 -1.2731 2345.3500 -1.8378 4.9641
2346.1500 -0.7876 4.0788 2346.5500 2.7231 4.6223 2346.3500 -2.4444 4.8183
2347.1000 -0.4964 -0.0013 2347.9000 -0.0041 0.0061 2347.4000 0.5000 -0.0080
2347.5000 -0.3099 -0.5098 2347.5000 0.2982 -0.5001 2347.5000 -0.0018 0.5057
2348.1500 -1.1206 1.8628 2348.5500 3.4430 -3.4788 2348.3500 -1.8627 2.4865
2349.1500 -2.4057 -3.7536 2349.5500 3.3845 -1.2232 2349.3500 3.0960 -0.2537
2350.1500 3.4097 -4.3306 2350.5500 3.7921 -0.7840 2350.3500 -3.8614 0.1680
2351.1500 -0.7502 3.6687 2351.5500 1.2935 3.0239 2351.3500 -1.2273 -3.7213
2352.1500 -3.5370 -2.2688 2352.5500 1.6932 -2.5821 2352.3500 1.5069 -0.9456
2353.1500 1.2249 -4.5321 2353.5500 -0.7442 3.6114 2353.3500 4.6146 3.4330
2354.1500 4.6316 -3.9267 2354.5500 2.8526 1.6860 2354.3500 -1.7527 4.9128
2355.1500 -1.7700 -4.7363 2355.5500 0.4127 2.8142 2355.3500 -3.1237 -1.5518
2356.1500 -4.5895 3.4921 2356.5500 -4.8140 1.4124 2356.3500 4.0357 1.2884
2357.1500 -1.4857 -4.8817 2357.5500 1.1583 -2.6769 2357.3500 0.6984 4.9343
2358.1500 3.7366 -0.2216 2358.5500 -2.1428 4.9335 2358.3500 4.7509 1.8146
2359.1000 -0.5036 0.0026 2359.9000 0.0073 -0.0064 2359.4000 0.4938 0.0094
2359.5000 -0.3003 -0.4936 2359.5000 0.2924 -0.5094 2359.5000 0.0060 0.5068
2360.1500 1.8295 -4.6658 2360.5500 -3.0670 0.1561 2360.3500 1.6257 4.0772
2361.1500 1.5449 -3.3625 2361.5500 -4.2612 2.9391 2361.3500 4.6949 3.8146
2362.1000 -0.5021 -0.0013 2362.9000 0.0037 -0.0088 2362.4000 0.5084 -0.0033
2362.5000 -0.2954 -0.4982 2362.5000 0.3073 -0.5081 2362.5000 -0.0094 0.5020
2363.1500 -1.4021 0.2073 2363.5500 4.2701 0.2446 2363.3500 0.3696 1.0275
2364.1500 -1.1220 4.9196 2364.5500 1.2263 -0.4565 2364.3500 -2.8424 -0.2922
2365.1500 -2.9841 -2.9543 2365.5500 3.9747 2.4642 2365.3500 4.4209 1.1994
2366.1000 -0.5100 0.0035 2366.9000 -0.0084 -0.0084 2366.4000 0.4925 -0.0026
2366.5000 -0.3085 -0.5000 2366.5000 0.3039 -0.4952 2366.5000 -0.0053 0.4907
2367.1500 2.9850 2.8895 2367.5500 2.7665 -4.2131 2367.3500 2.5190 4.8337
2368.1500 -3.7957 -0.9298 2368.5500 1.6651 2.2742 2368.3500 1.3548 0.3834
2369.1500 1.1193 4.4101 2369.5500 -4.3633 -1.4954 2369.3500 -3.3598 -2.9079
2370.1500 -1.6820 3.6194 2370.5500 0.8716 1.1625 2370.3500 -0.0382 -1.6761
2371.1500 -3.9951 1.6524 2371.5500 2.0359 1.4370 2371.3500 -2.2650 0.7335
2372.1500 -2.7297 4.9424 2372.5500 4.7627 -4.9188 2372.3500 1.2433 -2.9594
2373.1500 -0.6966 0.9182 2373.5500 -1.9880 0.4277 2373.3500 2.7713 2.8840
2374.1000 -0.5015 0.0083 2374.9000 -0.0036 -0.0041 2374.4000 0.4949 -0.0017
2374.5000 -0.2959 -0.5100 2374.5000 0.3062 -0.4998 2374.5000 -0.0076 0.4998
2375.1500 -3.1925 3.8012 2375.5500 -3.2712 3.5591 2375.3500 -3.1008 -2.9944
2376.1500 0.2934 -0.3341 2376.5500 -4.4869 0.7527 2376.3500 -4.7520 0.3115
2377.1500 -0.9574 2.7659 2377.5500 4.5013 -3.0530 2377.3500 0.9756 4.3369
2378.1500 -2.8627 -0.1979 2378.5500 -2.9217 1.0464 2378.3500 4.2151 -2.1212
2379.1500 -3.2860 -2.7263 2379.5500 -3.4019 -4.3200 2379.3500 -3.0750 -1.9095
2380.1500 -3.2521 4.8405 2380.5500 1.6864 4.1119 2380.3500 1.5290 -0.3470
2381.1500 -4.5472 0.3594 2381.5500 4.7557 0.5155 2381.3500 0.9123 3.3999
2382.1500 -0.6915 -4.5571 2382.5500 -1.1203 -1.6506 2382.3500 -0.8619 -3.7630
2383.1500 -0.5686 -3.5505 2383.5500 -0.1223 -4.1673 2383.3500 4.3078 -2.9769
2384.1500 2.1214 -1.9233 2384.5500 -2.6542 -1.9725 2384.3500 2.9956 3.7610
2385.1500 -1.7284 3.9485 2385.5500 -3.0067 -4.1036 2385.3500 3.5145 -2.0366
2386.1500 -1.2208 3.2840 2386.5500 0.1539 -0.2303 2386.3500 -2.4296 0.1735
2387.1500 1.3848 -3.7566 2387.5500 -0.5804 -2.0414 2387.3500 -3.2307 -2.4087
2388.1500 -1.8104 1.2871 2388.5500 1.9007 0.3212 2388.3500 3.0162 -0.4979
2389.1000 -0.5057 -0.0030 2389.9000 -0.0063 -0.0015 2389.4000 0.5025 -0.0099
2389.5000 -0.2984 -0.4991 2389.5000 0.2983 -0.4915 2389.5000 -0.0015 0.4946
2390.1500 1.8840 -0.7300 2390.5500 -2.3930 -2.2375 2390.3500 -3.7336 1.3240
2391.1500 4.3406 2.6781 2391.5500 2.8046 3.4750 2391.3500 4.3605 1.1083
2392.1500 -3.5805 -1.4677 2392.5500 -1.4151 -4.9672 2392.3500 -1.9622 1.2352
2393.1500 3.1357 2.6161 2393.5500 -3.0748 -3.9148 2393.3500 2.6554 -0.9726
2394.1000 -0.4918 -0.0042 2394.9000 0.0006 -0.0016 2394.4000 0.4915 0.0088
2394.5000 -0.2963 -0.5034 2394.5000 0.2946 -0.4904 2394.5000 0.0065 0.4972
2395.1500 -0.8384 4.8325 2395.5500 0.8898 2.4894 2395.3500 1.9932 -4.0089
2396.1500 1.6767 3.3897 2396.5500 4.6094 1.6795 2396.3500 1.7013 2.0634
2397.1500 -0.3442 3.7574 2397.5500 -0.7030 4.6675 2397.3500 0.6486 2.9250
2398.1500 -3.7186 -1.6049 2398.5500 2.5796 0.7771 2398.3500 -4.5001 -1.7558
2399.1500 3.3423 4.0985 2399.5500 -0.4790 -4.5294 2399.3500 0.1438 1.4254
2400.1500 -0.5223 0.2435 2400.5500 -1.3088 -4.9544 2400.3500 -3.4818 -2.2644
2401.1500 0.2816 3.6507 2401.5500 1.0031 -3.6023 2401.3500 0.6172 2.8002
2402.1500 -3.6196 -4.1674 2402.5500 0.4820 -2.3439 2402.3500 2.4232 1.3017
2403.1000 -0.4976 -0.0040 2403.9000 0.0083 -0.0091 2403.4000 0.4963 -0.0027
2403.5000 -0.2958 -0.5093 2403.5000 0.2909 -0.5003 2403.5000 0.0014 0.4975
2404.1500 4.4894 -4.0242 2404.5500 -4.2506 -0.8978 2404.3500 -0.0097 3.7189
2405.1500 -3.0727 -1.8690 2405.5500 -1.9603 0.0656 2405.3500 3.9258 -4.8181
2406.1500 0.8699 -3.4675 2406.5500 -2.8820 1.2801 2406.3500 -3.6060 0.4089
2407.1500 -4.9474 2.9903 2407.5500 -2.8685 -2.0507 2407.3500 3.0916 2.1670
2408.1500 -3.9992 -1.6342 2408.5500 -2.2762 3.0727 2408.3500 2.7262 3.4492
2409.1500 0.1038 0.2629 2409.5500 3.6703 1.4394 2409.3500 2.7314 -4.6624
2410.1500 0.6642 -2.5801 2410.5500 -3.1351 -4.2610 2410.3500 -0.4771 -1.7510
2411.1500 4.1871 3.1054 2411.5500 -2.9414 -0.2897 2411.3500 -1.6792 0.4252
2412.1500 2.4000 -3.3772 2412.5500 -3.7025 -1.4726 2412.3500 -1.7092 1.9023
2413.1500 -3.1293 4.6355 2413.5500 2.5192 3.6960 2413.3500 -2.0381 0.0248
2414.1500 4.3392 4.1008 2414.5500 0.0855 4.4997 2414.3500 -2.0484 -4.1631
2415.1500 0.4610 -2.2431 2415.5500 0.1262 -0.8062 2415.3500 -4.0261 -1.8971
2416.1500 -0.3422 -4.0406 2416.5500 1.6929 3.7393 2416.3500 -1.0975 0.8595
2417.1500 4.3572 0.1886 2417.5500 -3.9714 -1.4210 2417.3500 3.3291 2.8428
2418.1500 -1.6673 -2.5969 2418.5500 -4.9995 -3.6597 2418.3500 -3.5680 -4.8492
2419.1500 -0.9624 4.7716 2419.5500 -0.0609 -2.8771 2419.3500 3.4991 -3.0905
2420.1500 1.5086 1.6641 2420.5500 3.3905 -3.3218 2420.3500 1.1593 4.1874
2421.1500 -1.6232 -3.4180 2421.5500 -2.9522 1.8647 2421.3500 1.5545 2.0452
2422.1500 -4.4889 -1.3044 2422.5500 -2.9186 -2.4577 2422.3500 2.7183 -1.8751
2423.1000 -0.5024 -0.0091 2423.9000 0.0004 0.0019 2423.4000 0.5034 0.0024
2423.5000 -0.2913 -0.5005 2423.5000 0.2926 -0.5082 2423.5000 0.0076 0.5082
2424.1500 3.8718 1.4613 2424.5500 3.4388 -4.6532 2424.3500 -1.6722 2.8037
2425.1500 -1.9985 -0.7351 2425.5500 3.5662 -4.3220 2425.3500 3.9144 1.9564
2426.1500 3.2588 -2.7975 2426.5500 2.7795 -0.8395 2426.3500 -0.0405 -0.5925
2427.1500 2.5470 -0.5184 2427.5500 1.8395 0.5172 2427.3500 -1.1321 1.4081
2428.1500 1.2490 2.6289 2428.5500 -4.9789 -3.5637 2428.3500 -3.7062 -2.8886
2429.1500 -1.7026 0.5690 2429.5500 3.6379 -0.7763 2429.3500 4.8183 3.7004
2430.1000 -0.4938 -0.0067 2430.9000 0.0065 -0.0031 2430.4000 0.4980 0.0048
2430.5000 -0.3061 -0.4989 2430.5000 0.2990 -0.5008 2430.5000 -0.0068 0.5074
2431.1500 -1.4967 -4.2115 2431.5500 -0.1974 3.9787 2431.3500 1.7285 -1.0616
2432.1500 -1.9675 4.0491 2432.5500 -0.1664 0.3014 2432.3500 -4.8910 -3.9107
2433.1000 -0.4918 -0.0080 2433.9000 -0.0058 -0.0068 2433.4000 0.4912 0.0089
2433.5000 -0.3000 -0.4936 2433.5000 0.2967 -0.4991 2433.5000 0.0023 0.4939
2434.1500 4.2144 0.1276 2434.5500 -4.7243 1.8730 2434.3500 -4.8388 -0.0866
2435.1500 2.6924 2.1037 2435.5500 1.2170 1.0183 2435.3500 -4.5270 -3.2512
2436.1500 -2.6528 -0.1318 2436.5500 3.2857 0.8215 2436.3500 -4.1537 1.0931
2437.1500 -4.7113 -0.9750 2437.5500 -0.0271 -1.8311 2437.3500 -1.3566 -2.1076
2438.1500 4.6439 -2.7402 2438.5500 0.4795 -3.5047 2438.3500 0.9180 4.8170
2439.1000 -0.5057 0.0097 2439.9000 -0.0020 0.0098 2439.4000 0.5089 -0.0008
2439.5000 -0.3020 -0.4907 2439.5000 0.2961 -0.5085 2439.5000 0.0065 0.4967
2440.1500 1.3938 2.3674 2440.5500 -0.9599 4.7184 2440.3500 -4.0717 -2.5936
2441.1500 1.8619 3.4707 2441.5500 4.0916 -2.3811 2441.3500 -3.8439 4.9910
2442.1500 1.2499 -4.6996 2442.5500 -2.7341 -3.2205 2442.3500 3.4081 -2.0409
2443.1500 -2.3207 -4.6694 2443.5500 -2.6370 1.7434 2443.3500 -2.9203 -4.9251
2444.1500 -2.7812 -3.1074 2444.5500 -2.7128 -1.0495 2444.3500 -4.5182 3.6147
2445.1500 -2.6392 -0.2958 2445.5500 -1.3125 3.6144 2445.3500 0.8256 3.2447
2446.1000 -0.4968 -0.0048 2446.9000 0.0067 0.0022 2446.4000 0.5080 0.0097
2446.5000 -0.2902 -0.5095 2446.5000 0.3085 -0.4966 2446.5000 0.0050 0.4999
2447.1500 2.1401 -4.9140 2447.5500 -1.1437 -2.4156 2447.3500 -3.9847 0.4020
2448.1500 -2.0065 2.3323 2448.5500 1.6730 -2.4461 2448.3500 4.1352 -2.5517
2449.1500 4.2598 -2.1010 2449.5500 -1.9828 -4.2101 2449.3500 3.9697 0.6438
2450.1500 1.7324 4.3962 2450.5500 4.5183 4.2827 2450.3500 1.8365 -4.6378
2451.1500 -3.7178 -3.8553 2451.5500 1.0777 2.7293 2451.3500 4.3895 -2.7011
2452.1500 0.9730 2.1455 2452.5500 -2.0908 3.3557 2452.3500 4.0207 2.2126
2453.1000 -0.5017 -0.0097 2453.9000 -0.0088 -0.0018 2453.4000 0.5048 -0.0048
2453.5000 -0.2970 -0.5097 2453.5000 0.3041 -0.4987 2453.5000 -0.0026 0.4948
2454.1500 -4.9602 0.6739 2454.5500 4.0327 3.4222 2454.3500 3.6458 -0.2847
2455.1500 3.7586 1.2502 2455.5500 2.5845 4.8583 2455.3500 1.4699 0.3084
2456.1500 -3.1837 2.5671 2456.5500 1.0792 -0.5932 2456.3500 4.3285 -1.1492
2457.1500 4.5059 -1.5774 2457.5500 -1.9110 -0.4038 2457.3500 4.7330 -2.5994
2458.1500 4.1576 0.8592 2458.5500 -2.1422 -2.2807 2458.3500 4.7262 -1.4264
2459.1500 -1.2784 -3.7601 2459.5500 3.2859 1.1953 2459.3500 3.0192 2.2573
2460.1000 -0.5028 -0.0005 2460.9000 0.0046 0.0086 2460.4000 0.4922 -0.0053
2460.5000 -0.2913 -0.5072 2460.5000 0.3015 -0.5074 2460.5000 -0.0079 0.4912
2461.1000 -0.5058 0.0012 2461.9000 0.0004 0.0062 2461.4000 0.5028 0.0079
2461.5000 -0.2992 -0.5059 2461.5000 0.3050 -0.4933 2461.5000 -0.0095 0.5080
2462.1500 2.5345 4.3306 2462.5500 -1.4896 4.8515 2462.3500 1.9233 2.4829
2463.1500 -4.3629 2.7877 2463.5500 0.5015 2.4877 2463.3500 -4.0414 4.1875
2464.1500 -0.7780 -1.1656 2464.5500 4.6903 3.2344 2464.3500 3.3708 -0.8051
2465.1500 3.3062 -1.3885 2465.5500 -2.5018 -1.5407 2465.3500 4.5965 3.4932
2466.1500 4.7697 3.5881 2466.5500 -4.9946 -1.6094 2466.3500 -3.9891 -4.9882
2467.1500 0.9524 0.0514 2467.5500 1.5322 0.6125 2467.3500 -4.3358 2.9689
2468.1000 -0.4936 0.0032 2468.9000 0.0069 -0.0052 2468.4000 0.4946 -0.0005
2468.5000 -0.2994 -0.4971 2468.5000 0.3017 -0.5040 2468.5000 -0.0080 0.5071
2469.1500 -0.8747 -1.6437 2469.5500 0.8880 0.5139 2469.3500 2.5874 -0.5292
2470.1500 0.8058 -0.6478 2470.5500 -2.9825 -1.7871 2470.3500 3.1712 -3.6059
2471.1000 -0.4925 -0.0024 2471.9000 -0.0003 -0.0003 2471.4000 0.4967 -0.0028
2471.5000 -0.2917 -0.5098 2471.5000 0.3063 -0.4996 2471.5000 -0.0017 0.5050
2472.1500 -4.2908 -3.7911 2472.5500 1.3258 -2.3037 2472.3500 -2.9852 1.4906
2473.1500 -1.1584 -2.6591 2473.5500 -4.2870 -3.4001 2473.3500 -2.2647 0.2126
2474.1000 -0.5009 -0.0020 2474.9000 -0.0051 0.0061 2474.4000 0.4965 -0.0050
2474.5000 -0.3005 -0.4926 2474.5000 0.3089 -0.5035 2474.5000 -0.0022 0.5017
2475.1500 -0.3641 0.3856 2475.5500 -0.8960 0.7350 2475.3500 2.2213 1.1772
2476.1500 -3.9867 -4.3708 2476.5500 3.4535 4.6536 2476.3500 -0.9770 3.0898
2477.1500 4.3794 -4.5226 2477.5500 -2.7950 4.8332 2477.3500 -3.9153 4.2238
2478.1500 -4.5128 4.4904 2478.5500 -4.8398 4.1302 2478.3500 2.8241 2.6488
2479.1500 -0.8562 -1.7236 2479.5500 -3.4451 4.7212 2479.3500 -3.2892 -3.3459
2480.1500 4.5500 2.3615 2480.5500 3.8991 2.9904 2480.3500 3.8862 2.5716
2481.1500 -3.8244 3.4970 2481.5500 4.0257 1.2269 2481.3500 0.4526 2.3444
2482.1500 3.7698 3.0112 2482.5500 0.7640 -0.2858 2482.3500 2.8207 -1.1752
2483.1500 -1.8406 2.4756 2483.5500 -3.9039 1.7411 2483.3500 -0.2435 2.0805
2484.1500 4.6728 3.1160 2484.5500 -4.6768 -0.4297 2484.3500 0.1871 1.2586
2485.1500 -0.0371 3.8729 2485.5500 -4.5880 -3.1567 2485.3500 2.1555 2.2691
2486.1500 3.7736 3.6370 2486.5500 0.4951 -4.1389 2486.3500 -3.9386 1.3254
2487.1500 -2.5158 -2.5976 2487.5500 -3.8714 1.0013 2487.3500 -1.8589 -1.8577
2488.1500 1.8016 -2.7341 2488.5500 4.5483 0.3026 2488.3500 0.3648 -3.1561
2489.1500 -0.4303 2.5673 2489.5500 -3.5887 1.9755 2489.3500 3.9698 2.5735
2490.1500 2.2661 3.3717 2490.5500 2.8233 0.5907 2490.3500 2.2315 -0.9533
2491.1500 -3.8252 -1.4026 2491.5500 -3.9789 -3.4331 2491.3500 4.1358 -4.0078
2492.1500 0.3759 -2.5797 2492.5500 0.9530 -4.8136 2492.3500 4.2407 4.2598
2493.1500 -0.5622 -1.4568 2493.5500 -2.1569 -1.2957 2493.3500 3.3765 1.1587
2494.1000 -0.4948 -0.0092 2494.9000 0.0071 0.0069 2494.4000 0.4908 0.0024
2494.5000 -0.3063 -0.4997 2494.5000 0.2911 -0.4930 2494.5000 -0.0028 0.4940
2495.1000 -0.5084 -0.0040 2495.9000 0.0040 0.0003 2495.4000 0.5058 -0.0075
2495.5000 -0.2927 -0.4960 2495.5000 0.3001 -0.5096 2495.5000 0.0004 0.4915
2496.1500 4.7750 -0.6628 2496.5500 -2.4498 0.4360 2496.3500 -3.1919 -4.0786
2497.1500 0.2676 3.5528 2497.5500 -4.1248 -2.8612 2497.3500 0.0995 -0.4079
2498.1000 -0.4990 0.0083 2498.9000 0.0046 0.0059 2498.4000 0.5008 0.0043
2498.5000 -0.3015 -0.4960 2498.5000 0.2950 -0.4951 2498.5000 -0.0087 0.5071
2499.1500 4.7073 -0.2681 2499.5500 2.8432 0.8712 2499.3500 2.5930 -0.1282
2500.1500 -1.3322 1.1791 2500.5500 -4.3377 3.5416 2500.3500 2.2430 -3.8770
2501.1500 0.8192 0.4902 2501.5500 -1.2313 3.9100 2501.3500 -2.5852 -4.6485
2502.1500 -2.4168 2.1858 2502.5500 2.2409 -2.6970 2502.3500 0.7196 -0.3106
2503.1500 0.6696 -1.2190 2503.5500 1.1055 -1.6297 2503.3500 0.7966 -2.0570
2504.1500 -3.3881 1.5875 2504.5500 1.4408 4.9315 2504.3500 1.5585 0.2198
2505.1500 2.9308 -3.0527 2505.5500 4.8209 -2.1765 2505.3500 2.3670 1.0042
2506.1500 3.1875 -3.5261 2506.5500 3.1492 -4.5573 2506.3500 -2.7665 -1.6609
2507.1500 0.5173 0.1431 2507.5500 -4.4133 -2.5991 2507.3500 -0.1788 2.3677
2508.1500 -0.0946 1.9217 2508.5500 0.8352 2.5207 2508.3500 -2.6494 -4.2126
2509.1500 -4.8060 2.8112 2509.5500 0.9479 -0.6474 2509.3500 -3.3431 -3.1100
2510.1000 -0.5081 0.0009 2510.9000 -0.0006 0.0019 2510.4000 0.5052 0.0005
2510.5000 -0.2977 -0.4927 2510.5000 0.2938 -0.5018 2510.5000 -0.0096 0.4966
2511.1500 -2.8451 -4.6947 2511.5500 2.2320 -3.6639 2511.3500 3.0243 -0.4056
2512.1500 -1.6793 1.6604 2512.5500 -1.9361 2.9410 2512.3500 -4.0258 -2.2677
2513.1500 2.5236 -4.0528 2513.5500 1.8653 -4.7764 2513.3500 -1.5612 -2.2269
2514.1500 -1.3604 -4.8380 2514.5500 -1.8939 2.8233 2514.3500 1.7590 0.1852
2515.1000 -0.5077 0.0005 2515.9000 0.0010 0.0084 2515.4000 0.5072 0.0064
2515.5000 -0.3003 -0.4914 2515.5000 0.2992 -0.5081 2515.5000 0.0057 0.4907
2516.1500 -3.0547 2.0918 2516.5500 -3.0950 1.7371 2516.3500 2.2642 -1.3579
2517.1000 -0.4993 -0.0059 2517.9000 0.0098 0.0047 2517.4000 0.5082 0.0033
2517.5000 -0.3071 -0.5063 2517.5000 0.2942 -0.4932 2517.5000 -0.0093 0.4941
2518.1500 -1.7948 0.1700 2518.5500 3.5409 4.5857 2518.3500 -0.6758 4.7477
2519.1500 1.7791 3.6255 2519.5500 -3.6366 -0.3953 2519.3500 0.6739 -0.7095
2520.1500 0.1163 -2.0832 2520.5500 0.3354 -0.9551 2520.3500 -4.0474 -2.4053
2521.1500 4.2530 2.6204 2521.5500 0.9603 -1.9903 2521.3500 -1.1761 1.9582
2522.1000 -0.5030 0.0093 2522.9000 0.0091 -0.0008 2522.4000 0.4990 -0.0028
2522.5000 -0.3050 -0.5049 2522.5000 0.2949 -0.5074 2522.5000 0.0098 0.4958
2523.1000 -0.4998 -0.0087 2523.9000 -0.0079 -0.0056 2523.4000 0.4977 0.0027
2523.5000 -0.2976 -0.4956 2523.5000 0.3050 -0.4915 2523.5000 0.0086 0.5005
2524.1000 -0.5046 0.0037 2524.9000 0.0064 -0.0025 2524.4000 0.4995 0.0033
2524.5000 -0.2947 -0.4909 2524.5000 0.3085 -0.4969 2524.5000 0.0089 0.5022
2525.1500 -2.0606 -2.4337 2525.5500 -0.1895 -2.9396 2525.3500 -2.4558 -2.1733
2526.1500 4.2787 -4.5740 2526.5500 -1.4897 -1.0340 2526.3500 1.3884 0.2325
2527.1500 3.1276 -1.5109 2527.5500 -3.1107 0.1512 2527.3500 4.3262 -2.8501
2528.1500 -1.3489 -0.2284 2528.5500 4.0894 0.1903 2528.3500 4.2636 -4.9258
2529.1500 -3.4743 3.8103 2529.5500 3.9457 -1.9515 2529.3500 -0.6427 4.5337
2530.1500 -1.7861 -4.4999 2530.5500 2.8525 3.7283 2530.3500 0.3873 -0.3006
2531.1500 0.7132 -0.2213 2531.5500 -3.7961 0.7657 2531.3500 -4.7638 -1.0615
2532.1500 3.1623 3.8416 2532.5500 4.7572 -3.3164 2532.3500 3.1787 0.0289
2533.1500 1.0407 -0.7335 2533.5500 -4.8398 -0.6498 2533.3500 -1.7225 2.0358
2534.1500 -0.2055 -1.0109 2534.5500 2.0563 4.3562 2534.3500 4.2181 -1.4052
2535.1500 1.4102 0.5065 2535.5500 -4.0591 4.1080 2535.3500 -3.5120 -1.9017
2536.1500 3.2247 3.7810 2536.5500 -2.9655 -4.4968 2536.3500 2.1279 4.2704
2537.1500 4.8660 -0.8412 2537.5500 -1.8859 -4.8650 2537.3500 -2.8988 4.2636
2538.1500 1.7500 4.0035 2538.5500 -3.1687 0.5745 2538.3500 -4.3704 -1.7030
2539.1500 -0.4765 2.6729 2539.5500 -0.3714 -4.3006 2539.3500 -4.1924 -2.7578
2540.1500 -2.7249 1.0290 2540.5500 2.0061 -1.0197 2540.3500 -2.6413 2.0762
2541.1500 2.2780 -3.0563 2541.5500 0.3713 -2.2898 2541.3500 2.2765 3.6346
2542.1000 -0.5033 -0.0089 2542.9000 0.0080 0.0073 2542.4000 0.4947 0.0034
2542.5000 -0.3070 -0.5045 2542.5000 0.2950 -0.4993 2542.5000 0.0097 0.5040
2543.1500 1.1308 -0.6156 2543.5500 -1.0795 -3.9849 2543.3500 3.6206 1.9483
2544.1500 -4.7203 0.1827 2544.5500 -3.6719 -0.5266 2544.3500 -1.0397 -0.8402
2545.1500 2.4616 3.2551 2545.5500 1.2233 -3.2525 2545.3500 0.3230 4.4695
2546.1000 -0.4945 -0.0036 2546.9000 0.0072 -0.0078 2546.4000 0.4973 0.0088
2546.5000 -0.2976 -0.5031 2546.5000 0.2972 -0.4932 2546.5000 0.0049 0.4927
2547.1500 3.7342 0.0681 2547.5500 -4.5623 -1.4427 2547.3500 2.5183 1.3535
2548.1500 2.1879 -3.6127 2548.5500 -3.6136 1.9834 2548.3500 1.3458 -3.6627
2549.1500 -4.7654 -3.9210 2549.5500 -0.3161 -4.5330 2549.3500 -1.0617 0.2079
2550.1500 -3.0455 2.7055 2550.5500 -0.1277 -2.0763 2550.3500 0.3291 -3.1079
2551.1500 -4.3807 -0.0591 2551.5500 -0.4086 4.9172 2551.3500 1.7278 -0.4016
2552.1500 0.5075 -3.7551 2552.5500 0.5520 4.2924 2552.3500 -1.4387 4.2254
2553.1500 4.2857 -2.9834 2553.5500 -4.4975 1.9168 2553.3500 1.7692 1.2977
2554.1500 -3.8802 0.9643 2554.5500 3.7652 4.7055 2554.3500 0.5326 4.4535
2555.1500 -2.9982 2.4817 2555.5500 -1.3872 -3.6378 2555.3500 -0.9036 3.9271
2556.1500 -2.3418 -3.1759 2556.5500 0.3318 2.2763 2556.3500 -4.8555 -3.9726
2557.1500 1.3502 3.9226 2557.5500 -2.7378 0.1364 2557.3500 4.0949 2.2051
2558.1000 -0.4947 -0.0040 2558.9000 -0.0061 -0.0081 2558.4000 0.4977 -0.0035
2558.5000 -0.2923 -0.4950 2558.5000 0.3036 -0.5100 2558.5000 -0.0094 0.5001
2559.1500 -3.7822 -1.2041 2559.5500 -4.6007 3.2070 2559.3500 3.9067 1.8156
2560.1500 -0.2454 4.1362 2560.5500 4.2280 -3.3742 2560.3500 -0.1767 0.4039
2561.1500 -1.2696 3.6537 2561.5500 -1.0597 0.1104 2561.3500 4.7606 1.8531
2562.1500 -3.5078 -4.6313 2562.5500 0.2781 -1.7202 2562.3500 -1.4775 -2.0420
2563.1000 -0.4993 0.0064 2563.9000 0.0003 -0.0086 2563.4000 0.4946 0.0020
2563.5000 -0.2948 -0.4955 2563.5000 0.3004 -0.4925 2563.5000 -0.0030 0.4968
2564.1500 -4.2260 2.9475 2564.5500 -0.2888 4.0473 2564.3500 -1.6202 -4.0637
2565.1500 4.8798 0.8305 2565.5500 3.4576 4.6175 2565.3500 -4.3377 3.2441
2566.1500 -4.6476 2.3555 2566.5500 -2.7705 -4.9238 2566.3500 0.7712 3.7949
2567.1500 3.6340 0.4288 2567.5500 1.5154 -0.7994 2567.3500 1.3212 4.2481
2568.1500 4.7404 0.2560 2568.5500 -2.2662 -2.7918 2568.3500 2.7778 0.1694
2569.1000 -0.5058 0.0049 2569.9000 -0.0035 -0.0020 2569.4000 0.5050 -0.0056
2569.5000 -0.3022 -0.5029 2569.5000 0.3062 -0.4999 2569.5000 -0.0036 0.5068
2570.1500 3.5436 -3.7712 2570.5500 2.6860 -4.3455 2570.3500 -2.4316 1.1622
2571.1000 -0.4949 0.0016 2571.9000 0.0053 0.0037 2571.4000 0.4972 -0.0010
2571.5000 -0.2930 -0.4940 2571.5000 0.3016 -0.4935 2571.5000 0.0056 0.5099
2572.1000 -0.5010 0.0069 2572.9000 -0.0010 -0.0024 2572.4000 0.5079 0.0012
2572.5000 -0.2932 -0.5035 2572.5000 0.3020 -0.4940 2572.5000 -0.0097 0.4967
2573.1500 2.2962 -1.1557 2573.5500 3.8044 -3.2809 2573.3500 -3.1726 -2.7898
2574.1500 -1.4778 -2.0885 2574.5500 2.1541 1.5345 2574.3500 0.3928 3.6338
2575.1500 3.4608 -3.4579 2575.5500 3.7086 3.8250 2575.3500 -1.7659 2.0809
2576.1500 -1.1731 -0.0918 2576.5500 1.8565 -0.5737 2576.3500 -2.6138 3.6498
2577.1000 -0.5006 -0.0078 2577.9000 -0.0058 0.0062 2577.4000 0.4994 0.0041
2577.5000 -0.2970 -0.5001 2577.5000 0.3008 -0.4948 2577.5000 0.0023 0.5089
2578.1500 -2.9447 -4.5926 2578.5500 0.3116 -0.9066 2578.3500 3.7322 0.7609
2579.1500 -3.8813 0.0251 2579.5500 -0.4261 -1.3569 2579.3500 1.1634 1.6548
2580.1500 4.6627 0.3224 2580.5500 -1.4064 0.5531 2580.3500 3.0020 0.8874
2581.1500 -4.4197 -0.5304 2581.5500 -2.0954 2.1246 2581.3500 -3.1961 4.1743
2582.1500 1.9340 -1.0885 2582.5500 0.5848 2.9361 2582.3500 4.7044 3.4931
2583.1500 2.5463 3.3313 2583.5500 -3.6760 2.9177 2583.3500 -0.8244 -1.2355
2584.1500 3.3830 -0.5545 2584.5500 -0.0623 1.2931 2584.3500 1.6340 -2.6724
2585.1500 4.8055 -2.1471 2585.5500 4.1487 0.7409 2585.3500 -0.3741 -1.7695
2586.1500 -0.4339 4.0006 2586.5500 4.4043 -4.2938 2586.3500 2.0683 4.5316
2587.1500 -4.9174 -3.3681 2587.5500 -4.4078 4.3257 2587.3500 -2.3601 -2.0864
2588.1500 -3.4335 -1.9577 2588.5500 -2.8997 1.2805 2588.3500 2.3376 -0.0715
2589.1500 -3.4514 2.9117 2589.5500 -2.3826 -2.0015 2589.3500 1.7809 4.1210
2590.1500 4.2259 -4.5729 2590.5500 -4.6785 -4.9623 2590.3500 1.1791 3.0031
2591.1500 -4.9862 3.4430 2591.5500 -1.6249 4.6164 2591.3500 2.5726 -4.0033
2592.1500 -3.3935 -3.6346 2592.5500 4.3786 2.3070 2592.3500 4.3881 4.1727
2593.1500 0.0341 0.7422 2593.5500 -1.7291 -1.7490 2593.3500 3.3993 1.7528
2594.1500 2.8609 0.9850 2594.5500 2.3894 -1.4092 2594.3500 -3.1529 2.5762
2595.1000 -0.5058 0.0006 2595.9000 0.0075 -0.0082 2595.4000 0.5073 -0.0005
2595.5000 -0.2920 -0.4961 2595.5000 0.3098 -0.5054 2595.5000 0.0035 0.4924
2596.1500 0.9549 -0.0147 2596.5500 3.1241 0.8898 2596.3500 4.5965 3.3232
2597.1500 2.6181 0.7949 2597.5500 -4.4903 4.1183 2597.3500 -0.4053 2.8218
2598.1500 -3.7166 2.1831 2598.5500 -3.0894 -4.3994 2598.3500 2.9543 2.0511
2599.1500 0.6031 -3.4378 2599.5500 -2.5461 -3.9411 2599.3500 0.9041 -1.6744
2600.1500 -2.2987 4.7857 2600.5500 -4.9930 2.0827 2600.3500 4.5086 2.0487
2601.1500 4.4769 -2.7350 2601.5500 0.2888 2.0134 2601.3500 -2.6111 -0.4147
2602.1500 -2.1316 4.7017 2602.5500 3.5689 -2.3171 2602.3500 3.3769 3.8156
2603.1500 -0.1662 1.1509 2603.5500 2.6052 -1.9793 2603.3500 2.7324 -3.3377
2604.1500 -1.5019 -3.0005 2604.5500 3.8277 -2.0725 2604.3500 2.0461 -3.5276
2605.1500 -2.3880 -4.6083 2605.5500 -3.5902 -4.5576 2605.3500 -4.1146 0.5534
2606.1500 -0.5985 -2.8332 2606.5500 -1.3973 3.2036 2606.3500 -2.4013 -4.4982
2607.1500 2.9591 -3.3835 2607.5500 1.9023 -1.8275 2607.3500 4.6682 3.2878
2608.1500 2.0280 4.7809 2608.5500 -4.1999 1.4375 2608.3500 -3.3662 2.8168
2609.1500 1.9952 3.1751 2609.5500 -3.7556 3.8143 2609.3500 -2.3818 -4.3215
2610.1500 -4.3321 -2.2800 2610.5500 1.7518 1.7998 2610.3500 -4.5227 1.0818
2611.1500 -0.4485 0.8613 2611.5500 -3.9622 -3.9922 2611.3500 1.7010 -2.2524
2612.1500 -2.0813 3.3385 2612.5500 0.4835 -4.2816 2612.3500 -0.5656 -0.4875
2613.1500 1.3020 -1.7893 2613.5500 -3.1047 -2.0669 2613.3500 -1.6265 2.2959
2614.1500 4.1130 -0.0266 2614.5500 4.2305 -3.8090 2614.3500 1.1172 3.9198
2615.1500 -3.6053 -2.0864 2615.5500 3.1657 1.1627 2615.3500 -0.0207 -4.3375
2616.1000 -0.4957 -0.0033 2616.9000 -0.0076 0.0026 2616.4000 0.4981 -0.0017
2616.5000 -0.3067 -0.4918 2616.5000 0.2913 -0.4986 2616.5000 0.0065 0.4942
2617.1500 4.4441 4.4441 2617.5500 3.3204 3.3228 2617.3500 -3.4014 -0.7545
2618.1500 4.6362 1.6186 2618.5500 3.2741 1.8994 2618.3500 2.2812 -0.0967
2619.1000 -0.5012 0.0057 2619.9000 0.0071 -0.0088 2619.4000 0.5097 -0.0036
2619.5000 -0.2981 -0.4939 2619.5000 0.2934 -0.5089 2619.5000 0.0100 0.4927
2620.1500 1.9531 3.8369 2620.5500 -1.4028 -4.0941 2620.3500 -0.7638 -0.4408
2621.1500 -4.9521 -2.0887 2621.5500 4.6249 3.5582 2621.3500 -2.6991 -3.0186
2622.1500 -0.0127 0.9197 2622.5500 -3.4233 -1.4916 2622.3500 0.6599 -4.1019
2623.1500 -1.7207 -3.9133 2623.5500 1.9769 0.9892 2623.3500 -3.3579 0.4014
2624.1500 1.1952 -1.7476 2624.5500 4.8758 0.1940 2624.3500 -0.4024 -3.9456
2625.1500 -0.7254 1.3532 2625.5500 2.8899 -1.2507 2625.3500 4.4196 -3.6227
2626.1500 2.9251 4.0454 2626.5500 -1.3060 -3.8389 2626.3500 -0.6258 3.2485
2627.1000 -0.5018 0.0075 2627.9000 0.0011 0.0014 2627.4000 0.4973 -0.0040
2627.5000 -0.3022 -0.5005 2627.5000 0.3065 -0.5087 2627.5000 0.0087 0.5010
2628.1500 1.4379 -4.6851 2628.5500 0.3390 1.6390 2628.3500 -3.3037 -0.0233
2629.1500 -4.8667 0.8592 2629.5500 2.8955 -2.6877 2629.3500 0.2892 -0.4836
2630.1500 -0.1479 -1.5438 2630.5500 0.1948 -2.5711 2630.3500 -4.4720 2.3966
2631.1000 -0.4952 -0.0005 2631.9000 -0.0050 -0.0022 2631.4000 0.4962 0.0079
2631.5000 -0.2972 -0.4987 2631.5000 0.3036 -0.4921 2631.5000 0.0095 0.5046
2632.1500 -1.6512 1.3141 2632.5500 3.8530 1.8327 2632.3500 1.3625 1.1607
2633.1500 3.7711 2.6192 2633.5500 0.4478 3.4326 2633.3500 -3.0947 -4.9531
2634.1500 4.3290 1.6428 2634.5500 1.6844 0.2968 2634.3500 -0.7061 -0.6260
2635.1500 2.0006 4.4255 2635.5500 3.1428 4.7134 2635.3500 3.8393 -1.8795
2636.1500 -3.9666 1.1743 2636.5500 0.7759 3.0195 2636.3500 -0.0481 -1.3952
2637.1500 3.4664 3.9761 2637.5500 -4.6199 2.7228 2637.3500 0.7824 1.7755
2638.1500 3.3544 -1.2311 2638.5500 0.8805 -4.0932 2638.3500 2.1297 4.5226
2639.1500 2.9013 4.5998 2639.5500 4.1182 2.4170 2639.3500 -2.0001 -3.8980
2640.1500 -1.4188 4.9823 2640.5500 0.8051 1.6533 2640.3500 1.2303 1.0476
2641.1500 -2.8765 -3.3928 2641.5500 4.3806 -2.3286 2641.3500 4.2959 3.5565
2642.1500 -4.4353 3.1796 2642.5500 -1.2680 1.3272 2642.3500 -0.3682 -3.0973
2643.1500 4.5728 3.2332 2643.5500 4.2500 -0.7685 2643.3500 3.4410 2.0685
2644.1500 -4.9062 3.4237 2644.5500 3.1954 -3.1245 2644.3500 0.8855 -1.9789
2645.1500 -1.2315 2.8538 2645.5500 0.5684 -4.4301 2645.3500 0.3396 -1.3262
2646.1500 -1.8619 -4.3692 2646.5500 2.4260 1.9424 2646.3500 -1.6131 0.8152
2647.1500 2.6184 -0.7393 2647.5500 -2.1474 1.8819 2647.3500 -0.4860 -1.0411
2648.1500 4.9560 1.5929 2648.5500 -4.9759 1.8360 2648.3500 0.3257 0.6403
2649.1500 0.7850 -3.0195 2649.5500 1.1836 -0.0048 2649.3500 0.8284 -0.8662
2650.1000 -0.5099 -0.0036 2650.9000 -0.0081 -0.0074 2650.4000 0.5097 -0.0005
2650.5000 -0.2947 -0.5038 2650.5000 0.3039 -0.5049 2650.5000 0.0073 0.4986
2651.1500 2.4368 0.1352 2651.5500 0.0488 0.4556 2651.3500 -4.3836 -2.3716
2652.1500 1.7163 4.1436 2652.5500 -2.6972 -4.3005 2652.3500 1.8282 -2.9489
2653.1500 0.5782 -4.3923 2653.5500 -0.2655 4.9335 2653.3500 2.0339 -1.5811
2654.1500 -2.5304 2.4478 2654.5500 1.4680 0.3694 2654.3500 -3.2470 4.4681
2655.1500 3.3028 -2.0129 2655.5500 1.7085 -0.7055 2655.3500 -0.3933 2.9356
2656.1500 -0.2721 0.1402 2656.5500 -3.3032 4.3657 2656.3500 -3.6145 -2.8686
2657.1000 -0.5069 0.0051 2657.9000 0.0053 0.0075 2657.4000 0.4943 -0.0038
2657.5000 -0.2978 -0.5093 2657.5000 0.2987 -0.5039 2657.5000 -0.0037 0.4925
2658.1000 -0.4985 0.0083 2658.9000 -0.0097 0.0001 2658.4000 0.5030 -0.0093
2658.5000 -0.2987 -0.5037 2658.5000 0.3034 -0.4973 2658.5000 -0.0027 0.4953
2659.1500 0.7459 -3.2274 2659.5500 1.2558 -3.3345 2659.3500 1.6711 -1.6149
2660.1500 -0.4421 -2.2500 2660.5500 2.0407 -0.4607 2660.3500 4.9992 -4.4624
2661.1500 0.1284 -3.5073 2661.5500 -0.4803 3.9715 2661.3500 -2.2988 0.1694
2662.1500 -4.2556 3.3103 2662.5500 -1.4045 -0.5704 2662.3500 0.3999 3.5761
2663.1500 -4.4564 4.9685 2663.5500 -4.0895 -4.9698 2663.3500 1.7480 -3.6509
2664.1500 -4.1812 3.7529 2664.5500 4.5863 4.4237 2664.3500 -4.7291 2.1176
2665.1000 -0.4988 -0.0007 2665.9000 0.0013 0.0083 2665.4000 0.4908 -0.0046
2665.5000 -0.3071 -0.5049 2665.5000 0.3049 -0.5054 2665.5000 -0.0002 0.5000
2666.1500 1.4195 3.1380 2666.5500 4.4968 -0.8863 2666.3500 4.4172 -1.8859
2667.1500 0.4944 -4.2096 2667.5500 -3.5014 -3.3553 2667.3500 1.2079 -2.7063
2668.1500 1.5403 -1.8364 2668.5500 -4.1771 3.6039 2668.3500 -3.0383 -3.3478
2669.1500 4.7872 -3.0972 2669.5500 1.9202 0.6246 2669.3500 3.5599 -0.4737
2670.1500 -1.7556 3.5387 2670.5500 4.4766 -4.7742 2670.3500 -2.3464 -1.8508
2671.1500 0.9033 1.4710 2671.5500 -0.2355 3.5324 2671.3500 -1.4109 -2.7329
2672.1500 0.4707 -4.3698 2672.5500 3.7160 -3.7652 2672.3500 0.7249 1.3629
2673.1500 -1.1361 4.4620 2673.5500 4.0967 -4.2680 2673.3500 0.6772 -2.2045
2674.1500 1.1454 -3.1234 2674.5500 4.4369 4.9942 2674.3500 2.8152 1.2263
2675.1000 -0.5017 -0.0034 2675.9000 -0.0075 0.0068 2675.4000 0.4919 0.0030
2675.5000 -0.3073 -0.5096 2675.5000 0.3024 -0.4935 2675.5000 0.0099 0.4951
2676.1500 -4.0203 2.8008 2676.5500 -4.1107 2.8355 2676.3500 4.6294 4.0774
2677.1500 -2.5924 2.0159 2677.5500 1.9031 -4.8319 2677.3500 -1.0029 -2.7489
2678.1500 -2.2007 1.7832 2678.5500 1.9894 -1.6547 2678.3500 0.6977 4.3656
2679.1000 -0.5011 -0.0019 2679.9000 0.0003 0.0083 2679.4000 0.5005 -0.0030
2679.5000 -0.2965 -0.5018 2679.5000 0.3057 -0.5084 2679.5000 -0.0096 0.5042
2680.1500 -2.8281 4.1881 2680.5500 -3.1053 4.0288 2680.3500 -3.5458 4.6947
2681.1500 -2.2634 0.6655 2681.5500 -0.1671 3.7278 2681.3500 -0.7003 -3.9694
2682.1500 0.6243 3.1882 2682.5500 0.9105 0.9318 2682.3500 -1.2119 -0.4054
2683.1500 3.6089 3.9494 2683.5500 3.8812 1.6619 2683.3500 0.3897 -3.9812
2684.1500 -0.8905 4.0110 2684.5500 2.9072 2.4810 2684.3500 -3.3649 -1.6259
2685.1500 0.8835 0.0657 2685.5500 3.0172 2.7009 2685.3500 -2.3873 4.2738
2686.1500 1.1972 2.0230 2686.5500 2.9984 -3.3879 2686.3500 -1.2247 3.2938
2687.1500 -2.8172 -4.3900 2687.5500 2.4065 -0.8265 2687.3500 -2.4904 -3.3885
2688.1500 -0.1709 4.1805 2688.5500 -0.6782 -2.8892 2688.3500 -3.9996 -4.4038
2689.1500 1.7371 2.0372 2689.5500 -4.0149 4.8177 2689.3500 -1.2345 -4.1776
2690.1500 0.9280 3.6052 2690.5500 1.9486 -0.9287 2690.3500 -1.8284 -1.7000
2691.1500 -0.8432 -2.5626 2691.5500 3.4620 -0.3276 2691.3500 3.1521 -3.4349
2692.1500 -0.2887 3.0772 2692.5500 -1.9887 -2.1143 2692.3500 -1.1302 -2.1446
2693.1000 -0.4998 -0.0071 2693.9000 -0.0060 -0.0036 2693.4000 0.4947 0.0025
2693.5000 -0.2948 -0.4965 2693.5000 0.2968 -0.5042 2693.5000 0.0095 0.5060
2694.1500 3.5230 -1.8179 2694.5500 -1.8800 -1.0338 2694.3500 0.2985 -3.9750
2695.1500 -3.1532 -3.5684 2695.5500 -0.0888 1.8443 2695.3500 -0.4309 -0.3567
2696.1000 -0.5020 0.0001 2696.9000 -0.0097 0.0096 2696.4000 0.4938 0.0054
2696.5000 -0.3036 -0.4919 2696.5000 0.2994 -0.4961 2696.5000 0.0028 0.5024
2697.1500 3.2682 0.2707 2697.5500 1.4700 -1.5794 2697.3500 2.8000 -0.2063
2698.1500 1.7034 -2.0180 2698.5500 1.4189 -2.4186 2698.3500 -4.3744 4.0554
2699.1500 -1.9397 -4.7413 2699.5500 -2.2710 -1.7968 2699.3500 -0.9609 -2.4794
2700.1500 3.5297 1.5988 2700.5500 3.4260 -4.8077 2700.3500 -4.7207 -3.6882
2701.1000 -0.5100 0.0091 2701.9000 0.0078 0.0066 2701.4000 0.4904 -0.0076
2701.5000 -0.2958 -0.4931 2701.5000 0.2925 -0.4930 2701.5000 0.0061 0.4954
2702.1500 -1.8078 -1.5137 2702.5500 4.9397 0.6600 2702.3500 -3.4794 -2.8835
2703.1500 0.0131 -2.2225 2703.5500 -0.2090 -0.8674 2703.3500 1.9609 -1.0840
2704.1500 -2.6603 -2.1174 2704.5500 1.9844 -1.2286 2704.3500 -3.5325 -0.5968
2705.1000 -0.5006 0.0078 2705.9000 -0.0067 -0.0058 2705.4000 0.5092 0.0018
2705.5000 -0.3012 -0.4938 2705.5000 0.2924 -0.4987 2705.5000 -0.0071 0.4945
2706.1500 0.8871 -1.2555 2706.5500 -1.5174 -0.7864 2706.3500 3.3429 -4.0454
2707.1000 -0.5012 -0.0100 2707.9000 0.0001 0.0053 2707.4000 0.4980 -0.0009
2707.5000 -0.3075 -0.4977 2707.5000 0.2983 -0.4920 2707.5000 -0.0022 0.4927
2708.1500 2.4009 -0.2637 2708.5500 -0.1276 0.9687 2708.3500 4.2852 1.9199
2709.1500 -2.7272 -0.3468 2709.5500 -2.3566 -3.3526 2709.3500 1.8755 -2.0291
2710.1500 -1.1018 -0.2636 2710.5500 2.1516 -3.9925 2710.3500 2.1162 -4.7132
2711.1500 2.0249 2.0611 2711.5500 -0.7524 1.8775 2711.3500 -0.4303 1.0570
2712.1500 -4.2763 -0.9966 2712.5500 1.0239 -2.9091 2712.3500 -2.1095 2.8349
2713.1500 -2.1813 2.2339 2713.5500 2.9291 4.2371 2713.3500 -1.9763 4.5681
2714.1500 -2.5793 -0.8564 2714.5500 4.2829 -1.0930 2714.3500 3.2149 2.2629
2715.1500 3.3319 -4.6937 2715.5500 -1.8639 -4.6181 2715.3500 -1.2150 4.4901
2716.1000 -0.5025 -0.0085 2716.9000 0.0094 -0.0067 2716.4000 0.4918 0.0080
2716.5000 -0.2925 -0.4949 2716.5000 0.3085 -0.5086 2716.5000 -0.0097 0.5020
2717.1500 -3.6356 -1.4300 2717.5500 3.3675 1.3973 2717.3500 2.7757 -3.8001
2718.1500 1.1660 2.6776 2718.5500 2.5188 -0.2131 2718.3500 1.7478 -1.7831
2719.1500 1.5350 3.0975 2719.5500 4.7500 2.4416 2719.3500 2.2943 4.9089
2720.1500 -3.7642 1.2256 2720.5500 3.7003 2.7623 2720.3500 2.2655 3.4210
2721.1500 -1.7709 4.8860 2721.5500 2.1402 2.0757 2721.3500 -3.0061 -3.3370
2722.1500 -2.6740 4.5006 2722.5500 4.7475 3.2057 2722.3500 -3.5425 -0.5112
2723.1000 -0.5050 -0.0033 2723.9000 0.0007 0.0029 2723.4000 0.4910 0.0077
2723.5000 -0.2976 -0.5020 2723.5000 0.2940 -0.5028 2723.5000 0.0016 0.5100
2724.1500 2.7431 2.5740 2724.5500 -4.9100 0.3850 2724.3500 2.3821 -1.3457
2725.1500 0.1378 4.0101 2725.5500 3.9775 -4.5777 2725.3500 3.2238 0.5602
2726.1500 -1.7290 -2.5354 2726.5500 -3.0973 4.7184 2726.3500 3.3344 -3.4127
2727.1500 -4.7871 -4.5678 2727.5500 1.0295 -2.0590 2727.3500 -1.8364 2.7158
2728.1500 2.5339 4.9098 2728.5500 -4.5329 -1.7231 2728.3500 2.7386 3.9993
2729.1500 4.5740 -4.7881 2729.5500 -3.6104 -3.5318 2729.3500 3.3816 0.6822
2730.1500 1.4610 -1.6608 2730.5500 2.8702 -3.9675 2730.3500 3.8555 2.5832
2731.1500 4.8225 -3.6653 2731.5500 1.5874 3.6251 2731.3500 -3.7313 2.5200
2732.1500 -3.2529 -4.6652 2732.5500 4.4987 3.7167 2732.3500 -3.4807 -2.2266
2733.1500 2.8836 4.7038 2733.5500 -4.5245 -1.2980 2733.3500 1.7175 -0.8535
2734.1500 4.7911 1.7013 2734.5500 3.8089 -2.2096 2734.3500 -0.1117 1.4152
2735.1500 2.5059 -2.0593 2735.5500 3.8087 -2.4269 2735.3500 0.5455 2.6352
2736.1500 4.5564 -0.7945 2736.5500 0.9913 -4.0936 2736.3500 3.9360 0.9379
2737.1500 4.6184 4.6450 2737.5500 -2.8837 -0.3358 2737.3500 0.6448 0.5078
2738.1500 -0.2088 -4.7556 2738.5500 -2.9162 3.5786 2738.3500 -0.3888 -4.5795
2739.1500 3.1707 -2.9416 2739.5500 3.9403 4.8073 2739.3500 0.7724 4.6704
2740.1500 -0.3829 4.4774 2740.5500 -3.8785 -0.6084 2740.3500 -4.1397 4.1360
2741.1500 -1.3673 1.5560 2741.5500 4.4264 -3.2158 2741.3500 -1.3229 0.6190
2742.1500 -3.3227 -2.9746 2742.5500 -4.8792 -3.7327 2742.3500 4.1572 3.9523
2743.1500 -0.1924 -1.9789 2743.5500 -0.5540 -2.5499 2743.3500 -1.0657 -3.8113
2744.1500 3.2360 -0.5473 2744.5500 0.8681 -3.8263 2744.3500 3.4629 -1.8934
2745.1500 4.4379 4.0563 2745.5500 2.4950 -3.0664 2745.3500 2.4599 -4.5679
2746.1500 -1.2750 3.2706 2746.5500 0.5966 -3.9685 2746.3500 0.1476 -1.6415
2747.1500 3.1438 -1.6679 2747.5500 3.6919 1.1925 2747.3500 -1.2949 -1.5693
2748.1500 1.1440 0.2090 2748.5500 -0.4637 -0.0138 2748.3500 -4.0967 -4.1450
2749.1500 -3.8712 1.2872 2749.5500 -3.1122 3.1461 2749.3500 2.2348 -0.9898
2750.1500 4.1985 0.4356 2750.5500 -1.3785 0.4657 2750.3500 -0.4785 -0.0225
2751.1500 -3.6167 -1.5867 2751.5500 -0.6492 2.5245 2751.3500 -4.5664 -2.9650
2752.1500 3.6051 3.8035 2752.5500 -3.8745 -0.6280 2752.3500 3.2027 -1.4559
2753.1000 -0.4908 0.0057 2753.9000 -0.0079 -0.0068 2753.4000 0.5088 -0.0059
2753.5000 -0.3051 -0.5035 2753.5000 0.2980 -0.5065 2753.5000 -0.0069 0.5039
2754.1500 4.0852 1.7427 2754.5500 0.0131 -0.4341 2754.3500 -1.6648 -4.9931
2755.1500 0.7869 -0.6366 2755.5500 -0.6161 3.5489 2755.3500 0.5528 2.9451
2756.1500 2.4246 2.4329 2756.5500 3.1754 -3.8700 2756.3500 0.3599 0.5692
2757.1500 -0.7742 2.1544 2757.5500 -1.2382 -2.0148 2757.3500 4.3657 -0.8908
2758.1500 4.5559 -1.9204 2758.5500 -4.6163 3.5880 2758.3500 -4.3651 -4.0057
2759.1500 2.4246 4.1096 2759.5500 -2.1647 -3.3145 2759.3500 0.4476 4.7149
2760.1500 1.9469 0.9540 2760.5500 -2.9757 -0.6307 2760.3500 -1.6028 -0.0423
2761.1500 4.0079 0.9709 2761.5500 -0.7442 -2.7960 2761.3500 1.6833 2.9560
2762.1500 -3.7382 -4.5579 2762.5500 4.6024 -2.8980 2762.3500 -0.9588 2.8973
2763.1000 -0.5042 -0.0015 2763.9000 -0.0027 0.0062 2763.4000 0.4999 -0.0076
2763.5000 -0.2920 -0.4926 2763.5000 0.3056 -0.4903 2763.5000 0.0008 0.5052
2764.1500 3.3862 3.0281 2764.5500 -1.4175 2.7982 2764.3500 -2.3719 3.8779
2765.1500 -1.4710 1.0172 2765.5500 3.6707 -4.5967 2765.3500 2.0249 -0.0488
2766.1500 -1.0832 1.4774 2766.5500 -2.3138 0.8055 2766.3500 -0.5382 0.3360
2767.1000 -0.4918 -0.0079 2767.9000 0.0063 -0.0010 2767.4000 0.4904 0.0024
2767.5000 -0.2975 -0.5000 2767.5000 0.2956 -0.4932 2767.5000 0.0065 0.4937
2768.1000 -0.4930 0.0050 2768.9000 -0.0078 -0.0017 2768.4000 0.4998 0.0003
2768.5000 -0.3069 -0.4924 2768.5000 0.3095 -0.5009 2768.5000 -0.0068 0.5020
2769.1500 -2.6185 -4.0092 2769.5500 -1.9445 -1.5201 2769.3500 -3.1402 1.2074
2770.1500 3.9301 -3.3880 2770.5500 -2.8468 1.4549 2770.3500 3.9282 0.3811
2771.1500 -2.2725 -4.0164 2771.5500 -0.4976 3.6021 2771.3500 -3.3070 1.3484
2772.1500 1.5287 -0.8725 2772.5500 1.4632 -3.7505 2772.3500 -2.4632 -4.4150
2773.1500 2.5627 -4.7489 2773.5500 -1.2436 4.9269 2773.3500 1.3283 -3.1383
2774.1500 -1.5248 -0.6619 2774.5500 4.4526 4.0364 2774.3500 -1.3429 3.7603
2775.1500 -2.5149 1.4531 2775.5500 0.6314 -0.1027 2775.3500 -4.9134 -2.4200
2776.1500 1.2341 -4.7222 2776.5500 2.1757 2.3775 2776.3500 -1.6640 -2.8138
2777.1500 -4.8379 -4.9724 2777.5500 1.5097 0.5806 2777.3500 -2.1053 -3.3884
2778.1500 -2.8015 3.9312 2778.5500 2.5422 2.6385 2778.3500 4.3278 2.6085
2779.1500 3.1204 -1.5770 2779.5500 4.8590 0.3580 2779.3500 -3.8985 -0.5478
2780.1500 0.4467 -0.3840 2780.5500 1.5774 -4.7109 2780.3500 2.5016 4.9622
2781.1500 -3.5370 2.5286 2781.5500 4.3086 -3.9164 2781.3500 4.3612 4.1831
2782.1000 -0.5083 -0.0080 2782.9000 0.0073 0.0037 2782.4000 0.5023 0.0042
2782.5000 -0.3073 -0.5056 2782.5000 0.3054 -0.5086 2782.5000 -0.0069 0.5097
2783.1500 -1.3438 -1.5404 2783.5500 -2.8282 0.5349 2783.3500 2.2373 1.2611
2784.1500 3.5507 -0.5104 2784.5500 2.4927 0.4477 2784.3500 2.4639 -3.9623
2785.1500 -3.6295 1.6033 2785.5500 3.0724 -3.4009 2785.3500 0.3026 -4.3945
2786.1500 4.8387 -3.0025 2786.5500 -0.2488 0.6267 2786.3500 1.7180 -3.4871
2787.1500 3.1899 -2.0497 2787.5500 -2.9971 1.4521 2787.3500 3.4289 -3.4584
2788.1500 4.9244 4.2805 2788.5500 3.2834 -3.4256 2788.3500 -1.4625 -3.9819
2789.1500 4.4872 1.6988 2789.5500 -1.7106 -0.3654 2789.3500 -2.5341 -0.4958
2790.1500 3.4494 -2.5691 2790.5500 3.6595 1.2135 2790.3500 -4.6994 0.3647
2791.1500 1.3963 -1.0131 2791.5500 -2.7199 2.0040 2791.3500 0.3252 2.1647
2792.1000 -0.5032 -0.0077 2792.9000 0.0049 0.0083 2792.4000 0.4988 0.0014
2792.5000 -0.3024 -0.4967 2792.5000 0.2998 -0.4901 2792.5000 -0.0046 0.5082
2793.1500 1.7701 3.3255 2793.5500 -2.8619 2.4585 2793.3500 -0.5392 -1.7455
2794.1500 2.0719 1.8507 2794.5500 0.6021 1.4466 2794.3500 1.0884 0.5378
2795.1500 3.5860 -2.1429 2795.5500 -1.1535 -4.9276 2795.3500 -3.1239 -2.8101
2796.1500 1.4750 0.0611 2796.5500 -4.7619 -0.9436 2796.3500 1.6003 1.8968
2797.1500 -3.7196 3.1960 2797.5500 -4.4868 4.5676 2797.3500 -4.3840 -0.0970
2798.1500 4.8132 -2.5254 2798.5500 3.7976 -2.0147 2798.3500 0.7754 -1.1769
2799.1500 -0.0456 -2.6003 2799.5500 4.3238 -3.2791 2799.3500 0.3409 -4.2852
2800.1500 0.5627 0.1963 2800.5500 -2.9371 -3.0605 2800.3500 4.3036 4.8987
2801.1500 3.8229 3.4113 2801.5500 0.4536 -2.1693 2801.3500 1.5001 -2.0486
2802.1000 -0.5033 0.0078 2802.9000 0.0089 0.0035 2802.4000 0.4944 -0.0006
2802.5000 -0.3091 -0.5031 2802.5000 0.2977 -0.5009 2802.5000 -0.0000 0.5069
2803.1500 -4.1816 0.7036 2803.5500 -4.3148 3.3343 2803.3500 0.4763 -4.5370
2804.1500 3.6267 2.5798 2804.5500 -0.3349 1.9575 2804.3500 -3.2635 -1.1862
2805.1500 0.8641 -1.8561 2805.5500 3.8689 -3.4490 2805.3500 0.6568 3.6141
2806.1500 4.9388 -2.7854 2806.5500 -0.4405 -3.8643 2806.3500 1.2786 2.2289
2807.1500 3.5554 2.5553 2807.5500 1.0778 -1.0917 2807.3500 2.0714 -3.7196
2808.1500 -4.5802 2.2937 2808.5500 -0.8384 -4.2432 2808.3500 -0.7276 -2.3278
2809.1500 -1.5207 2.4942 2809.5500 3.3257 -2.1714 2809.3500 -2.4529 1.3365
2810.1500 3.2479 -4.2650 2810.5500 -4.5532 4.9756 2810.3500 -4.5054 2.1577
2811.1500 0.9637 1.4505 2811.5500 0.8367 -3.5323 2811.3500 0.6937 -1.1592
2812.1500 -4.0587 4.0906 2812.5500 2.0083 -1.9513 2812.3500 -0.8575 -1.6805
2813.1500 -3.3016 3.4473 2813.5500 -1.8311 -2.4503 2813.3500 0.8631 -4.2164
2814.1500 -1.6734 2.8185 2814.5500 -4.3731 -4.9461 2814.3500 -4.0331 4.1860
2815.1500 -4.8620 1.0102 2815.5500 1.2592 0.0884 2815.3500 0.8793 0.1600
2816.1500 0.0568 0.8658 2816.5500 2.0159 -0.2977 2816.3500 0.1418 2.8335
2817.1500 -4.5510 2.8680 2817.5500 -0.9572 4.0174 2817.3500 -1.5860 2.3683
2818.1500 -1.9165 -0.0895 2818.5500 0.4171 3.9300 2818.3500 -0.9007 -3.0262
2819.1500 1.4585 -3.1893 2819.5500 0.2635 2.2891 2819.3500 2.1818 2.7578
2820.1500 2.1095 2.1369 2820.5500 -3.2826 -3.7979 2820.3500 4.5956 0.5731
2821.1500 -4.1138 -1.6793 2821.5500 -1.7506 -0.2991 2821.3500 -3.7216 2.4222
2822.1500 -3.9706 3.6938 2822.5500 4.5791 -2.1803 2822.3500 4.9444 2.8244
2823.1500 0.1299 1.0701 2823.5500 0.9014 -0.5349 2823.3500 -0.1737 4.3528
2824.1000 -0.5090 -0.0057 2824.9000 -0.0073 0.0054 2824.4000 0.4953 0.0052
2824.5000 -0.3041 -0.5057 2824.5000 0.2992 -0.5023 2824.5000 -0.0013 0.4950
2825.1500 -3.2679 -4.5408 2825.5500 -0.2999 3.0111 2825.3500 -4.8847 2.9928
2826.1000 -0.5048 -0.0009 2826.9000 0.0016 0.0021 2826.4000 0.5059 0.0026
2826.5000 -0.3070 -0.4939 2826.5000 0.2943 -0.4963 2826.5000 0.0052 0.4961
2827.1500 1.3267 -1.1232 2827.5500 -1.1209 0.7251 2827.3500 2.6787 0.9541
2828.1500 2.9052 -3.5781 2828.5500 -4.1419 -0.5766 2828.3500 3.9389 -0.7716
2829.1500 4.8300 -3.8831 2829.5500 -0.5666 -3.6896 2829.3500 -1.9661 0.6902
2830.1500 -3.3271 -1.8596 2830.5500 0.6700 4.2029 2830.3500 1.8011 -1.5815
2831.1000 -0.4912 0.0084 2831.9000 0.0083 -0.0089 2831.4000 0.5072 -0.0059
2831.5000 -0.2985 -0.5087 2831.5000 0.3075 -0.5002 2831.5000 0.0094 0.4992
2832.1500 0.9169 4.6525 2832.5500 0.8907 1.0533 2832.3500 -1.2773 -3.7690
2833.1500 -4.8383 2.8499 2833.5500 4.1029 3.2841 2833.3500 4.4249 2.2484
2834.1500 -3.2169 -3.8618 2834.5500 1.1127 3.6617 2834.3500 3.2399 3.4811
2835.1500 -2.7646 -2.1810 2835.5500 2.6388 -3.2721 2835.3500 -4.8844 1.8099
2836.1000 -0.4963 0.0029 2836.9000 -0.0004 0.0081 2836.4000 0.5050 0.0057
2836.5000 -0.3048 -0.4979 2836.5000 0.3023 -0.4993 2836.5000 0.0035 0.5035
2837.1500 -2.0028 -1.4810 2837.5500 0.2610 0.0020 2837.3500 2.4094 -1.4490
2838.1000 -0.5040 -0.0037 2838.9000 -0.0097 0.0042 2838.4000 0.5035 0.0022
2838.5000 -0.2967 -0.4964 2838.5000 0.2956 -0.4962 2838.5000 -0.0040 0.5025
2839.1500 1.7079 2.3506 2839.5500 -0.1891 3.2096 2839.3500 -0.3699 0.5858
2840.1500 3.4503 3.8940 2840.5500 -2.9757 -4.6912 2840.3500 -4.4537 -0.3962
2841.1500 2.7295 3.1577 2841.5500 4.6422 -4.1672 2841.3500 0.1590 2.2029
2842.1500 -1.9141 -0.0088 2842.5500 -2.6834 3.6511 2842.3500 -1.1709 -0.6986
2843.1500 -4.6112 1.6031 2843.5500 2.5604 0.0801 2843.3500 -1.8602 -1.9595
2844.1500 2.8731 -0.0033 2844.5500 2.2566 -4.5583 2844.3500 -0.8883 3.6214
2845.1500 4.4136 -2.9608 2845.5500 -2.2261 1.2322 2845.3500 2.4926 3.6813
2846.1500 -1.6762 3.0290 2846.5500 3.6940 -2.8647 2846.3500 -0.7054 3.3114
2847.1500 -1.3607 0.5831 2847.5500 -0.6756 -2.0330 2847.3500 -4.6496 0.6203
2848.1500 4.7899 2.9532 2848.5500 1.7781 3.4703 2848.3500 1.8180 -3.0409
2849.1500 0.7545 4.5322 2849.5500 4.4097 4.8988 2849.3500 4.9068 4.7012
2850.1000 -0.4965 -0.0054 2850.9000 -0.0032 -0.0007 2850.4000 0.4935 0.0024
2850.5000 -0.3050 -0.5000 2850.5000 0.3055 -0.4948 2850.5000 -0.0021 0.4974
2851.1500 -4.2004 3.0208 2851.5500 1.6755 -2.3344 2851.3500 4.9290 -3.8820
2852.1500 -0.1525 2.3311 2852.5500 -0.8610 1.7755 2852.3500 -4.7393 -4.3212
2853.1000 -0.4927 0.0081 2853.9000 -0.0033 -0.0037 2853.4000 0.4928 -0.0036
2853.5000 -0.2916 -0.4985 2853.5000 0.3093 -0.4904 2853.5000 0.0077 0.4998
2854.1500 1.2544 -0.8117 2854.5500 -0.7263 1.3158 2854.3500 -4.8179 -1.2379
2855.1500 -0.2571 4.7977 2855.5500 -0.7287 3.9839 2855.3500 -0.8317 1.1444
2856.1500 3.1694 2.1781 2856.5500 -4.2806 -4.0573 2856.3500 -3.5360 -4.5814
2857.1500 -2.8600 3.5439 2857.5500 -4.4409 1.2974 2857.3500 -0.1337 2.0279
2858.1500 3.8131 -3.7112 2858.5500 -0.2349 -4.9623 2858.3500 -4.7717 0.2410
2859.1500 -0.1156 4.0201 2859.5500 -1.3861 -4.8645 2859.3500 1.5953 1.3438
2860.1500 -4.5377 -1.3191 2860.5500 2.2756 1.5097 2860.3500 0.3412 -0.3730
2861.1000 -0.5071 0.0091 2861.9000 0.0050 -0.0073 2861.4000 0.5060 -0.0047
2861.5000 -0.3000 -0.4923 2861.5000 0.2925 -0.4956 2861.5000 0.0052 0.4975
2862.1500 -3.9372 2.7342 2862.5500 -0.6654 -4.3706 2862.3500 -0.6668 -4.8751
2863.1500 -0.7469 3.2011 2863.5500 2.3246 0.8568 2863.3500 2.4406 3.2482
2864.1500 -2.6671 1.2874 2864.5500 -2.8127 -2.3870 2864.3500 3.5402 4.6655
2865.1500 -0.2897 0.3348 2865.5500 2.6854 -3.6462 2865.3500 1.0292 -0.9595
2866.1500 4.2088 -2.2106 2866.5500 -2.3291 1.1449 2866.3500 -4.9978 -3.3111
2867.1500 -3.3896 -3.3851 2867.5500 0.0986 1.0528 2867.3500 4.9084 -1.2304
2868.1500 -4.3649 -0.0793 2868.5500 -1.1291 1.6199 2868.3500 -0.3432 4.3991
2869.1000 -0.5003 0.0065 2869.9000 0.0042 0.0084 2869.4000 0.5033 0.0047
2869.5000 -0.2939 -0.4980 2869.5000 0.3055 -0.5054 2869.5000 -0.0043 0.5016
2870.1500 -2.4201 -0.6884 2870.5500 -3.6093 2.9677 2870.3500 -1.2518 0.2747
2871.1500 3.0679 0.0484 2871.5500 -0.8952 -3.6620 2871.3500 -4.3151 -3.6503
2872.1000 -0.4981 -0.0064 2872.9000 0.0052 -0.0047 2872.4000 0.5035 0.0078
2872.5000 -0.3063 -0.5048 2872.5000 0.2932 -0.5079 2872.5000 0.0032 0.4947
2873.1500 -1.2749 2.9770 2873.5500 3.5272 -2.9039 2873.3500 -3.4452 -2.0080
2874.1500 -2.9537 3.1533 2874.5500 3.4442 2.5266 2874.3500 3.9361 -2.6568
2875.1500 -2.3858 0.4582 2875.5500 -4.7262 -3.7535 2875.3500 -2.8579 2.7165
2876.1500 -0.0469 2.3399 2876.5500 0.4076 4.8501 2876.3500 -2.9104 0.0184
2877.1500 2.5495 -3.7310 2877.5500 0.7372 -1.2198 2877.3500 3.3313 0.1694
2878.1500 -1.8553 -2.0517 2878.5500 1.3825 0.3215 2878.3500 4.1466 -2.9500
2879.1500 3.7697 -2.1642 2879.5500 -2.5994 1.3917 2879.3500 1.5022 -2.0425
2880.1500 2.0949 -4.4559 2880.5500 -4.2379 -2.7340 2880.3500 0.6935 3.8939
2881.1500 2.1685 1.5201 2881.5500 -1.7808 3.2507 2881.3500 -0.8458 -1.6406
2882.1500 -0.8643 3.2063 2882.5500 -1.0257 0.0535 2882.3500 -3.6487 3.3314
2883.1500 -1.7517 4.9912 2883.5500 -2.7862 0.1104 2883.3500 1.1480 4.7661
2884.1500 -3.6905 -4.6416 2884.5500 2.0183 3.5244 2884.3500 4.1776 -0.1652
2885.1500 2.5921 4.5100 2885.5500 4.6251 -4.0957 2885.3500 0.3106 0.3440
2886.1500 -4.6443 -3.4344 2886.5500 2.6258 0.0510 2886.3500 1.2779 -2.6534
2887.1000 -0.4908 0.0003 2887.9000 -0.0027 0.0091 2887.4000 0.5028 0.0002
2887.5000 -0.3055 -0.5049 2887.5000 0.2935 -0.5092 2887.5000 -0.0022 0.5046
2888.1500 3.7425 4.7914 2888.5500 0.3923 -0.7445 2888.3500 3.7853 -1.5064
2889.1500 1.0680 1.9307 2889.5500 -1.5579 -1.5313 2889.3500 4.4062 2.8728
2890.1000 -0.4998 0.0076 2890.9000 -0.0086 0.0064 2890.4000 0.4923 -0.0044
2890.5000 -0.3006 -0.4928 2890.5000 0.3010 -0.4909 2890.5000 0.0081 0.4915
2891.1500 -3.4497 -0.9220 2891.5500 -2.8472 -3.8767 2891.3500 -1.4949 3.5329
2892.1000 -0.4919 -0.0063 2892.9000 -0.0038 -0.0065 2892.4000 0.4925 -0.0072
2892.5000 -0.3031 -0.4989 2892.5000 0.2931 -0.5090 2892.5000 -0.0017 0.5006
2893.1500 -2.7878 -1.9605 2893.5500 0.4536 2.7685 2893.3500 -4.9596 0.4896
2894.1000 -0.5066 -0.0066 2894.9000 -0.0035 -0.0068 2894.4000 0.5020 -0.0088
2894.5000 -0.2957 -0.4903 2894.5000 0.2993 -0.4982 2894.5000 0.0046 0.5046
2895.1500 -3.9663 2.0991 2895.5500 3.4650 -0.4252 2895.3500 4.8677 3.6919
2896.1500 4.5088 -2.2193 2896.5500 -0.9167 2.8396 2896.3500 4.7779 2.0507
2897.1500 2.1715 1.4475 2897.5500 -3.2238 3.5977 2897.3500 -1.9941 -2.6676
2898.1500 -1.9304 -0.1957 2898.5500 2.1028 -2.9860 2898.3500 -0.0615 -0.1151
2899.1500 0.4577 -4.9858 2899.5500 -2.1784 -0.1633 2899.3500 0.3764 -4.0551
2900.1500 -0.3511 3.1486 2900.5500 0.5890 -0.6764 2900.3500 4.1498 3.5150
2901.1500 4.4122 -1.7763 2901.5500 3.9243 -4.4980 2901.3500 -4.0006 3.1724
2902.1000 -0.5042 -0.0053 2902.9000 -0.0042 0.0005 2902.4000 0.5063 0.0014
2902.5000 -0.2969 -0.5080 2902.5000 0.2959 -0.4937 2902.5000 0.0061 0.4988
2903.1500 1.4199 -4.8021 2903.5500 0.4334 0.1374 2903.3500 -4.1996 4.0337
2904.1000 -0.4917 0.0096 2904.9000 0.0058 -0.0052 2904.4000 0.5081 -0.0011
2904.5000 -0.2958 -0.5085 2904.5000 0.3058 -0.5097 2904.5000 -0.0016 0.5048
2905.1500 -2.2180 1.3238 2905.5500 1.5137 -1.2225 2905.3500 -3.3150 2.0841
2906.1000 -0.5097 -0.0045 2906.9000 -0.0078 -0.0087 2906.4000 0.4927 -0.0072
2906.5000 -0.2956 -0.5062 2906.5000 0.2991 -0.4940 2906.5000 -0.0062 0.5062
2907.1500 -2.1015 2.4043 2907.5500 -2.8654 -2.7958 2907.3500 1.7267 3.9375
2908.1500 -1.2852 0.5333 2908.5500 0.1789 -3.3041 2908.3500 -0.4541 -0.3606
2909.1500 -0.7268 -1.3210 2909.5500 -2.8875 -2.8163 2909.3500 0.1938 4.5208
2910.1500 2.7919 2.1817 2910.5500 0.3052 -2.0228 2910.3500 -1.5538 -4.9965
2911.1500 0.9074 -0.5439 2911.5500 2.0606 4.5547 2911.3500 -2.4668 -0.4582
2912.1500 -1.6643 -3.2170 2912.5500 -4.9907 -0.7212 2912.3500 -1.8649 -3.3259
2913.1500 0.5351 0.8772 2913.5500 2.5332 2.5697 2913.3500 1.4202 1.8108
2914.1500 3.4420 4.7653 2914.5500 -0.8953 -1.7303 2914.3500 -4.6841 2.1208
2915.1500 0.8046 2.6982 2915.5500 0.9932 -2.4305 2915.3500 0.8680 3.0144
2916.1500 -0.1851 4.7361 2916.5500 3.2856 -4.5010 2916.3500 -0.8304 -3.5523
2917.1500 4.6463 2.4763 2917.5500 0.1721 -4.3785 2917.3500 -1.1843 -4.2291
2918.1500 -2.1301 3.4991 2918.5500 -4.9431 3.2354 2918.3500 0.6261 3.2740
2919.1500 2.4522 1.9122 2919.5500 -1.8889 -1.1843 2919.3500 4.3801 -4.1549
2920.1500 -2.1657 2.8729 2920.5500 0.3024 2.2105 2920.3500 4.6741 0.8442
2921.1500 4.6022 -1.1133 2921.5500 -1.5347 -4.5379 2921.3500 -2.5591 -4.4210
2922.1500 4.3711 0.6337 2922.5500 2.1604 4.3040 2922.3500 3.6852 -4.3620
2923.1500 0.9550 2.7721 2923.5500 -3.1851 2.6506 2923.3500 -1.5521 2.5072
2924.1500 -0.8053 1.6752 2924.5500 -0.4343 -3.9078 2924.3500 -1.6038 -0.7606
2925.1500 4.1561 4.6028 2925.5500 -0.9793 -2.6036 2925.3500 1.1513 -3.7673
2926.1500 1.8662 -2.4288 2926.5500 2.7738 3.3028 2926.3500 -1.5270 -3.2468
2927.1500 4.9828 0.7242 2927.5500 0.4656 1.0710 2927.3500 -1.2381 3.1587
2928.1500 -1.6909 2.6966 2928.5500 4.6993 0.1879 2928.3500 2.5088 -3.2230
2929.1500 3.9577 1.4826 2929.5500 -1.7935 -3.6675 2929.3500 4.2733 -2.4798
2930.1500 -0.4613 -4.4026 2930.5500 -0.3275 -4.4964 2930.3500 4.3800 -1.1743
2931.1500 -1.3882 -1.7764 2931.5500 -4.4972 -2.5079 2931.3500 -3.0020 -3.5294
2932.1500 1.4750 -1.8906 2932.5500 2.1191 -3.7095 2932.3500 -1.7125 -0.9955
2933.1500 -1.2147 0.9566 2933.5500 -2.9973 4.5535 2933.3500 4.4403 1.6346
2934.1000 -0.5027 0.0033 2934.9000 -0.0030 0.0051 2934.4000 0.5051 0.0013
2934.5000 -0.2970 -0.5096 2934.5000 0.3098 -0.5077 2934.5000 0.0097 0.4955
2935.1500 3.7380 2.1693 2935.5500 1.9366 -1.2105 2935.3500 -4.2255 3.6503
2936.1500 2.0903 -0.9003 2936.5500 -0.3433 1.7723 2936.3500 -2.4975 -4.8805
2937.1500 -2.0034 2.7407 2937.5500 -3.4719 -1.2583 2937.3500 3.2955 0.2069
2938.1500 -0.8695 -3.8142 2938.5500 -2.6119 -4.0166 2938.3500 2.0496 2.6820
2939.1500 1.4870 4.7531 2939.5500 0.7518 -3.3931 2939.3500 1.6097 2.9014
2940.1500 1.1556 -1.9153 2940.5500 -3.9047 -1.2753 2940.3500 -4.8999 4.7593
2941.1500 3.2356 -0.3908 2941.5500 -3.2114 0.1263 2941.3500 -0.3993 3.6747
2942.1500 0.1527 3.6424 2942.5500 1.5230 -4.8494 2942.3500 -2.6548 -2.0280
2943.1500 2.0190 0.0340 2943.5500 3.0404 -3.0077 2943.3500 -1.1569 -0.1563
2944.1500 -1.8192 4.0046 2944.5500 3.4815 4.0267 2944.3500 0.5735 -4.7836
2945.1500 4.0533 4.2376 2945.5500 4.7556 1.4337 2945.3500 -1.9878 4.4151
2946.1500 -3.1628 1.9527 2946.5500 4.1991 2.6029 2946.3500 4.7517 -2.4233
2947.1500 4.2477 -4.2430 2947.5500 1.7586 0.4452 2947.3500 3.0743 -3.3795
2948.1500 -2.3709 -3.5571 2948.5500 1.1597 2.3459 2948.3500 -2.4944 -1.1324
2949.1500 2.3279 -3.5841 2949.5500 0.1265 -2.2377 2949.3500 0.0413 1.3372
2950.1500 -4.7390 -2.9890 2950.5500 -3.9258 2.5379 2950.3500 4.3185 4.6540
2951.1500 -0.4618 1.0943 2951.5500 2.9573 -4.0260 2951.3500 3.8393 2.9654
2952.1500 4.1042 2.5268 2952.5500 3.0862 -4.3618 2952.3500 -1.2803 2.9356
2953.1500 -2.8419 4.2220 2953.5500 2.7836 -3.1006 2953.3500 -2.2273 0.1367
2954.1500 1.8406 -0.9544 2954.5500 -1.6909 1.2098 2954.3500 -4.4875 2.3225
2955.1500 -3.6095 1.9320 2955.5500 -0.6240 -1.5782 2955.3500 -3.8585 3.2180
2956.1000 -0.4908 -0.0083 2956.9000 -0.0008 -0.0036 2956.4000 0.4918 -0.0061
2956.5000 -0.2980 -0.5097 2956.5000 0.2921 -0.5018 2956.5000 -0.0039 0.4974
2957.1000 -0.4930 0.0054 2957.9000 0.0060 0.0030 2957.4000 0.4939 0.0072
2957.5000 -0.3030 -0.5072 2957.5000 0.3064 -0.5005 2957.5000 0.0022 0.5005
2958.1500 4.5618 4.1576 2958.5500 3.5690 2.3194 2958.3500 -3.6797 2.0914
2959.1500 -0.0841 3.8790 2959.5500 -3.7389 0.3402 2959.3500 -4.6960 0.1200
2960.1500 3.2094 1.5623 2960.5500 3.1021 -0.4759 2960.3500 4.7322 3.1810
2961.1500 0.1137 -1.8372 2961.5500 1.9533 -4.9967 2961.3500 -0.0281 -4.3209
2962.1500 -2.8064 -3.9974 2962.5500 3.6872 -4.1864 2962.3500 -0.0547 -0.1987
2963.1500 -0.3781 -2.0774 2963.5500 3.7713 -2.7506 2963.3500 -0.9077 4.8340
2964.1500 -2.5144 -4.3979 2964.5500 1.6379 3.4276 2964.3500 4.5658 -2.2261
2965.1500 3.5359 4.5711 2965.5500 0.0869 -1.5633 2965.3500 -3.3034 1.4985
2966.1500 3.1395 -3.6989 2966.5500 -3.0410 3.1253 2966.3500 -1.4050 -2.2585
2967.1500 0.2199 0.3436 2967.5500 1.6772 4.2823 2967.3500 -4.9016 4.3046
2968.1500 -2.3372 -3.4486 2968.5500 -3.6113 -4.5377 2968.3500 1.4400 -2.1690
2969.1500 1.2136 3.7757 2969.5500 4.1959 -3.4064 2969.3500 2.6515 -3.7852
2970.1500 -0.7172 -4.2113 2970.5500 -2.6046 -1.2955 2970.3500 4.6164 -1.9697
2971.1500 4.2387 -1.2096 2971.5500 -2.7755 1.2026 2971.3500 3.3884 -1.5130
2972.1500 -0.0037 3.6028 2972.5500 -1.8810 2.0370 2972.3500 -0.1907 3.6539
2973.1500 4.7283 -3.3499 2973.5500 2.1544 -4.3382 2973.3500 0.3454 1.0037
2974.1500 2.5008 0.3636 2974.5500 3.1531 1.9585 2974.3500 -3.2964 -0.6331
2975.1500 -1.3850 0.8280 2975.5500 -3.8393 -4.2324 2975.3500 -1.6431 0.1925
2976.1500 3.6204 3.4589 2976.5500 1.7509 0.9956 2976.3500 1.6721 1.2624
2977.1500 2.1379 -0.0186 2977.5500 -1.8173 0.3201 2977.3500 0.9494 -2.5938
2978.1500 -3.7396 -2.8157 2978.5500 -2.1551 0.3579 2978.3500 0.6704 0.2504
2979.1000 -0.5056 -0.0026 2979.9000 -0.0009 0.0089 2979.4000 0.4980 0.0071
2979.5000 -0.2945 -0.4975 2979.5000 0.2937 -0.4976 2979.5000 -0.0099 0.4932
2980.1500 -1.3789 0.4962 2980.5500 -1.1229 -3.9139 2980.3500 -0.6240 3.4748
2981.1500 3.6146 1.2279 2981.5500 -4.3905 3.3008 2981.3500 2.9291 -1.0042
2982.1500 -1.9600 -3.5569 2982.5500 2.5323 0.5391 2982.3500 -2.8023 2.4754
2983.1500 -2.3196 -1.9552 2983.5500 -2.4242 1.8492 2983.3500 1.2610 -1.6618
2984.1500 -0.0316 -2.6787 2984.5500 0.3280 0.8989 2984.3500 -0.9548 4.9529
2985.1500 -1.0704 -0.8523 2985.5500 -2.0800 3.1086 2985.3500 0.0163 2.9224
2986.1500 -3.2771 1.7201 2986.5500 4.2916 2.3892 2986.3500 -2.2413 4.5735
2987.1500 3.7289 -3.6295 2987.5500 1.3136 3.5010 2987.3500 -0.8481 -3.8922
2988.1500 -4.4413 -1.7554 2988.5500 -4.5862 -2.8863 2988.3500 3.8298 -4.3954
2989.1500 3.4559 -0.9348 2989.5500 -4.3305 -4.3380 2989.3500 -1.5033 -0.2126
2990.1500 0.3995 3.4364 2990.5500 4.3414 -2.0415 2990.3500 -1.3916 -4.6147
2991.1500 4.7248 -0.7392 2991.5500 0.1472 0.6176 2991.3500 1.8974 -2.0233
2992.1500 3.5811 -2.6423 2992.5500 1.9257 -0.5016 2992.3500 3.8596 -1.9681
2993.1500 3.4699 2.9326 2993.5500 -1.7882 -1.2916 2993.3500 -2.9653 -2.9659
2994.1000 -0.5097 -0.0055 2994.9000 0.0059 0.0006 2994.4000 0.4935 0.0086
2994.5000 -0.3017 -0.5031 2994.5000 0.2936 -0.5073 2994.5000 -0.0016 0.5091
2995.1500 -3.0044 0.1460 2995.5500 -2.5638 -0.1579 2995.3500 -0.0763 0.4269
2996.1500 3.3594 -4.1205 2996.5500 3.1686 4.0100 2996.3500 3.6852 4.6227
2997.1500 4.8819 -2.7476 2997.5500 1.8230 4.1749 2997.3500 -1.4876 -2.8214
2998.1500 -1.4283 0.3637 2998.5500 -3.0177 -0.4058 2998.3500 -4.9633 1.3830
2999.1500 1.0034 -3.6597 2999.5500 1.4138 1.2938 2999.3500 1.9535 0.4773
3000.1500 -2.4465 1.5774 3000.5500 4.6361 1.8305 3000.3500 4.4509 1.7756
3001.1500 3.9852 0.1195 3001.5500 3.0341 -4.8649 3001.3500 -1.1356 -4.5706
3002.1500 3.5627 -0.9626 3002.5500 0.3409 3.0248 3002.3500 0.5868 -1.4741
3003.1500 -4.3097 -3.4847 3003.5500 4.5266 -1.9658 3003.3500 3.6675 -3.5640
3004.1500 -0.6143 4.1443 3004.5500 -2.9752 -3.0859 3004.3500 1.9260 2.3332
3005.1500 -4.7514 3.8165 3005.5500 -2.0503 -0.3132 3005.3500 -3.7527 4.3108
3006.1500 -1.5200 2.1785 3006.5500 -2.1723 -1.4511 3006.3500 4.9754 -3.5042
3007.1000 -0.5057 -0.0006 3007.9000 0.0041 -0.0000 3007.4000 0.5058 0.0051
3007.5000 -0.3059 -0.4970 3007.5000 0.2951 -0.5088 3007.5000 -0.0065 0.4997
3008.1000 -0.5069 -0.0059 3008.9000 -0.0078 -0.0071 3008.4000 0.5072 -0.0022
3008.5000 -0.3022 -0.5037 3008.5000 0.3088 -0.4962 3008.5000 0.0014 0.4929
3009.1000 -0.5003 -0.0034 3009.9000 -0.0099 0.0043 3009.4000 0.5041 -0.0093
3009.5000 -0.3076 -0.4998 3009.5000 0.3060 -0.5007 3009.5000 -0.0080 0.5096
3010.1500 0.9356 2.3461 3010.5500 2.5251 -0.7441 3010.3500 -1.3585 -3.6997
3011.1500 -0.0565 -4.6633 3011.5500 -3.2093 -2.0406 3011.3500 -2.3710 -3.5951
3012.1000 -0.4949 0.0059 3012.9000 0.0021 -0.0039 3012.4000 0.5071 -0.0046
3012.5000 -0.3032 -0.5097 3012.5000 0.2957 -0.4989 3012.5000 0.0041 0.4978
3013.1500 2.7595 0.1868 3013.5500 -4.0435 -0.5043 3013.3500 -2.6510 1.6115
3014.1000 -0.5059 0.0003 3014.9000 -0.0074 -0.0010 3014.4000 0.5004 -0.0090
3014.5000 -0.3079 -0.4947 3014.5000 0.3061 -0.4941 3014.5000 -0.0022 0.5026
3015.1500 1.8000 -0.3152 3015.5500 -3.2330 2.0578 3015.3500 -2.8930 -4.3880
3016.1500 -1.6582 0.6139 3016.5500 0.7148 0.9107 3016.3500 -4.2489 -1.3389
3017.1500 1.5267 -0.5504 3017.5500 4.1861 -2.5846 3017.3500 -0.9943 0.3430
3018.1500 1.8817 -4.1918 3018.5500 -0.7397 -0.0357 3018.3500 -2.2874 -0.7642
3019.1500 -3.7989 2.5058 3019.5500 4.2528 -1.7527 3019.3500 -0.3471 -2.1832
3020.1500 1.0182 2.7324 3020.5500 4.7514 -3.9445 3020.3500 2.3557 -0.6983
3021.1500 -0.3117 -0.7685 3021.5500 -2.8039 -0.2918 3021.3500 -3.4712 2.8320
3022.1500 -2.8008 3.9241 3022.5500 4.1508 1.1113 3022.3500 -1.5829 -4.2946
3023.1500 -1.6981 2.5217 3023.5500 4.5065 -3.3852 3023.3500 -3.0045 -4.6334
3024.1500 4.1569 4.3207 3024.5500 -1.6524 -0.1806 3024.3500 -1.9739 -0.6918
3025.1500 2.9079 0.8804 3025.5500 1.6366 -4.7440 3025.3500 2.0693 4.7103
3026.1500 -3.4684 -4.7124 3026.5500 -4.0960 -4.3093 3026.3500 -2.5546 1.4562
3027.1500 4.6569 3.2609 3027.5500 -2.3986 0.2024 3027.3500 -3.4520 1.2005
3028.1500 1.1258 4.2980 3028.5500 0.6840 -1.8158 3028.3500 3.2745 4.2309
3029.1500 0.5686 -2.8388 3029.5500 -1.2056 -2.8171 3029.3500 0.1300 4.9818
3030.1500 -3.6452 -3.0297 3030.5500 0.4185 -4.9680 3030.3500 -3.5550 4.5982
3031.1500 4.6611 -4.9172 3031.5500 -4.5228 3.8356 3031.3500 -0.9115 -2.2582
3032.1500 -3.7059 3.4340 3032.5500 -4.0835 0.7215 3032.3500 2.5897 -3.5878
3033.1500 -4.1136 0.3411 3033.5500 2.5893 -2.5622 3033.3500 2.8191 1.0948
3034.1500 -3.5631 -0.0281 3034.5500 -1.7490 -2.3623 3034.3500 -3.1144 -0.9396
3035.1500 1.3466 -4.2436 3035.5500 -4.3407 3.5448 3035.3500 -3.0425 3.6739
3036.1000 -0.4921 -0.0022 3036.9000 -0.0008 -0.0050 3036.4000 0.4969 0.0098
3036.5000 -0.3045 -0.5032 3036.5000 0.2997 -0.4995 3036.5000 -0.0091 0.5007
3037.1500 1.6058 -1.4047 3037.5500 -1.1064 -4.3592 3037.3500 -1.1102 2.2228
3038.1500 -4.5272 1.9323 3038.5500 4.3015 -3.9224 3038.3500 0.7950 4.6357
3039.1500 1.3113 -3.9658 3039.5500 -2.7445 0.0007 3039.3500 -1.7025 -3.0729
3040.1000 -0.5083 -0.0046 3040.9000 -0.0087 -0.0045 3040.4000 0.5072 0.0019
3040.5000 -0.2956 -0.5065 3040.5000 0.3052 -0.5063 3040.5000 -0.0085 0.5100
3041.1500 2.8578 -0.7566 3041.5500 -1.9227 4.7742 3041.3500 2.1487 -1.9872
3042.1000 -0.4927 0.0058 3042.9000 -0.0089 0.0060 3042.4000 0.5082 0.0006
3042.5000 -0.3058 -0.5044 3042.5000 0.3039 -0.4934 3042.5000 0.0031 0.4920
3043.1500 -3.2285 2.3236 3043.5500 -2.5833 -3.9403 3043.3500 0.8517 -4.0576
3044.1500 -0.9338 -0.5519 3044.5500 -0.2440 -1.1325 3044.3500 3.9340 -0.2895
3045.1500 -2.4038 -4.5960 3045.5500 -2.3784 -2.4145 3045.3500 3.6522 0.3474
3046.1500 -0.7510 -2.3397 3046.5500 2.8679 -3.6300 3046.3500 3.6935 -1.3381
3047.1000 -0.4914 0.0014 3047.9000 -0.0094 -0.0029 3047.4000 0.5058 0.0022
3047.5000 -0.3044 -0.5064 3047.5000 0.3097 -0.4964 3047.5000 -0.0055 0.5046
3048.1500 2.5588 -3.3867 3048.5500 1.4996 -4.8155 3048.3500 4.1608 -0.3539
3049.1500 4.5398 4.9532 3049.5500 4.2600 4.0952 3049.3500 0.6945 1.5205
3050.1500 0.4302 -3.2548 3050.5500 -0.7972 1.8612 3050.3500 0.3772 -3.2224
3051.1000 -0.5037 0.0099 3051.9000 0.0083 -0.0026 3051.4000 0.4995 0.0058
3051.5000 -0.3039 -0.5048 3051.5000 0.3071 -0.4976 3051.5000 0.0057 0.5089
3052.1500 1.9625 -1.7145 3052.5500 3.1693 -4.6187 3052.3500 -3.5245 3.2092
3053.1500 -4.2420 -2.3940 3053.5500 3.2838 4.0537 3053.3500 -3.5587 -4.8118
3054.1500 -4.0347 -4.8999 3054.5500 3.0392 2.0423 3054.3500 2.4886 -1.5762
3055.1500 3.4581 -1.0022 3055.5500 -2.9772 -4.6298 3055.3500 -2.2198 3.0728
3056.1000 -0.4955 0.0097 3056.9000 -0.0068 0.0089 3056.4000 0.5042 -0.0005
3056.5000 -0.3069 -0.4994 3056.5000 0.2937 -0.4902 3056.5000 -0.0056 0.4984
3057.1500 -2.5191 -4.4810 3057.5500 2.2431 1.1957 3057.3500 -3.6035 -4.3787
3058.1500 3.8436 -1.8275 3058.5500 -2.0067 0.1967 3058.3500 1.8989 -3.6792
3059.1500 2.8463 4.4235 3059.5500 -3.7828 -4.6398 3059.3500 -0.3302 0.5811
3060.1500 4.0448 2.2513 3060.5500 -2.5719 4.0022 3060.3500 0.0029 -1.4638
3061.1500 -1.0357 1.7611 3061.5500 -3.0880 -4.5971 3061.3500 2.1770 0.5888
3062.1500 1.0263 2.6553 3062.5500 4.5025 -3.3250 3062.3500 0.2185 2.0991
3063.1500 4.6719 0.1257 3063.5500 -4.4085 0.1912 3063.3500 -0.4803 -4.2439
3064.1500 4.5820 -0.9594 3064.5500 3.8223 3.6788 3064.3500 1.6628 -0.9635
3065.1500 -0.5949 -4.6567 3065.5500 2.7632 -2.0834 3065.3500 -3.1669 -4.6429
3066.1000 -0.5079 0.0056 3066.9000 0.0061 0.0066 3066.4000 0.4990 0.0064
3066.5000 -0.3046 -0.5084 3066.5000 0.2925 -0.5003 3066.5000 -0.0062 0.5074
3067.1500 -1.9980 4.2159 3067.5500 -1.8521 3.8080 3067.3500 -1.1181 1.4698
3068.1500 1.9256 1.7591 3068.5500 0.3918 -4.9666 3068.3500 2.4412 4.3304
3069.1500 -1.2252 -2.3844 3069.5500 -3.5413 3.2619 3069.3500 -4.9195 -1.4094
3070.1500 3.0104 1.2309 3070.5500 4.1111 -3.9281 3070.3500 1.9104 -1.0547
3071.1500 2.6895 1.5338 3071.5500 4.7079 -0.4990 3071.3500 -4.3738 -3.4984
3072.1500 -2.5282 -0.2590 3072.5500 3.9514 -2.7105 3072.3500 -3.5796 4.3677
3073.1000 -0.5009 0.0006 3073.9000 0.0068 -0.0080 3073.4000 0.5006 -0.0066
3073.5000 -0.2933 -0.4951 3073.5000 0.2961 -0.4947 3073.5000 -0.0066 0.5003
3074.1500 1.8742 2.1773 3074.5500 0.3449 -0.3536 3074.3500 -1.6045 1.9144
3075.1500 -0.9649 -1.2584 3075.5500 4.6145 1.0812 3075.3500 2.4907 2.3706
3076.1500 2.7723 1.9829 3076.5500 -2.5346 1.1223 3076.3500 3.6474 1.7756
3077.1500 0.4352 -3.9330 3077.5500 -1.1106 2.5645 3077.3500 4.3624 -1.6412
3078.1500 -1.0726 -0.0610 3078.5500 3.5977 3.7645 3078.3500 -3.2550 2.4931
3079.1500 -3.7031 -2.6796 3079.5500 -1.5908 4.2560 3079.3500 -4.4473 1.3285
3080.1500 3.3854 2.4423 3080.5500 3.1108 -2.4833 3080.3500 2.4210 -3.6007
3081.1500 2.5837 0.4683 3081.5500 2.8184 3.4616 3081.3500 -2.7823 -3.5914
3082.1500 4.2366 -2.0799 3082.5500 0.1524 -3.9236 3082.3500 -3.9822 -3.2909
3083.1000 -0.4945 0.0021 3083.9000 0.0034 -0.0038 3083.4000 0.5011 0.0078
3083.5000 -0.3067 -0.4925 3083.5000 0.3068 -0.5066 3083.5000 -0.0047 0.5063
3084.1500 3.5288 -1.4717 3084.5500 -0.4269 2.5621 3084.3500 4.0381 -1.3667
3085.1500 -4.8580 3.2734 3085.5500 4.9424 1.9456 3085.3500 1.6538 -2.7551
3086.1500 1.7638 -1.5015 3086.5500 -4.2164 4.8270 3086.3500 -0.2080 0.1259
3087.1500 0.6596 1.9391 3087.5500 -2.7950 -3.9488 3087.3500 -0.0031 3.5641
3088.1000 -0.4986 -0.0067 3088.9000 -0.0071 0.0017 3088.4000 0.5074 -0.0066
3088.5000 -0.3041 -0.5077 3088.5000 0.2967 -0.4962 3088.5000 0.0036 0.5017
3089.1000 -0.4993 -0.0054 3089.9000 0.0007 -0.0002 3089.4000 0.5048 0.0037
3089.5000 -0.3016 -0.5081 3089.5000 0.3017 -0.4989 3089.5000 0.0069 0.5043
3090.1500 -3.0908 -0.4061 3090.5500 -1.4292 -3.4235 3090.3500 -2.6315 2.6351
3091.1500 -2.5596 4.8886 3091.5500 -1.0282 4.6550 3091.3500 2.9356 0.4550
3092.1000 -0.5008 -0.0081 3092.9000 0.0004 0.0044 3092.4000 0.4988 0.0051
3092.5000 -0.2921 -0.4937 3092.5000 0.2969 -0.5087 3092.5000 -0.0009 0.5072
3093.1500 3.0918 3.4799 3093.5500 -1.1935 -1.3030 3093.3500 3.5598 2.7516
3094.1500 2.3670 0.9674 3094.5500 -4.3527 4.6095 3094.3500 -4.9460 -1.2666
3095.1500 3.9563 -2.3478 3095.5500 -0.3674 -4.5451 3095.3500 -0.9944 -1.8086
3096.1500 1.6541 -1.8329 3096.5500 -1.5806 -3.1767 3096.3500 2.6607 -3.3382
3097.1500 2.5036 2.5048 3097.5500 -0.2137 4.3099 3097.3500 -1.4046 1.4134
3098.1000 -0.4948 0.0059 3098.9000 -0.0064 0.0083 3098.4000 0.4964 0.0075
3098.5000 -0.2930 -0.5038 3098.5000 0.3061 -0.4906 3098.5000 -0.0090 0.4997
3099.1500 2.6831 2.8440 3099.5500 -2.9149 -4.9194 3099.3500 -0.6321 1.8738
3100.1000 -0.4991 0.0021 3100.9000 0.0066 -0.0085 3100.4000 0.5051 -0.0090
3100.5000 -0.2914 -0.4930 3100.5000 0.2937 -0.4989 3100.5000 -0.0001 0.5017
3101.1500 1.5384 1.9533 3101.5500 4.1992 0.4813 3101.3500 -2.0124 -0.9761
3102.1500 3.2686 -0.5481 3102.5500 -3.4622 -2.2268 3102.3500 -0.0269 -4.3005
3103.1000 -0.5038 -0.0053 3103.9000 0.0002 0.0072 3103.4000 0.5000 0.0091
3103.5000 -0.2925 -0.4979 3103.5000 0.3062 -0.4955 3103.5000 -0.0007 0.4923
3104.1500 -2.5908 -3.3918 3104.5500 4.9473 0.9944 3104.3500 -0.1572 -0.0306
3105.1500 -1.0978 2.5706 3105.5500 3.8231 2.1448 3105.3500 -2.3710 -2.8313
3106.1500 2.7146 -2.1660 3106.5500 -3.1253 0.7487 3106.3500 1.4790 2.2836
3107.1500 4.9885 -2.1752 3107.5500 -2.6270 -1.6875 3107.3500 0.9533 -4.0530
3108.1500 2.8001 3.7067 3108.5500 -0.1132 -3.6953 3108.3500 -1.5030 3.3707
3109.1500 -2.0400 0.5685 3109.5500 -2.6625 3.5289 3109.3500 -1.2959 3.5466
3110.1500 -2.1469 -2.7392 3110.5500 -2.3105 3.0755 3110.3500 2.2810 4.0114
3111.1500 4.8521 3.0739 3111.5500 4.3870 1.5499 3111.3500 -0.3568 -1.8866
3112.1500 -3.8133 -1.4689 3112.5500 4.3669 -2.7293 3112.3500 3.9493 -4.3746
3113.1500 3.4796 -2.7822 3113.5500 -4.8517 3.3007 3113.3500 -3.7059 0.1084
3114.1500 -2.1734 -1.7342 3114.5500 -3.2210 -1.9582 3114.3500 -1.0359 -0.1970
3115.1500 4.5020 -2.5959 3115.5500 -1.0106 3.8099 3115.3500 -2.7379 -2.9339
3116.1500 -2.9686 0.3937 3116.5500 4.2204 -2.2367 3116.3500 3.1377 -3.3471
3117.1500 0.1979 0.1530 3117.5500 3.0014 -0.5868 3117.3500 -4.2361 -4.4447
3118.1500 3.5717 -0.0198 3118.5500 4.1224 -3.2412 3118.3500 -1.0475 -4.6058
3119.1500 -0.7306 -2.2480 3119.5500 4.7747 0.0126 3119.3500 -3.4686 4.3070
3120.1500 1.3485 -2.6990 3120.5500 -2.6382 4.1864 3120.3500 0.6723 4.9692
3121.1500 4.8397 4.2404 3121.5500 -3.1176 1.1370 3121.3500 -3.6278 2.4211
3122.1500 -2.7424 2.6552 3122.5500 -1.7790 -4.8587 3122.3500 3.5487 -4.7388
3123.1500 -2.8880 0.6245 3123.5500 -1.1954 0.9285 3123.3500 -0.0459 4.9709
3124.1500 -2.2333 -2.5182 3124.5500 -1.0864 2.7839 3124.3500 2.1174 -2.5652
3125.1500 2.8097 1.5293 3125.5500 3.8942 0.5894 3125.3500 2.6010 -0.2057
3126.1500 3.3036 1.9794 3126.5500 -0.7114 -4.0795 3126.3500 -0.7516 1.3755
3127.1500 2.1553 4.7412 3127.5500 1.1582 1.6218 3127.3500 -0.3087 1.2717
3128.1500 0.7198 2.4962 3128.5500 -0.8960 1.1095 3128.3500 3.7306 0.8705
3129.1000 -0.4915 0.0052 3129.9000 -0.0008 0.0023 3129.4000 0.5094 -0.0079
3129.5000 -0.3039 -0.5030 3129.5000 0.2953 -0.5016 3129.5000 -0.0051 0.5063
3130.1500 0.3909 4.1800 3130.5500 -4.0467 -3.9802 3130.3500 -4.0306 3.8818
3131.1500 -2.1607 -0.1506 3131.5500 -4.7422 0.6465 3131.3500 -3.4746 -2.7366
3132.1500 -3.9800 -0.7070 3132.5500 -3.6371 -0.4221 3132.3500 2.2059 1.3156
3133.1500 -0.1920 -2.9532 3133.5500 -4.3941 -3.8378 3133.3500 -3.2172 3.8937
3134.1500 4.5999 3.2936 3134.5500 1.6952 -1.2719 3134.3500 3.3807 -4.1924
3135.1500 -3.2642 -1.2284 3135.5500 0.1135 -3.0209 3135.3500 -2.5215 -4.5908
3136.1500 -2.5858 4.3038 3136.5500 -1.9677 -1.3014 3136.3500 -0.8894 -3.8910
3137.1500 -1.0174 -2.1629 3137.5500 -0.4207 4.6605 3137.3500 -0.5040 -0.7433
3138.1500 -3.6337 -2.2290 3138.5500 -1.6639 4.5674 3138.3500 2.7757 1.1809
3139.1500 1.3962 -1.6541 3139.5500 3.3883 3.4507 3139.3500 -4.3668 -3.5667
3140.1500 -3.1770 0.9833 3140.5500 -3.9636 4.0839 3140.3500 -3.1944 0.7434
3141.1500 -3.7338 4.2182 3141.5500 4.0812 -3.9011 3141.3500 -3.5865 3.7551
3142.1500 -1.7693 -2.3740 3142.5500 2.7257 -4.0160 3142.3500 4.2618 0.7761
3143.1500 -2.8695 -3.1410 3143.5500 0.5485 0.7209 3143.3500 -3.7178 -2.7087
3144.1500 -3.0173 -0.9080 3144.5500 -2.1254 0.7915 3144.3500 -1.1736 -2.6615
3145.1500 4.0765 1.3806 3145.5500 -2.9676 -2.1066 3145.3500 4.7397 2.5031
3146.1500 3.3688 0.9577 3146.5500 -3.3560 1.9149 3146.3500 1.6002 -0.0715
3147.1500 0.5731 -3.1481 3147.5500 3.5728 1.3094 3147.3500 2.3460 -3.8501
3148.1500 -2.1285 2.8322 3148.5500 2.1246 -1.3587 3148.3500 -4.1818 -2.4512
3149.1500 -1.0007 -0.3474 3149.5500 -3.1176 -0.7584 3149.3500 0.5976 -1.6676
3150.1500 -0.7130 -0.1644 3150.5500 -4.9573 -1.3541 3150.3500 -0.5854 3.0860
3151.1500 4.3365 4.5371 3151.5500 -2.6511 1.0503 3151.3500 -2.1973 -1.9226
3152.1500 -1.0935 -2.5805 3152.5500 -1.9897 -3.5921 3152.3500 4.4847 -3.0992
3153.1500 4.1757 -4.8822 3153.5500 -0.7847 -3.3619 3153.3500 4.6739 -0.1431
3154.1500 -1.4956 -1.0330 3154.5500 -1.2256 -3.5885 3154.3500 4.3277 0.3167
3155.1500 4.2729 4.1735 3155.5500 4.3540 -3.4800 3155.3500 0.2224 1.9211
3156.1500 -1.6551 3.7002 3156.5500 3.7261 3.5584 3156.3500 -1.3764 3.7139
3157.1500 4.4623 -3.8735 3157.5500 -4.6748 0.1844 3157.3500 -2.5329 -0.4009
3158.1500 -0.8388 -2.9299 3158.5500 3.6597 2.7380 3158.3500 -3.8737 1.8345
3159.1500 2.0747 -0.0490 3159.5500 2.1355 0.8029 3159.3500 3.2979 3.3452
3160.1500 -3.1190 0.0591 3160.5500 2.2234 -4.6408 3160.3500 -3.6280 2.1752
3161.1000 -0.4958 -0.0090 3161.9000 -0.0010 -0.0064 3161.4000 0.4990 0.0061
3161.5000 -0.3068 -0.5050 3161.5000 0.3013 -0.4914 3161.5000 -0.0033 0.4974
3162.1500 -3.8946 -4.2611 3162.5500 -1.2743 0.1067 3162.3500 -3.8178 -4.8792
3163.1000 -0.4916 -0.0048 3163.9000 -0.0045 -0.0088 3163.4000 0.4965 0.0072
3163.5000 -0.3071 -0.4987 3163.5000 0.3009 -0.4922 3163.5000 0.0002 0.5056
3164.1500 -1.0368 -0.0160 3164.5500 -1.1707 -2.5885 3164.3500 -3.3154 1.0459
3165.1500 -2.1189 2.0012 3165.5500 4.3292 2.7119 3165.3500 2.5363 0.1837
3166.1500 -0.8408 1.0598 3166.5500 -0.3397 2.4316 3166.3500 -4.6037 0.8758
3167.1500 3.4848 0.4579 3167.5500 1.7641 3.5500 3167.3500 2.1583 -1.5203
3168.1500 -0.4109 -3.0146 3168.5500 0.7267 -0.2325 3168.3500 -0.1593 3.2459
3169.1500 2.9815 4.3689 3169.5500 3.1243 -3.8166 3169.3500 2.9790 4.0643
3170.1000 -0.4980 0.0057 3170.9000 0.0049 -0.0049 3170.4000 0.4915 0.0068
3170.5000 -0.3028 -0.4958 3170.5000 0.3046 -0.4976 3170.5000 0.0088 0.5048
3171.1000 -0.5014 -0.0064 3171.9000 -0.0037 0.0055 3171.4000 0.4929 0.0089
3171.5000 -0.3076 -0.5096 3171.5000 0.3059 -0.5064 3171.5000 -0.0057 0.4939
3172.1500 -1.6793 -4.1327 3172.5500 -3.2520 0.7474 3172.3500 -4.6905 -3.2778
3173.1500 3.4714 4.3480 3173.5500 3.5512 1.8014 3173.3500 -2.0501 2.5721
3174.1500 3.4040 3.4503 3174.5500 2.3620 1.5393 3174.3500 -2.3876 2.9575
3175.1500 -4.5469 -3.2404 3175.5500 3.1087 -3.2470 3175.3500 0.1586 4.0428
3176.1000 -0.4901 -0.0036 3176.9000 -0.0034 -0.0090 3176.4000 0.5068 0.0033
3176.5000 -0.2976 -0.5089 3176.5000 0.2911 -0.5099 3176.5000 0.0040 0.5083
3177.1500 -2.3022 0.0278 3177.5500 -4.5868 3.5658 3177.3500 -1.3088 -3.5397
3178.1500 4.6896 4.6806 3178.5500 -2.3704 -2.0257 3178.3500 1.4012 0.9977
3179.1500 4.5309 2.6071 3179.5500 1.7969 -3.6790 3179.3500 0.2206 3.7503
3180.1500 -3.5655 3.6713 3180.5500 -4.1497 0.1725 3180.3500 3.9725 -2.2984
3181.1500 -1.1077 -2.3882 3181.5500 0.9093 -0.0796 3181.3500 -2.8571 4.7629
3182.1500 -1.1675 -2.8499 3182.5500 2.7412 0.9628 3182.3500 -0.0216 2.1366
3183.1500 -3.3920 4.8785 3183.5500 2.3943 -1.8353 3183.3500 4.3673 1.6860
3184.1500 2.4322 -1.9512 3184.5500 -0.7221 2.7824 3184.3500 -4.7310 -2.7358
3185.1000 -0.4912 -0.0091 3185.9000 -0.0039 0.0079 3185.4000 0.4948 -0.0021
3185.5000 -0.2928 -0.4961 3185.5000 0.2934 -0.5063 3185.5000 0.0029 0.4910
3186.1500 1.5721 -0.6848 3186.5500 -1.5414 3.5992 3186.3500 0.0040 -4.3857
3187.1500 2.9603 2.7217 3187.5500 1.8375 0.7770 3187.3500 4.6543 2.9838
3188.1000 -0.5000 -0.0038 3188.9000 -0.0019 -0.0089 3188.4000 0.5099 -0.0019
3188.5000 -0.3072 -0.4925 3188.5000 0.3091 -0.5062 3188.5000 0.0006 0.4963
3189.1500 -1.7812 -1.3355 3189.5500 -0.2913 -3.5166 3189.3500 -3.9793 -0.7405
3190.1000 -0.5094 0.0050 3190.9000 0.0002 -0.0083 3190.4000 0.4909 0.0023
3190.5000 -0.3085 -0.5092 3190.5000 0.2951 -0.4929 3190.5000 0.0082 0.5080
3191.1500 -2.0016 3.2602 3191.5500 3.0784 -4.2944 3191.3500 4.3736 1.1558
3192.1500 -4.3054 4.0155 3192.5500 1.3451 -4.5583 3192.3500 -4.6810 2.9406
3193.1500 -2.4717 1.0867 3193.5500 -2.2400 -1.4585 3193.3500 -2.9794 3.9586
3194.1500 -1.3038 0.5392 3194.5500 1.5768 2.1478 3194.3500 4.4567 -2.8921
3195.1500 4.4344 -2.1786 3195.5500 1.1401 1.1635 3195.3500 4.7733 1.9325
3196.1500 -4.6731 3.0690 3196.5500 -2.5781 -2.1722 3196.3500 -4.5015 -0.4089
3197.1500 -4.9012 -1.7488 3197.5500 2.5632 3.6802 3197.3500 -2.0476 -2.8321
3198.1000 -0.4905 -0.0014 3198.9000 0.0058 -0.0055 3198.4000 0.4960 -0.0045
3198.5000 -0.2908 -0.5043 3198.5000 0.2938 -0.5081 3198.5000 -0.0034 0.4913
3199.1500 -3.4610 -1.6452 3199.5500 -0.4036 -2.3126 3199.3500 0.6472 3.3378
3200.1000 -0.4927 0.0070 3200.9000 -0.0091 -0.0019 3200.4000 0.5046 -0.0079
3200.5000 -0.3030 -0.5065 3200.5000 0.2905 -0.5095 3200.5000 -0.0067 0.5060
3201.1500 -3.1969 -4.7193 3201.5500 -4.3481 1.4496 3201.3500 -3.2704 4.7635
3202.1500 -0.7441 0.2912 3202.5500 0.5066 -1.4727 3202.3500 3.2661 1.9236
3203.1500 -2.5427 2.0405 3203.5500 -4.2882 3.3126 3203.3500 -4.9099 -1.6088
3204.1500 -0.7497 3.3522 3204.5500 -4.1170 0.0983 3204.3500 -2.8049 -4.8481
3205.1500 -1.1261 0.6527 3205.5500 1.7321 2.5444 3205.3500 -4.0627 -3.8573
3206.1500 3.0500 3.3561 3206.5500 0.2555 -0.7130 3206.3500 -1.3635 -3.2737
3207.1500 3.6323 -2.0566 3207.5500 1.4170 0.3339 3207.3500 4.4756 1.0276
3208.1500 -4.3991 3.9971 3208.5500 3.2976 -3.3605 3208.3500 1.0471 -4.7862
3209.1500 -1.5512 -3.8231 3209.5500 -4.0420 2.9784 3209.3500 1.8094 -0.7020
3210.1000 -0.5041 -0.0066 3210.9000 -0.0070 -0.0051 3210.4000 0.4910 0.0026
3210.5000 -0.2933 -0.4914 3210.5000 0.2973 -0.5070 3210.5000 -0.0049 0.4944
3211.1500 -2.7194 -2.0285 3211.5500 -0.7637 -3.3707 3211.3500 0.5145 -1.1597
3212.1500 3.2758 -3.4199 3212.5500 1.4300 2.2983 3212.3500 -0.2886 -4.8647
3213.1000 -0.4929 0.0025 3213.9000 0.0019 -0.0085 3213.4000 0.4943 0.0048
3213.5000 -0.2965 -0.5088 3213.5000 0.2961 -0.4970 3213.5000 0.0079 0.5066
3214.1500 2.5505 -0.6189 3214.5500 2.7296 -2.2196 3214.3500 -0.6682 -3.6728
3215.1000 -0.4913 -0.0012 3215.9000 0.0099 0.0048 3215.4000 0.5075 0.0018
3215.5000 -0.3033 -0.4929 3215.5000 0.2930 -0.5049 3215.5000 0.0034 0.4929
3216.1500 -2.7851 2.6235 3216.5500 -1.4793 3.2806 3216.3500 0.3124 1.9958
3217.1500 3.8901 2.2169 3217.5500 2.5152 2.3130 3217.3500 -1.0691 -4.7295
3218.1500 0.1664 3.8343 3218.5500 -0.5005 -0.2384 3218.3500 -4.9789 0.1340
3219.1500 -1.9153 2.2887 3219.5500 4.6720 4.8630 3219.3500 -0.7530 -3.3479
3220.1500 3.6368 0.3049 3220.5500 -4.4161 -3.5660 3220.3500 -2.8021 -3.2014
3221.1500 4.0896 -0.3066 3221.5500 -3.5387 4.1711 3221.3500 -0.8841 -0.3433
3222.1500 -1.4046 0.0203 3222.5500 1.3993 -1.7294 3222.3500 1.9002 0.3537
3223.1500 -4.5325 -3.9972 3223.5500 0.9243 4.3587 3223.3500 -3.9793 0.5451
3224.1500 4.7641 -4.7531 3224.5500 -4.2700 4.4409 3224.3500 2.3967 -3.8703
3225.1500 -1.1577 -4.9167 3225.5500 3.4658 4.3251 3225.3500 0.5661 -0.1313
3226.1500 3.8572 -2.3609 3226.5500 1.0923 -4.2554 3226.3500 -1.0415 -1.6043
3227.1500 -3.7819 1.0913 3227.5500 -0.5095 2.5278 3227.3500 3.9957 -0.8204
3228.1500 -2.0018 -0.0879 3228.5500 4.1530 -2.8735 3228.3500 -1.3464 3.8244
3229.1500 0.6743 -4.8274 3229.5500 -2.7575 2.5131 3229.3500 -1.6271 0.6445
3230.1500 -1.4214 -2.9216 3230.5500 3.4812 -4.0219 3230.3500 -0.2267 1.3212
3231.1500 0.1489 4.8574 3231.5500 1.4916 -2.5591 3231.3500 -3.6086 -3.0692
3232.1500 1.8302 -3.4633 3232.5500 -3.1606 -2.2265 3232.3500 3.8606 4.6914
3233.1500 -1.5994 -3.8399 3233.5500 2.7620 -2.9869 3233.3500 -0.9852 2.1085
3234.1500 -4.0272 -3.3483 3234.5500 3.8647 -3.7401 3234.3500 2.0411 4.7724
3235.1500 -4.2530 0.1778 3235.5500 -0.1421 -1.5649 3235.3500 2.6970 -0.6298
3236.1500 -3.5894 1.4992 3236.5500 -1.3191 2.5207 3236.3500 1.6611 -0.5784
3237.1000 -0.4977 0.0015 3237.9000 -0.0039 -0.0069 3237.4000 0.4929 -0.0001
3237.5000 -0.3052 -0.5033 3237.5000 0.3087 -0.4963 3237.5000 -0.0084 0.4922
3238.1500 2.0225 2.9789 3238.5500 -4.9153 2.3799 3238.3500 4.4565 3.2056
3239.1500 -2.0129 3.1290 3239.5500 -2.6415 -1.4273 3239.3500 2.3632 3.8153
3240.1500 -4.3686 -2.1750 3240.5500 2.1794 -1.2114 3240.3500 4.4771 0.6058
3241.1000 -0.5055 0.0004 3241.9000 -0.0039 0.0068 3241.4000 0.5026 0.0097
3241.5000 -0.2953 -0.5008 3241.5000 0.3010 -0.5069 3241.5000 0.0085 0.5003
3242.1500 4.2576 1.1545 3242.5500 0.5645 -0.9844 3242.3500 1.2854 -3.6885
3243.1500 2.5405 -1.2074 3243.5500 -3.0658 0.8594 3243.3500 -3.1036 0.6677
3244.1500 -0.3787 -0.7306 3244.5500 4.2049 -4.2004 3244.3500 -2.6258 4.7511
3245.1500 -3.6515 -0.1512 3245.5500 -4.9994 -4.1951 3245.3500 2.3875 -0.4169
3246.1500 -3.7165 -2.0949 3246.5500 0.9762 -3.2150 3246.3500 3.4217 -3.7935
3247.1500 -0.0268 2.8863 3247.5500 -0.6832 4.5351 3247.3500 -2.6160 3.7368
3248.1500 1.2716 -3.4210 3248.5500 -2.5928 -3.0309 3248.3500 0.8766 4.0335
3249.1000 -0.4920 -0.0061 3249.9000 0.0096 -0.0064 3249.4000 0.4936 0.0037
3249.5000 -0.3071 -0.5043 3249.5000 0.2917 -0.5045 3249.5000 0.0008 0.5071
3250.1500 -1.1800 1.1007 3250.5500 0.6254 -1.5206 3250.3500 4.5672 -4.5772
3251.1500 4.2863 -3.8187 3251.5500 -1.0548 2.9008 3251.3500 1.7336 -3.4551
3252.1500 -4.3961 3.6110 3252.5500 -1.8330 -3.1738 3252.3500 -1.3347 -2.6525
3253.1500 -2.9048 3.8180 3253.5500 -3.4142 -4.6618 3253.3500 -2.8920 1.5117
3254.1500 2.4279 -3.4902 3254.5500 1.3347 -4.2781 3254.3500 4.5114 -0.8286
3255.1500 -0.5604 1.1597 3255.5500 -3.9164 -1.0424 3255.3500 -4.9221 4.3556
3256.1500 2.0824 2.6547 3256.5500 -2.6125 2.6499 3256.3500 -0.0990 -4.0764
3257.1500 -2.2890 -3.5270 3257.5500 0.2256 -3.0280 3257.3500 -2.4095 4.6856
3258.1500 2.0907 1.6604 3258.5500 4.0461 -3.8579 3258.3500 -0.2677 -2.6999
3259.1500 -1.5626 -4.4274 3259.5500 2.2147 -4.2367 3259.3500 0.7021 1.0292
3260.1000 -0.4913 0.0005 3260.9000 -0.0098 0.0073 3260.4000 0.4980 0.0093
3260.5000 -0.2961 -0.4929 3260.5000 0.3001 -0.4964 3260.5000 -0.0017 0.4910
3261.1500 1.3888 -1.2323 3261.5500 2.5780 -0.9928 3261.3500 -3.7595 -1.7649
3262.1500 -1.2474 -2.0379 3262.5500 2.4017 0.5832 3262.3500 3.1019 -3.8819
3263.1500 4.1402 -4.8782 3263.5500 -2.8208 -1.0111 3263.3500 4.9238 -3.8592
3264.1500 0.7271 -2.0403 3264.5500 -1.0550 -0.1251 3264.3500 1.8192 1.3867
3265.1000 -0.4992 0.0028 3265.9000 -0.0092 -0.0027 3265.4000 0.5029 0.0053
3265.5000 -0.2986 -0.5005 3265.5000 0.3035 -0.5046 3265.5000 -0.0076 0.4998
3266.1000 -0.4968 0.0061 3266.9000 0.0027 0.0052 3266.4000 0.5051 0.0084
3266.5000 -0.2933 -0.5067 3266.5000 0.3055 -0.4943 3266.5000 -0.0097 0.4931
3267.1500 -4.7600 0.7162 3267.5500 0.5912 0.8635 3267.3500 -4.1794 0.7835
3268.1500 0.7591 -2.5716 3268.5500 2.9488 1.1195 3268.3500 4.5251 0.7016
3269.1500 0.2854 -0.9500 3269.5500 1.3194 -3.7751 3269.3500 2.4220 -2.5458
3270.1000 -0.5002 0.0022 3270.9000 -0.0080 0.0032 3270.4000 0.5014 -0.0079
3270.5000 -0.2994 -0.5050 3270.5000 0.2934 -0.5004 3270.5000 0.0055 0.4906
3271.1000 -0.4922 -0.0003 3271.9000 -0.0085 0.0051 3271.4000 0.4965 0.0001
3271.5000 -0.2965 -0.5006 3271.5000 0.2973 -0.5100 3271.5000 0.0009 0.4939
3272.1500 -2.3503 -0.5493 3272.5500 4.6139 1.7372 3272.3500 -1.5069 4.4797
3273.1000 -0.5047 -0.0048 3273.9000 0.0022 0.0066 3273.4000 0.5076 -0.0063
3273.5000 -0.2921 -0.5092 3273.5000 0.2929 -0.4925 3273.5000 0.0018 0.5072
3274.1500 4.8201 -1.5564 3274.5500 -1.6862 -4.1594 3274.3500 -3.0133 -2.2806
3275.1000 -0.5008 -0.0087 3275.9000 -0.0082 0.0082 3275.4000 0.4967 -0.0062
3275.5000 -0.3088 -0.5044 3275.5000 0.2946 -0.5017 3275.5000 -0.0026 0.4993
3276.1500 0.9643 2.7603 3276.5500 2.3363 1.5091 3276.3500 2.6990 -3.5441
3277.1500 -2.5610 -1.3789 3277.5500 -1.3681 0.2977 3277.3500 -2.5087 0.4853
3278.1500 2.0809 3.5920 3278.5500 2.2878 1.9675 3278.3500 0.9456 4.3899
3279.1500 -2.9867 1.7565 3279.5500 1.9140 4.3318 3279.3500 -4.2554 -1.2945
3280.1500 -3.2810 1.8577 3280.5500 -0.4660 -4.4906 3280.3500 -3.7817 -0.9512
3281.1500 -3.1267 -4.5441 3281.5500 2.7860 -0.0107 3281.3500 -0.6322 2.2977
3282.1500 -3.2411 -4.6572 3282.5500 -4.5441 -3.9684 3282.3500 1.0363 2.3402
3283.1500 -1.6286 -1.4551 3283.5500 -0.0084 -2.3873 3283.3500 2.7001 4.7343
3284.1500 0.7175 2.7095 3284.5500 -3.0548 1.5722 3284.3500 -1.4122 3.4002
3285.1500 0.8428 0.3902 3285.5500 -0.3240 3.4847 3285.3500 4.4327 -4.1279
3286.1500 1.4470 -4.7005 3286.5500 -3.6151 2.9896 3286.3500 -1.8654 -0.0079
3287.1500 -3.3262 -2.3576 3287.5500 -2.9231 -4.5626 3287.3500 -4.1484 -0.6826
3288.1500 -1.4556 -1.1316 3288.5500 0.7316 4.2637 3288.3500 -2.8688 3.0629
3289.1500 -1.3162 4.4601 3289.5500 -1.6610 -4.3523 3289.3500 2.7392 2.1734
3290.1000 -0.4991 -0.0001 3290.9000 0.0008 -0.0018 3290.4000 0.4918 -0.0093
3290.5000 -0.3072 -0.5032 3290.5000 0.3072 -0.4940 3290.5000 0.0083 0.4923
3291.1500 0.0008 -0.9194 3291.5500 4.1286 -1.2872 3291.3500 -2.8262 1.9666
3292.1000 -0.4922 0.0060 3292.9000 -0.0034 0.0021 3292.4000 0.5015 0.0030
3292.5000 -0.2922 -0.4971 3292.5000 0.3065 -0.4922 3292.5000 0.0035 0.5013
3293.1500 0.5245 -4.9703 3293.5500 2.9242 -3.8354 3293.3500 2.4023 -4.0927
3294.1500 0.9017 0.0028 3294.5500 -2.4226 -0.0684 3294.3500 -1.7186 -0.2345
3295.1500 -1.5290 -1.0545 3295.5500 0.3466 -3.0936 3295.3500 2.5553 0.0691
3296.1500 -2.4284 -0.7471 3296.5500 -3.4524 -3.5053 3296.3500 4.6550 -3.6850
3297.1500 -3.5115 4.5699 3297.5500 -1.0568 2.0731 3297.3500 -2.2786 -3.1606
3298.1500 -3.7946 -1.5146 3298.5500 2.0880 -3.9627 3298.3500 -1.6855 -1.3899
3299.1500 1.5751 -4.2167 3299.5500 -2.0994 2.3518 3299.3500 -4.8435 -4.3719
3300.1500 2.1000 -0.1043 3300.5500 4.5535 -4.5648 3300.3500 1.8922 3.7307
3301.1500 -1.4799 -2.5301 3301.5500 -1.3250 0.6995 3301.3500 -2.0898 -2.7157
3302.1500 -3.5374 -1.8008 3302.5500 -4.4754 1.2540 3302.3500 1.2890 -1.4602
3303.1500 -4.3366 0.9949 3303.5500 -2.1417 3.7769 3303.3500 -1.5626 0.4740
3304.1500 1.1153 -1.7280 3304.5500 4.3912 -0.4683 3304.3500 -1.9089 1.8755
3305.1000 -0.5089 0.0024 3305.9000 0.0015 -0.0008 3305.4000 0.4938 -0.0098
3305.5000 -0.2983 -0.4983 3305.5000 0.2943 -0.4944 3305.5000 0.0082 0.5082
3306.1500 -4.7956 4.5863 3306.5500 3.9393 0.1698 3306.3500 1.1968 -1.9155
3307.1000 -0.4988 -0.0025 3307.9000 0.0046 -0.0054 3307.4000 0.5012 -0.0074
3307.5000 -0.2961 -0.4964 3307.5000 0.2971 -0.5097 3307.5000 0.0012 0.5016
3308.1500 -1.5544 -1.7151 3308.5500 -2.3755 -2.4390 3308.3500 1.3608 -3.1061
3309.1500 3.7962 2.9869 3309.5500 0.1272 4.7819 3309.3500 -3.3936 -0.1547
3310.1500 4.9652 -0.5200 3310.5500 -3.0443 -1.6509 3310.3500 -1.6721 2.6301
3311.1500 4.1606 -1.3438 3311.5500 1.3837 -0.7669 3311.3500 -4.2572 -0.6994
3312.1500 3.4469 3.9047 3312.5500 -4.4483 0.9698 3312.3500 -2.3462 3.4010
3313.1500 -4.6688 1.0144 3313.5500 -1.9647 -2.6273 3313.3500 -4.8007 -0.7076
3314.1500 -2.1579 3.0853 3314.5500 -3.6330 -2.0799 3314.3500 -2.8495 3.1762
3315.1500 -3.4897 0.0531 3315.5500 -4.3115 4.8398 3315.3500 1.7396 -2.7946
3316.1500 4.9412 1.9160 3316.5500 -2.9164 2.8528 3316.3500 2.3479 -4.5953
3317.1500 -3.9213 -0.8327 3317.5500 4.8057 -4.4728 3317.3500 1.7502 -4.9287
3318.1500 -3.1821 -2.1659 3318.5500 3.8931 -2.6613 3318.3500 4.9907 3.0704
3319.1000 -0.5068 0.0048 3319.9000 0.0052 -0.0081 3319.4000 0.4991 -0.0059
3319.5000 -0.2913 -0.5060 3319.5000 0.3032 -0.4966 3319.5000 -0.0023 0.4961
3320.1500 0.2687 4.7450 3320.5500 2.3844 2.0224 3320.3500 1.6226 4.0058
3321.1500 1.1639 3.4665 3321.5500 -1.7870 -3.9622 3321.3500 -0.2164 3.2727
3322.1500 2.0033 -4.6241 3322.5500 3.1610 3.0666 3322.3500 0.5880 -0.0495
3323.1000 -0.4990 0.0055 3323.9000 0.0007 0.0028 3323.4000 0.4928 -0.0025
3323.5000 -0.2964 -0.5001 3323.5000 0.2900 -0.4955 3323.5000 0.0056 0.4911
3324.1500 1.1443 1.9196 3324.5500 3.4107 0.1737 3324.3500 2.7776 -2.0514
3325.1500 -1.2855 -2.5025 3325.5500 3.9945 -2.6498 3325.3500 2.1259 0.6069
3326.1500 2.3383 0.6951 3326.5500 -0.7240 -1.1908 3326.3500 -1.7829 0.0466
3327.1500 4.2814 0.0653 3327.5500 -2.6111 1.6075 3327.3500 0.4705 0.2614
3328.1500 1.9437 1.5011 3328.5500 -3.2940 -3.8603 3328.3500 -1.7720 2.4684
3329.1500 0.5555 -0.5575 3329.5500 1.7302 -3.9068 3329.3500 -3.0315 -0.2668
3330.1500 -3.4693 -3.0850 3330.5500 0.0372 -4.6443 3330.3500 -2.7057 2.3315
3331.1500 -4.2314 -4.4124 3331.5500 0.1455 3.3465 3331.3500 -2.6232 -0.9948
3332.1500 4.0148 1.7114 3332.5500 0.0230 1.0440 3332.3500 -1.3334 1.2012
3333.1500 4.9874 -0.9942 3333.5500 4.0322 1.0290 3333.3500 4.9361 4.9556
3334.1500 3.2460 4.7063 3334.5500 3.4784 -0.0459 3334.3500 -2.9309 1.1299
3335.1500 0.6893 -2.6220 3335.5500 -0.7558 0.5722 3335.3500 -0.5770 -2.8943
3336.1500 -1.5610 2.1105 3336.5500 0.5821 2.0130 3336.3500 2.2369 2.6428
3337.1500 -2.6558 0.8616 3337.5500 1.1820 -1.7293 3337.3500 4.2074 2.0993
3338.1500 -3.8682 -4.2830 3338.5500 -2.7721 -0.7922 3338.3500 -0.5088 4.2483
3339.1500 2.3240 2.2560 3339.5500 -1.6745 -3.5906 3339.3500 -1.1260 3.9976
3340.1000 -0.4913 0.0064 3340.9000 0.0005 0.0098 3340.4000 0.4962 0.0031
3340.5000 -0.2946 -0.5040 3340.5000 0.3051 -0.4974 3340.5000 0.0086 0.5079
3341.1500 3.3604 -0.5199 3341.5500 3.3867 1.2581 3341.3500 2.2509 -2.1801
3342.1500 3.7180 -3.3822 3342.5500 -3.7120 -0.0944 3342.3500 2.4361 -2.2052
3343.1500 1.1628 0.8311 3343.5500 1.3391 -4.4099 3343.3500 1.4823 1.9200
3344.1500 2.4330 3.6873 3344.5500 -3.8559 -0.6380 3344.3500 0.6854 0.2209
3345.1500 -2.6960 4.0000 3345.5500 4.8018 4.3307 3345.3500 0.2352 -3.5630
3346.1500 2.7349 2.6552 3346.5500 -3.5866 -0.2873 3346.3500 -3.2481 -1.3552
3347.1000 -0.5097 0.0023 3347.9000 0.0045 0.0055 3347.4000 0.5036 0.0079
3347.5000 -0.3011 -0.5089 3347.5000 0.2963 -0.4991 3347.5000 0.0073 0.4928
3348.1000 -0.4901 0.0007 3348.9000 -0.0025 -0.0048 3348.4000 0.5090 0.0029
3348.5000 -0.3054 -0.5075 3348.5000 0.3001 -0.5063 3348.5000 0.0065 0.5090
3349.1500 -2.1178 -4.8789 3349.5500 -1.6517 4.4993 3349.3500 3.0096 4.1802
3350.1500 -4.6578 2.9386 3350.5500 -1.9158 1.8213 3350.3500 -1.8225 2.5860
3351.1500 -2.6432 -3.8590 3351.5500 -1.4792 -3.7789 3351.3500 4.0380 -3.8118
3352.1500 4.3196 -1.0342 3352.5500 -4.4619 -0.1955 3352.3500 3.8110 0.0820
3353.1500 2.3213 -4.1197 3353.5500 0.0166 -4.7530 3353.3500 0.5556 1.0976
3354.1000 -0.5069 0.0009 3354.9000 -0.0098 -0.0040 3354.4000 0.4930 0.0065
3354.5000 -0.3032 -0.4970 3354.5000 0.3054 -0.5004 3354.5000 -0.0071 0.5055
3355.1500 -1.1581 -3.5433 3355.5500 -4.5113 -0.6511 3355.3500 -4.4609 4.9168
3356.1500 3.3448 4.1911 3356.5500 4.3507 -0.0576 3356.3500 1.0365 4.1973
3357.1500 -2.5881 -3.8866 3357.5500 4.8233 -3.1462 3357.3500 4.4833 3.7384
3358.1500 1.6020 1.7590 3358.5500 4.9869 -4.7559 3358.3500 -4.7115 3.8730
3359.1500 4.7211 0.1696 3359.5500 3.3313 1.0421 3359.3500 -4.1821 2.8247
3360.1000 -0.5096 0.0041 3360.9000 -0.0036 0.0054 3360.4000 0.4979 -0.0031
3360.5000 -0.2988 -0.5035 3360.5000 0.2963 -0.5066 3360.5000 -0.0019 0.5053
3361.1500 -4.2155 3.4861 3361.5500 2.3790 4.9603 3361.3500 1.1820 -0.4372
3362.1500 2.0441 -1.3077 3362.5500 0.9309 4.8443 3362.3500 -1.7178 4.2158
3363.1000 -0.5064 -0.0032 3363.9000 -0.0047 -0.0086 3363.4000 0.4963 -0.0086
3363.5000 -0.3057 -0.4971 3363.5000 0.3029 -0.5029 3363.5000 0.0094 0.4953
3364.1500 -1.3209 -0.9295 3364.5500 1.2764 -0.1721 3364.3500 -3.1218 2.4656
3365.1500 1.5491 2.2696 3365.5500 -0.9335 4.0958 3365.3500 -3.1665 -1.3074
3366.1500 -3.9896 -4.8644 3366.5500 2.1698 -0.6455 3366.3500 0.3074 -3.2022
3367.1500 -4.4331 2.9587 3367.5500 -0.3066 -2.3080 3367.3500 -0.9155 -4.4123
3368.1500 2.6105 2.1990 3368.5500 -4.1103 4.5965 3368.3500 -1.9375 4.0122
3369.1500 -0.8316 -4.1130 3369.5500 -0.1120 2.3846 3369.3500 -2.0238 3.2977
3370.1500 0.3100 2.7752 3370.5500 -0.8528 -0.7033 3370.3500 4.4740 -1.3325
3371.1000 -0.4995 0.0051 3371.9000 -0.0034 -0.0072 3371.4000 0.5000 -0.0044
3371.5000 -0.3043 -0.5085 3371.5000 0.3067 -0.5080 3371.5000 0.0095 0.4999
3372.1500 1.1350 1.4577 3372.5500 2.0087 -3.4867 3372.3500 -3.2316 3.1942
3373.1500 0.3984 -4.4274 3373.5500 -2.1048 4.8761 3373.3500 -0.6990 -2.7875
3374.1500 -2.1836 4.7458 3374.5500 -4.8760 2.9132 3374.3500 1.7379 -2.6951
3375.1500 2.5543 -4.4753 3375.5500 -3.2554 -3.6854 3375.3500 4.5575 1.5310
3376.1500 -4.1340 2.4585 3376.5500 -2.8124 -0.4578 3376.3500 -0.3322 -2.2524
3377.1500 -4.5033 -2.6005 3377.5500 4.7708 0.1798 3377.3500 0.7896 1.2053
3378.1500 -3.9979 -0.8290 3378.5500 -2.3296 0.9294 3378.3500 4.4739 -4.8695
3379.1500 0.1569 -3.6852 3379.5500 2.7258 -2.2564 3379.3500 -3.2626 -4.4393
3380.1000 -0.4904 -0.0070 3380.9000 -0.0037 -0.0046 3380.4000 0.4992 -0.0078
3380.5000 -0.3048 -0.4991 3380.5000 0.3039 -0.4968 3380.5000 -0.0090 0.5093
3381.1500 -0.0605 4.8130 3381.5500 1.7989 3.5828 3381.3500 -1.1617 -4.5464
3382.1500 0.6414 -3.9877 3382.5500 0.1215 3.2035 3382.3500 -1.8715 3.5155
3383.1500 -2.5371 -2.0209 3383.5500 4.8271 0.2360 3383.3500 3.4832 -3.4311
3384.1500 1.4743 -1.8616 3384.5500 4.9362 -3.7744 3384.3500 4.7095 4.2025
3385.1500 2.0232 4.1481 3385.5500 -2.7346 -3.4001 3385.3500 0.8100 -2.2777
3386.1500 -1.3827 3.1373 3386.5500 4.1845 3.4548 3386.3500 0.4975 -4.2369
3387.1500 -0.5014 1.4733 3387.5500 3.3993 2.5603 3387.3500 2.5916 -1.4951
3388.1500 -4.5281 -0.8540 3388.5500 4.2443 3.0686 3388.3500 3.4257 -1.9063
3389.1500 1.6900 2.4742 3389.5500 4.5039 2.0041 3389.3500 3.4268 1.2416
3390.1000 -0.4918 0.0093 3390.9000 -0.0085 0.0059 3390.4000 0.5079 0.0072
3390.5000 -0.2976 -0.4987 3390.5000 0.2967 -0.4954 3390.5000 0.0096 0.4954
3391.1500 -3.0072 -3.2797 3391.5500 -1.1811 3.3702 3391.3500 1.7653 4.3009
3392.1500 -1.2217 1.8108 3392.5500 -3.2764 3.4757 3392.3500 0.2189 -2.7134
3393.1500 4.7633 2.8826 3393.5500 -3.9442 -3.4237 3393.3500 1.1507 -2.3154
3394.1000 -0.4902 -0.0080 3394.9000 -0.0100 0.0076 3394.4000 0.4948 -0.0096
3394.5000 -0.2962 -0.5005 3394.5000 0.3097 -0.5062 3394.5000 -0.0049 0.4903
3395.1500 3.8183 3.6530 3395.5500 2.1883 0.3345 3395.3500 0.7411 -3.5114
3396.1500 -3.3262 4.7212 3396.5500 1.3006 -3.4644 3396.3500 -2.0796 0.6269
3397.1500 0.7150 -2.1740 3397.5500 -1.2453 -4.5663 3397.3500 -1.2677 -4.9688
3398.1500 2.9931 -3.8224 3398.5500 -2.0919 2.9178 3398.3500 -0.4414 -0.8475
3399.1500 -0.9583 -2.8009 3399.5500 -0.3859 3.9640 3399.3500 3.6656 -2.6672
3400.1500 -3.6985 1.4010 3400.5500 4.8381 -2.4098 3400.3500 -4.3364 -4.3169
3401.1000 -0.4937 -0.0082 3401.9000 -0.0027 -0.0071 3401.4000 0.4936 0.0042
3401.5000 -0.2970 -0.4918 3401.5000 0.3059 -0.4915 3401.5000 -0.0013 0.5003
3402.1500 4.6549 -4.7362 3402.5500 4.5062 -2.2217 3402.3500 2.0346 -0.9939
3403.1500 -2.8009 1.4229 3403.5500 -0.2005 3.1848 3403.3500 -0.9559 -4.3013
3404.1500 -4.0662 -2.2387 3404.5500 -4.6334 -4.2755 3404.3500 1.1172 1.6208
3405.1500 0.6529 -4.5034 3405.5500 -4.5063 -2.9728 3405.3500 4.1724 3.9197
3406.1500 -2.0545 3.6186 3406.5500 2.9205 2.6709 3406.3500 -0.7967 -4.2373
3407.1000 -0.4951 -0.0027 3407.9000 -0.0026 0.0099 3407.4000 0.4988 -0.0056
3407.5000 -0.3098 -0.5086 3407.5000 0.2980 -0.5029 3407.5000 -0.0009 0.4976
3408.1500 -0.7298 2.3220 3408.5500 -3.4244 -4.9169 3408.3500 -1.2842 -0.1673
3409.1500 1.7295 -1.6392 3409.5500 -3.8653 -2.9399 3409.3500 -3.2936 -2.6642
3410.1000 -0.4956 -0.0013 3410.9000 -0.0017 -0.0090 3410.4000 0.5098 -0.0010
3410.5000 -0.3067 -0.5043 3410.5000 0.2932 -0.5085 3410.5000 -0.0027 0.4975
3411.1500 -1.4098 -2.0467 3411.5500 -4.1318 -4.4040 3411.3500 0.6331 2.5485
3412.1500 -4.2445 -4.4571 3412.5500 1.1897 -2.8006 3412.3500 1.2853 4.0052
3413.1500 -3.1968 -1.8364 3413.5500 -1.4707 -3.7973 3413.3500 -0.0174 -1.8534
3414.1500 2.8943 1.3540 3414.5500 -0.0020 -3.3884 3414.3500 3.1200 3.2907
3415.1500 4.6717 0.6641 3415.5500 4.8557 0.8197 3415.3500 3.1479 -1.9482
3416.1500 -2.2503 -2.4240 3416.5500 2.0190 0.0978 3416.3500 -0.7378 3.5450
3417.1500 -1.0729 2.9221 3417.5500 -1.3809 -0.2823 3417.3500 3.5598 3.1524
3418.1500 -0.3674 4.5931 3418.5500 -1.9895 0.3647 3418.3500 2.6889 0.3064
3419.1500 0.6533 1.5178 3419.5500 -1.1954 1.5516 3419.3500 -1.4609 -2.9126
3420.1500 3.9502 -4.4597 3420.5500 -4.8642 0.9516 3420.3500 -2.6779 -4.8525
3421.1500 3.4424 -2.6804 3421.5500 -0.4705 0.9910 3421.3500 -3.4042 2.2580
3422.1500 -3.8507 0.6078 3422.5500 -4.1633 -4.3836 3422.3500 3.5904 1.6334
3423.1500 1.1073 -1.2498 3423.5500 1.9926 0.5890 3423.3500 -2.7118 4.0831
3424.1500 -4.3871 -3.0218 3424.5500 4.0429 1.5145 3424.3500 2.9638 -1.1646
3425.1500 -4.0802 -0.1677 3425.5500 1.1865 4.5504 3425.3500 0.7259 -0.8307
3426.1500 3.5713 4.0856 3426.5500 -0.8376 1.8748 3426.3500 3.2936 -4.3949
3427.1500 -2.3425 -4.7433 3427.5500 4.4331 -1.3028 3427.3500 -0.7056 2.1456
3428.1000 -0.4943 0.0021 3428.9000 -0.0091 -0.0012 3428.4000 0.5027 0.0035
3428.5000 -0.3039 -0.5054 3428.5000 0.3017 -0.4900 3428.5000 -0.0044 0.4943
3429.1000 -0.4945 0.0058 3429.9000 -0.0018 -0.0091 3429.4000 0.5056 0.0026
3429.5000 -0.3038 -0.5037 3429.5000 0.2987 -0.4930 3429.5000 -0.0037 0.4920
3430.1500 -1.7543 -0.4893 3430.5500 -1.5268 -1.7813 3430.3500 -1.2313 2.5124
3431.1000 -0.5018 0.0051 3431.9000 0.0058 -0.0002 3431.4000 0.4925 -0.0022
3431.5000 -0.2914 -0.5028 3431.5000 0.2931 -0.5095 3431.5000 0.0062 0.4942
3432.1500 -1.7101 -4.5813 3432.5500 0.3537 -0.8455 3432.3500 -2.6521 3.1807
3433.1500 -0.2856 1.0087 3433.5500 -2.1079 2.6152 3433.3500 0.7755 -4.6821
3434.1500 3.0179 -2.4698 3434.5500 1.0463 -4.7558 3434.3500 0.3263 2.9142
3435.1500 -4.1143 2.6743 3435.5500 3.1394 3.7612 3435.3500 -2.9875 1.2137
3436.1500 -4.8413 -0.3277 3436.5500 1.2461 4.1275 3436.3500 2.5182 -3.0736
3437.1000 -0.5033 -0.0074 3437.9000 0.0043 0.0046 3437.4000 0.5092 -0.0056
3437.5000 -0.3085 -0.4912 3437.5000 0.2937 -0.4946 3437.5000 -0.0061 0.4936
3438.1500 2.3968 3.7964 3438.5500 3.7255 3.7358 3438.3500 0.6117 4.2927
3439.1500 1.5180 0.3108 3439.5500 4.7508 4.4324 3439.3500 -4.2916 -1.4945
3440.1500 2.8099 2.8531 3440.5500 -3.5757 -0.9800 3440.3500 1.8532 -0.0147
3441.1500 -3.9187 -3.5236 3441.5500 4.4018 1.9244 3441.3500 0.3210 2.3113
3442.1500 0.7695 0.4165 3442.5500 1.4770 -0.0226 3442.3500 2.5210 -1.6183
3443.1500 2.4938 4.7757 3443.5500 -1.1220 -0.3556 3443.3500 4.3359 3.1230
3444.1500 3.5880 -2.8175 3444.5500 -4.0090 0.4022 3444.3500 -4.2911 4.8636
3445.1500 4.9875 2.6418 3445.5500 1.7180 -3.7629 3445.3500 -3.5246 4.2250
3446.1500 1.5517 4.8697 3446.5500 1.8398 1.5382 3446.3500 2.5136 -3.8406
3447.1500 -2.2379 -0.0743 3447.5500 -4.9462 0.9044 3447.3500 3.5901 3.6758
3448.1500 -4.7016 4.0364 3448.5500 -3.6088 -3.4530 3448.3500 0.1406 -0.4579
3449.1000 -0.4960 -0.0073 3449.9000 -0.0012 0.0036 3449.4000 0.5074 0.0039
3449.5000 -0.3036 -0.4936 3449.5000 0.2952 -0.4989 3449.5000 -0.0062 0.5088
3450.1500 4.0793 0.1678 3450.5500 4.4486 -0.8116 3450.3500 4.8106 -4.0746
3451.1500 -4.8471 -4.2151 3451.5500 -4.8315 4.3390 3451.3500 3.4516 4.4024
3452.1500 0.1774 1.3502 3452.5500 0.6948 -2.9210 3452.3500 4.8366 2.4787
3453.1500 -4.8904 0.5392 3453.5500 4.6119 2.2547 3453.3500 -0.9070 -1.7710
3454.1000 -0.5052 0.0048 3454.9000 -0.0064 -0.0073 3454.4000 0.4972 0.0052
3454.5000 -0.3090 -0.4949 3454.5000 0.2925 -0.5006 3454.5000 -0.0080 0.5048
3455.1500 -3.9780 -3.0450 3455.5500 3.7431 3.8704 3455.3500 0.4227 0.9458
3456.1500 -2.1737 -4.9305 3456.5500 2.1324 2.6140 3456.3500 2.0081 -0.7542
3457.1500 2.4560 3.4945 3457.5500 -4.3687 -3.0423 3457.3500 -4.7341 -2.1073
3458.1500 4.7600 1.5080 3458.5500 -2.3155 -1.3058 3458.3500 0.3650 1.6757
3459.1500 4.8012 0.5393 3459.5500 0.6300 -3.3646 3459.3500 3.6248 3.7786
3460.1500 4.9366 2.0584 3460.5500 1.7978 -3.7095 3460.3500 0.6636 0.2442
3461.1500 -3.7584 -3.6104 3461.5500 2.4935 4.7327 3461.3500 1.4710 -0.8776
3462.1500 3.1905 4.0183 3462.5500 0.8406 -4.3129 3462.3500 -2.6756 4.8545
3463.1500 2.9147 -4.2595 3463.5500 -2.7357 -0.2149 3463.3500 -2.6870 -3.2084
3464.1500 -4.5958 -0.9513 3464.5500 1.8843 1.7110 3464.3500 -2.1335 0.5603
3465.1500 2.5443 1.9717 3465.5500 1.7171 -1.6765 3465.3500 -4.2652 -2.3383
3466.1500 4.7771 -2.9310 3466.5500 -1.4002 1.8768 3466.3500 -3.3751 -1.0412
3467.1000 -0.5029 -0.0010 3467.9000 -0.0097 0.0099 3467.4000 0.4994 0.0087
3467.5000 -0.2959 -0.4995 3467.5000 0.3029 -0.5015 3467.5000 0.0001 0.4948
3468.1500 -1.7337 -2.5956 3468.5500 1.4927 -0.6326 3468.3500 3.0185 1.8158
3469.1500 1.0659 1.7912 3469.5500 2.8887 -0.5008 3469.3500 -1.1084 -3.8370
3470.1500 4.9309 0.5740 3470.5500 -0.5654 4.4057 3470.3500 -2.0543 4.6161
3471.1500 -1.4614 1.7149 3471.5500 2.7975 1.7793 3471.3500 3.5141 4.9966
3472.1500 -3.4387 3.8396 3472.5500 -3.7662 3.6626 3472.3500 -4.4014 -1.5200
3473.1500 1.1458 2.8597 3473.5500 3.5153 -2.0823 3473.3500 4.2973 0.3955
3474.1000 -0.4930 -0.0039 3474.9000 -0.0027 0.0015 3474.4000 0.4988 0.0031
3474.5000 -0.3076 -0.4956 3474.5000 0.2998 -0.5002 3474.5000 -0.0062 0.4989
3475.1500 1.8236 4.9969 3475.5500 0.8788 -4.2961 3475.3500 3.0987 -1.8771
3476.1500 -2.6673 0.6997 3476.5500 4.1049 4.3643 3476.3500 -0.4107 0.3444
3477.1500 3.0451 -1.8082 3477.5500 1.3854 0.7830 3477.3500 -4.1771 -0.0891
3478.1500 -3.3099 4.7710 3478.5500 -3.9267 1.5664 3478.3500 -4.4574 0.7123
3479.1500 4.5024 -0.4433 3479.5500 0.0317 0.6738 3479.3500 0.8441 -2.0953
3480.1500 -3.8982 -1.7528 3480.5500 -3.9612 -2.9605 3480.3500 -4.9765 3.7613
3481.1500 0.3502 -3.8451 3481.5500 -3.1575 4.2542 3481.3500 -4.3729 -1.8157
3482.1500 1.2859 -1.1599 3482.5500 -1.7206 4.1177 3482.3500 -3.0856 -1.4629
3483.1500 -2.0173 -1.1659 3483.5500 -0.1251 3.6503 3483.3500 -0.3632 2.3740
3484.1500 -2.2463 -3.3885 3484.5500 -0.6084 2.2988 3484.3500 1.9800 2.9753
3485.1500 -3.1736 -4.7479 3485.5500 -3.0104 1.1586 3485.3500 0.3594 -1.1293
3486.1500 3.2796 0.8905 3486.5500 -1.2216 -0.2504 3486.3500 -4.6409 1.2438
3487.1500 -1.2696 0.7836 3487.5500 -4.8921 -1.4836 3487.3500 0.2431 -3.1741
3488.1500 4.5254 4.9102 3488.5500 0.8666 -4.9024 3488.3500 0.7897 -0.3417
3489.1000 -0.5042 0.0079 3489.9000 -0.0078 -0.0082 3489.4000 0.5029 0.0099
3489.5000 -0.2907 -0.4998 3489.5000 0.3023 -0.4929 3489.5000 0.0097 0.5069
3490.1500 2.4407 -3.6898 3490.5500 -3.4150 0.3299 3490.3500 3.7886 1.4623
3491.1500 -4.6460 -0.4806 3491.5500 4.4797 2.3227 3491.3500 0.2060 -2.0440
3492.1000 -0.5080 0.0024 3492.9000 -0.0097 0.0063 3492.4000 0.4961 0.0032
3492.5000 -0.2987 -0.4903 3492.5000 0.2993 -0.4982 3492.5000 0.0084 0.5048
3493.1500 1.3954 -4.0065 3493.5500 3.9176 4.7490 3493.3500 -2.4564 4.2869
3494.1500 0.0176 -4.5535 3494.5500 1.0805 1.9864 3494.3500 1.8432 -2.8125
3495.1500 2.1179 4.6936 3495.5500 1.8337 3.2603 3495.3500 -3.0367 3.7252
3496.1500 2.6863 4.0748 3496.5500 0.1095 1.8988 3496.3500 -0.9592 2.7775
3497.1500 1.7338 0.6969 3497.5500 0.9078 -0.4654 3497.3500 -2.8609 -1.3062
3498.1500 0.8081 3.1520 3498.5500 -2.0377 -2.4793 3498.3500 -2.5536 -0.1468
3499.1500 -4.4984 3.8839 3499.5500 -1.1876 3.3549 3499.3500 -0.9002 -0.9174
3500.1500 -1.3478 0.1055 3500.5500 1.7784 4.8426 3500.3500 -1.7222 -4.5286
3501.1500 4.4093 -4.2255 3501.5500 1.1319 2.6479 3501.3500 1.0775 4.6481
3502.1500 4.6510 -0.6625 3502.5500 4.6099 2.5887 3502.3500 -1.3731 -0.2205
3503.1500 -1.4459 -1.2726 3503.5500 -4.0122 -2.0644 3503.3500 -4.8981 1.2326
3504.1500 1.5107 -0.0062 3504.5500 -0.5970 2.9483 3504.3500 2.6892 3.6090
3505.1500 -2.0912 -4.1747 3505.5500 -0.3205 -3.0485 3505.3500 -1.9554 0.5285
3506.1500 2.6739 -2.8818 3506.5500 -1.1412 3.9710 3506.3500 -3.5068 -3.3494
3507.1500 -3.7795 -0.5859 3507.5500 0.6422 2.9038 3507.3500 2.4736 -3.0729
3508.1000 -0.5054 0.0022 3508.9000 -0.0036 -0.0038 3508.4000 0.5029 0.0004
3508.5000 -0.2925 -0.4977 3508.5000 0.3053 -0.5062 3508.5000 -0.0024 0.5085
3509.1500 3.2475 4.6190 3509.5500 -3.8894 -1.2769 3509.3500 -2.1549 3.8230
3510.1500 0.9813 -2.7821 3510.5500 4.9276 -0.1100 3510.3500 -2.4522 1.3486
3511.1500 1.8162 -0.2311 3511.5500 -2.5532 -0.7750 3511.3500 0.2988 -3.6186
3512.1500 3.8005 3.7835 3512.5500 0.0165 1.9792 3512.3500 -0.6969 0.1981
3513.1500 3.7695 0.1879 3513.5500 -1.5200 -2.3039 3513.3500 -0.9918 1.4073
3514.1500 4.5679 -0.5406 3514.5500 -3.1518 3.7414 3514.3500 -3.6996 3.1241
3515.1500 1.0963 -4.8785 3515.5500 -0.4211 4.8820 3515.3500 -4.6482 1.3599
3516.1500 2.5868 -1.2890 3516.5500 -3.0216 -0.9700 3516.3500 4.0715 -3.3712
3517.1500 0.8749 -0.7668 3517.5500 -3.9196 -2.8929 3517.3500 0.2229 -0.9347
3518.1500 0.3839 0.4376 3518.5500 -2.6275 2.9849 3518.3500 3.9989 -4.9800
3519.1000 -0.4979 0.0024 3519.9000 -0.0023 -0.0086 3519.4000 0.4979 -0.0045
3519.5000 -0.3090 -0.4974 3519.5000 0.2902 -0.5028 3519.5000 0.0052 0.5005
3520.1500 -0.1273 4.7868 3520.5500 0.6297 -0.7997 3520.3500 -3.4519 0.7011
3521.1500 -4.0109 3.4257 3521.5500 1.9730 0.1901 3521.3500 -3.3158 1.8857
3522.1000 -0.5036 0.0076 3522.9000 -0.0019 0.0087 3522.4000 0.5081 -0.0011
3522.5000 -0.2909 -0.4981 3522.5000 0.3043 -0.4931 3522.5000 0.0053 0.4927
3523.1500 2.1965 1.9968 3523.5500 -2.7741 -2.5627 3523.3500 0.4218 -3.8919
3524.1000 -0.4966 0.0071 3524.9000 0.0057 0.0065 3524.4000 0.4934 0.0058
3524.5000 -0.3023 -0.4934 3524.5000 0.2948 -0.5073 3524.5000 -0.0020 0.4902
3525.1500 -1.9971 3.4731 3525.5500 -1.6097 -1.7613 3525.3500 -3.4079 3.8968
3526.1500 -4.0160 -4.6960 3526.5500 -1.0643 -4.6842 3526.3500 -4.0457 4.3438
3527.1500 3.9647 -3.8901 3527.5500 4.1345 2.9966 3527.3500 -1.8766 -1.6357
3528.1000 -0.5022 0.0046 3528.9000 0.0009 -0.0087 3528.4000 0.4946 -0.0005
3528.5000 -0.3032 -0.4948 3528.5000 0.2969 -0.5061 3528.5000 -0.0034 0.4910
3529.1500 4.2876 1.7116 3529.5500 2.9178 3.2397 3529.3500 -2.8547 -2.0752
3530.1000 -0.5008 -0.0055 3530.9000 0.0017 -0.0049 3530.4000 0.4940 -0.0098
3530.5000 -0.3088 -0.4921 3530.5000 0.3028 -0.5059 3530.5000 0.0006 0.5093
3531.1000 -0.4993 0.0025 3531.9000 0.0086 -0.0019 3531.4000 0.5096 -0.0085
3531.5000 -0.3003 -0.4985 3531.5000 0.2950 -0.5096 3531.5000 -0.0001 0.4990
3532.1500 -0.9838 0.2448 3532.5500 1.3473 -2.7293 3532.3500 -0.1393 -0.8101
3533.1000 -0.5059 -0.0080 3533.9000 -0.0037 0.0041 3533.4000 0.5095 -0.0094
3533.5000 -0.2950 -0.5094 3533.5000 0.2940 -0.5089 3533.5000 -0.0091 0.5075
3534.1500 -4.4348 -1.6741 3534.5500 0.9965 -4.0443 3534.3500 4.0170 -2.2319
3535.1500 1.8076 -3.8278 3535.5500 -3.1600 -3.2659 3535.3500 4.9673 -4.0949
3536.1500 0.3100 -1.9834 3536.5500 4.5129 2.8046 3536.3500 4.4846 -1.0048
3537.1500 -0.4800 1.7277 3537.5500 0.3642 -3.2894 3537.3500 2.3116 -3.8633
3538.1500 -3.1600 -1.8346 3538.5500 1.2931 2.9740 3538.3500 1.0553 -2.8420
3539.1000 -0.5092 -0.0088 3539.9000 0.0034 -0.0041 3539.4000 0.5048 -0.0051
3539.5000 -0.3100 -0.4954 3539.5000 0.3057 -0.4910 3539.5000 -0.0028 0.5047
3540.1500 0.5840 -2.2994 3540.5500 0.6188 -0.1870 3540.3500 3.6784 -0.2416
3541.1000 -0.4998 0.0013 3541.9000 0.0097 0.0013 3541.4000 0.4988 -0.0070
3541.5000 -0.3018 -0.5089 3541.5000 0.3008 -0.5000 3541.5000 0.0075 0.5063
3542.1500 -0.2438 -2.2161 3542.5500 4.3440 2.4061 3542.3500 -4.3623 1.1845
3543.1500 -0.6073 3.7815 3543.5500 -3.5212 -0.5819 3543.3500 4.2425 1.1507
3544.1500 1.7010 0.4724 3544.5500 1.3393 -0.6675 3544.3500 -0.3469 0.8683
3545.1500 3.9714 1.2061 3545.5500 -3.4181 2.2191 3545.3500 -2.2902 2.2888
3546.1000 -0.5039 0.0059 3546.9000 -0.0048 -0.0016 3546.4000 0.4991 0.0029
3546.5000 -0.2914 -0.4950 3546.5000 0.2913 -0.5047 3546.5000 0.0037 0.4905
3547.1000 -0.5093 -0.0037 3547.9000 -0.0033 -0.0041 3547.4000 0.4951 0.0046
3547.5000 -0.2900 -0.5027 3547.5000 0.3019 -0.5027 3547.5000 -0.0032 0.5012
3548.1500 -0.2083 -4.8515 3548.5500 -2.7841 0.8313 3548.3500 -3.3040 2.5906
3549.1500 -3.7988 3.0009 3549.5500 -4.8571 4.7587 3549.3500 1.4713 2.4587
3550.1000 -0.5040 0.0019 3550.9000 0.0033 -0.0009 3550.4000 0.5078 0.0077
3550.5000 -0.3021 -0.4915 3550.5000 0.2936 -0.5095 3550.5000 -0.0067 0.4911
3551.1500 0.2652 -3.4525 3551.5500 -2.7687 -2.2293 3551.3500 -4.6473 -0.7659
3552.1500 -1.6617 -3.5618 3552.5500 -3.1234 0.9123 3552.3500 -1.8205 0.2808
3553.1500 3.0072 1.0973 3553.5500 2.2563 -1.7190 3553.3500 3.4942 3.9512
3554.1500 2.9858 2.3775 3554.5500 -0.3036 -1.7942 3554.3500 -2.8503 -3.1148
3555.1500 -0.0092 -2.9544 3555.5500 3.5890 -4.2985 3555.3500 -2.6776 -0.1634
3556.1500 -3.3436 -1.9259 3556.5500 0.6575 4.5877 3556.3500 4.0906 -0.0005
3557.1500 4.7854 3.9584 3557.5500 2.5923 3.0092 3557.3500 4.9757 2.6560
3558.1500 -0.9621 1.9254 3558.5500 2.2547 -1.8762 3558.3500 -3.4016 0.6807
3559.1500 -1.3791 -1.2537 3559.5500 -2.5267 -2.7334 3559.3500 0.3776 -0.7666
3560.1500 -0.2216 4.2578 3560.5500 -1.1092 1.7012 3560.3500 1.3986 -0.8153
3561.1500 4.1558 2.4688 3561.5500 -0.4203 2.0384 3561.3500 -4.2848 0.8148
3562.1500 -3.0010 4.6971 3562.5500 2.7798 2.1303 3562.3500 -0.0141 2.1621
3563.1500 2.5847 -0.1023 3563.5500 -0.1691 3.9357 3563.3500 -3.0676 -2.8565
3564.1000 -0.4985 -0.0055 3564.9000 -0.0077 0.0039 3564.4000 0.5035 -0.0089
3564.5000 -0.2961 -0.5093 3564.5000 0.3093 -0.5089 3564.5000 0.0033 0.5032
3565.1500 3.5172 -0.4326 3565.5500 1.0723 -4.6552 3565.3500 -1.6625 -3.1850
3566.1500 3.0910 0.4333 3566.5500 1.2121 -2.1512 3566.3500 -2.7651 -0.1423
3567.1500 3.9008 3.2941 3567.5500 4.9951 3.0739 3567.3500 -1.2427 -1.5788
3568.1500 0.2744 -3.0499 3568.5500 0.2637 1.2186 3568.3500 -3.1808 -3.7636
3569.1000 -0.4961 -0.0085 3569.9000 -0.0059 -0.0032 3569.4000 0.5029 0.0041
3569.5000 -0.3086 -0.5027 3569.5000 0.2910 -0.4924 3569.5000 0.0019 0.5064
3570.1500 4.4694 -2.0591 3570.5500 -1.0872 4.7891 3570.3500 -2.3634 -2.1957
3571.1500 -3.8873 0.2364 3571.5500 -2.0445 -4.8284 3571.3500 2.4092 -3.2115
3572.1500 2.9513 -2.6444 3572.5500 -0.3686 0.8902 3572.3500 1.8591 3.9754
3573.1500 -0.3727 1.6897 3573.5500 0.2972 0.9105 3573.3500 -1.5546 2.2844
3574.1500 1.6441 3.6618 3574.5500 -2.6157 1.1708 3574.3500 2.6750 -3.8184
3575.1500 4.9999 0.2460 3575.5500 -4.4073 -4.2612 3575.3500 0.6116 -2.9820
3576.1000 -0.4938 -0.0002 3576.9000 0.0030 -0.0099 3576.4000 0.5100 0.0075
3576.5000 -0.2938 -0.4958 3576.5000 0.2965 -0.5012 3576.5000 -0.0017 0.4901
3577.1000 -0.4967 -0.0047 3577.9000 -0.0038 0.0048 3577.4000 0.4994 0.0076
3577.5000 -0.2983 -0.5036 3577.5000 0.3038 -0.5065 3577.5000 -0.0073 0.5029
3578.1500 -3.2654 3.8389 3578.5500 -0.5167 2.3456 3578.3500 -3.0906 -2.4318
3579.1500 -3.4120 -4.7051 3579.5500 -2.2127 2.0248 3579.3500 2.9107 2.7159
3580.1500 2.5505 3.1930 3580.5500 -2.3030 1.4308 3580.3500 2.5608 2.7786
3581.1500 1.4183 -4.3587 3581.5500 -4.9466 -0.5867 3581.3500 3.4690 -1.9513
3582.1500 2.8584 4.6984 3582.5500 -1.3699 2.0278 3582.3500 -4.3385 0.0639
3583.1500 4.9458 1.1171 3583.5500 -0.5025 -3.5417 3583.3500 3.2146 2.3298
3584.1000 -0.5006 0.0077 3584.9000 0.0061 -0.0099 3584.4000 0.4992 0.0087
3584.5000 -0.3008 -0.4983 3584.5000 0.2943 -0.4966 3584.5000 0.0011 0.4965
3585.1500 1.8538 -0.5461 3585.5500 -3.5891 -3.8544 3585.3500 -4.9406 0.5656
3586.1500 2.4955 -0.0253 3586.5500 -1.0581 3.2756 3586.3500 3.8855 0.8931
3587.1500 -0.6698 -2.5006 3587.5500 4.3935 0.1596 3587.3500 -0.3814 0.6719
3588.1500 -1.1400 -0.6539 3588.5500 2.0702 -4.7558 3588.3500 -0.4572 1.5610
3589.1500 1.1302 -3.7581 3589.5500 3.2842 -4.0068 3589.3500 0.1584 -2.6398
3590.1500 -1.0869 4.8492 3590.5500 3.5123 -0.0101 3590.3500 -3.1711 -3.5103
3591.1500 2.6664 -0.7994 3591.5500 3.6551 4.6814 3591.3500 0.9534 -0.1257
3592.1500 0.6156 -1.0690 3592.5500 -2.9017 -0.3075 3592.3500 -3.7866 3.9097
3593.1000 -0.4927 -0.0096 3593.9000 -0.0078 0.0052 3593.4000 0.5006 -0.0090
3593.5000 -0.3027 -0.4953 3593.5000 0.3098 -0.4944 3593.5000 0.0045 0.4915
3594.1500 -3.1392 -1.0353 3594.5500 2.0934 4.5121 3594.3500 -0.8015 -0.7541
3595.1500 -3.2924 1.3180 3595.5500 0.4636 -0.4855 3595.3500 2.2005 4.4426
3596.1500 -4.2173 -3.1671 3596.5500 4.2178 4.2615 3596.3500 0.1398 0.6533
3597.1500 3.4755 -4.7260 3597.5500 2.5410 -0.7791 3597.3500 3.1675 -2.9698
3598.1500 -2.3849 4.5865 3598.5500 -0.8022 2.4756 3598.3500 1.5601 1.1880
3599.1500 0.7631 -1.3622 3599.5500 -3.7176 3.2283 3599.3500 -2.3731 0.8795
3600.1500 1.1895 -3.7403 3600.5500 -4.1620 -4.7385 3600.3500 0.6409 -1.2953
3601.1500 0.0631 -3.1814 3601.5500 0.3325 -0.3252 3601.3500 2.8988 -2.3356
3602.1000 -0.4905 -0.0093 3602.9000 0.0065 -0.0022 3602.4000 0.4911 -0.0028
3602.5000 -0.3085 -0.5022 3602.5000 0.2963 -0.5051 3602.5000 0.0068 0.5008
3603.1500 2.3921 -0.9497 3603.5500 -3.6096 -4.3107 3603.3500 0.0805 -2.3260
3604.1500 0.2388 -4.8440 3604.5500 2.5601 -3.4920 3604.3500 -2.1242 -1.0700
3605.1500 0.7472 -0.7814 3605.5500 -0.7834 1.6335 3605.3500 -2.6733 -0.4837
3606.1500 4.5705 -2.2657 3606.5500 3.4411 -1.1153 3606.3500 4.0596 -3.8338
3607.1500 -3.7181 2.6793 3607.5500 -2.5078 -3.8747 3607.3500 1.1120 -4.8462
3608.1500 2.0078 -2.6652 3608.5500 -3.0269 4.1768 3608.3500 -1.9641 -1.5198
3609.1500 -3.2977 1.5519 3609.5500 4.2098 -3.8922 3609.3500 3.7981 -3.4621
3610.1500 -0.9539 0.8037 3610.5500 -0.7706 2.5857 3610.3500 -2.4028 0.1024
3611.1500 -0.8313 -1.6281 3611.5500 3.7760 -1.5665 3611.3500 -0.6299 4.3155
3612.1000 -0.4973 0.0047 3612.9000 -0.0007 -0.0059 3612.4000 0.5030 -0.0011
3612.5000 -0.2950 -0.5014 3612.5000 0.3028 -0.4932 3612.5000 -0.0069 0.5023
3613.1500 0.4728 -3.4505 3613.5500 4.4682 -2.8868 3613.3500 -2.5499 4.0681
3614.1500 -0.7925 3.7681 3614.5500 4.1422 4.3943 3614.3500 0.2315 -2.5529
3615.1500 -0.5975 -2.1224 3615.5500 -1.2467 4.2189 3615.3500 1.2289 -1.5340
3616.1500 -4.2799 1.1676 3616.5500 -2.1377 -4.5543 3616.3500 3.4890 1.4739
3617.1500 1.2195 4.7015 3617.5500 -1.3701 1.4466 3617.3500 4.0306 3.6067
3618.1000 -0.4989 -0.0044 3618.9000 0.0073 -0.0089 3618.4000 0.5073 -0.0038
3618.5000 -0.3056 -0.5011 3618.5000 0.2989 -0.4993 3618.5000 -0.0062 0.5079
3619.1000 -0.4977 0.0014 3619.9000 0.0076 -0.0038 3619.4000 0.5043 0.0042
3619.5000 -0.3074 -0.5008 3619.5000 0.2904 -0.4909 3619.5000 0.0084 0.5045
3620.1500 -1.4365 -1.8996 3620.5500 1.4341 -3.9530 3620.3500 -1.9716 3.7236
3621.1500 -4.0778 3.4970 3621.5500 -2.3986 4.7291 3621.3500 -2.0642 0.9821
3622.1500 3.9308 1.3856 3622.5500 -1.9758 -3.2031 3622.3500 -1.2725 -0.4674
3623.1500 3.6337 -2.0821 3623.5500 -1.1946 -3.1509 3623.3500 -4.1851 2.8161
3624.1500 2.2929 0.3434 3624.5500 -4.8389 4.5963 3624.3500 4.2550 -3.7157
3625.1500 -4.0847 -4.9856 3625.5500 4.0128 -4.3897 3625.3500 -3.3428 3.7322
3626.1500 -3.9113 4.7948 3626.5500 0.7386 -4.7605 3626.3500 4.4149 4.6864
3627.1500 1.0315 -4.1645 3627.5500 3.7441 4.8629 3627.3500 -4.9115 2.8333
3628.1500 -0.8843 -1.1843 3628.5500 2.6687 0.2055 3628.3500 -4.6562 1.5994
3629.1500 2.0306 2.4003 3629.5500 0.7336 -2.7213 3629.3500 1.2302 -1.6690
3630.1000 -0.5049 0.0040 3630.9000 -0.0010 0.0083 3630.4000 0.5074 0.0075
3630.5000 -0.3056 -0.5054 3630.5000 0.3026 -0.5066 3630.5000 0.0099 0.5094
3631.1500 0.9833 4.5949 3631.5500 2.0775 -2.6012 3631.3500 -3.8023 2.5356
3632.1000 -0.4918 0.0002 3632.9000 0.0076 0.0062 3632.4000 0.5096 0.0034
3632.5000 -0.3087 -0.4929 3632.5000 0.2933 -0.5047 3632.5000 -0.0029 0.5090
3633.1500 -3.9338 -1.7714 3633.5500 4.9822 -3.9590 3633.3500 -3.2938 1.1628
3634.1500 0.2213 2.9489 3634.5500 1.5092 -2.6880 3634.3500 -2.5982 -3.3047
3635.1500 -4.4231 -1.7322 3635.5500 -2.8251 -2.3957 3635.3500 -2.3603 -1.2321
3636.1500 -2.4825 0.7375 3636.5500 -0.1773 -0.2008 3636.3500 -0.4745 2.2916
3637.1500 -2.7283 2.1301 3637.5500 -3.1403 -2.3541 3637.3500 0.4013 -3.1716
3638.1500 -3.5876 2.5507 3638.5500 2.3052 3.3505 3638.3500 -2.2871 0.3347
3639.1000 -0.5099 -0.0019 3639.9000 -0.0031 0.0086 3639.4000 0.4922 0.0070
3639.5000 -0.2990 -0.5013 3639.5000 0.3010 -0.4967 3639.5000 0.0092 0.4966
3640.1500 2.5787 3.8885 3640.5500 -0.2924 3.9105 3640.3500 -4.8649 -2.9024
3641.1500 -3.8308 2.7957 3641.5500 -2.8014 -3.5512 3641.3500 -1.9892 1.3332
3642.1500 4.1883 -3.1272 3642.5500 3.6989 1.0873 3642.3500 -3.8015 -0.0046
3643.1500 -0.4428 -0.4302 3643.5500 -1.6055 -3.7438 3643.3500 4.5819 4.9648
3644.1500 -1.4757 -0.6090 3644.5500 3.1287 -3.2295 3644.3500 1.8735 0.4628
3645.1500 -0.0259 2.5414 3645.5500 2.1621 -0.4325 3645.3500 3.8664 -1.0213
3646.1500 1.2830 -3.4865 3646.5500 -3.3686 -1.9157 3646.3500 -1.9562 -1.9689
3647.1500 0.4506 2.2436 3647.5500 0.0678 -3.7020 3647.3500 -2.6024 1.3347
3648.1000 -0.4998 -0.0078 3648.9000 -0.0028 0.0055 3648.4000 0.4905 -0.0027
3648.5000 -0.2957 -0.4959 3648.5000 0.3003 -0.5086 3648.5000 -0.0081 0.4991
3649.1500 -1.9579 2.9987 3649.5500 1.7104 -1.4039 3649.3500 -2.3798 3.5429
3650.1500 2.3021 3.2754 3650.5500 2.0130 1.9458 3650.3500 -0.0156 -3.0092
3651.1500 3.2753 -3.1669 3651.5500 1.2200 -3.3498 3651.3500 0.1196 1.7386
3652.1000 -0.5085 0.0012 3652.9000 0.0077 0.0051 3652.4000 0.4989 -0.0006
3652.5000 -0.2958 -0.5094 3652.5000 0.2979 -0.4915 3652.5000 0.0010 0.4978
3653.1500 2.0287 2.0373 3653.5500 -2.8111 -3.3865 3653.3500 -0.1489 -3.7985
3654.1000 -0.4968 -0.0037 3654.9000 0.0034 -0.0034 3654.4000 0.5011 0.0074
3654.5000 -0.2965 -0.4924 3654.5000 0.3034 -0.5025 3654.5000 -0.0041 0.4900
3655.1500 0.0969 2.3666 3655.5500 3.6435 -0.9478 3655.3500 0.0693 2.8602
3656.1500 0.1749 -4.5045 3656.5500 1.7413 2.9751 3656.3500 -1.6762 -3.0588
3657.1500 -3.1343 0.9559 3657.5500 -0.8478 2.4439 3657.3500 1.9233 3.6663
3658.1000 -0.4950 -0.0062 3658.9000 -0.0098 0.0038 3658.4000 0.4923 0.0097
3658.5000 -0.2922 -0.5012 3658.5000 0.3021 -0.5092 3658.5000 0.0030 0.5028
3659.1500 -4.8923 -0.4935 3659.5500 -2.0637 -2.4391 3659.3500 -4.0622 -0.2609
3660.1500 1.7185 -4.6348 3660.5500 0.0406 0.2340 3660.3500 0.1893 2.4237
3661.1500 1.6454 4.7069 3661.5500 1.8178 1.2787 3661.3500 2.0481 -1.7680
3662.1500 -2.8143 -3.7155 3662.5500 4.0536 -4.8262 3662.3500 -0.4823 -2.3984
3663.1000 -0.4993 -0.0045 3663.9000 -0.0072 0.0037 3663.4000 0.4962 -0.0022
3663.5000 -0.2977 -0.5089 3663.5000 0.3047 -0.5063 3663.5000 0.0034 0.4916
3664.1500 -4.6498 -2.9719 3664.5500 -3.4019 0.2718 3664.3500 -4.2912 1.2137
3665.1500 -0.4862 -1.0099 3665.5500 2.9331 1.5377 3665.3500 0.7163 -0.9528
3666.1500 2.0983 -0.3288 3666.5500 0.4812 -3.3854 3666.3500 -4.2188 -1.3068
3667.1000 -0.5024 0.0015 3667.9000 -0.0018 0.0064 3667.4000 0.4950 -0.0028
3667.5000 -0.3007 -0.4969 3667.5000 0.2944 -0.4949 3667.5000 0.0014 0.5071
3668.1500 1.7393 -0.0639 3668.5500 1.5066 -1.8064 3668.3500 2.1142 -1.5245
3669.1500 4.8280 -2.4298 3669.5500 2.0249 2.8143 3669.3500 -3.2054 1.6995
3670.1500 -4.0780 -1.7210 3670.5500 -1.8593 -4.7478 3670.3500 -1.8010 1.5703
3671.1500 0.4013 1.3968 3671.5500 2.1647 -0.9208 3671.3500 0.7008 4.1159
3672.1500 2.6745 -0.1242 3672.5500 -1.4095 0.0826 3672.3500 4.4922 0.4808
3673.1500 1.1660 -2.8167 3673.5500 0.6261 -1.2401 3673.3500 3.1197 1.9082
3674.1500 -3.8668 1.9313 3674.5500 -3.4133 3.4591 3674.3500 -1.2270 2.2176
3675.1000 -0.5067 -0.0044 3675.9000 0.0094 -0.0099 3675.4000 0.4925 -0.0048
3675.5000 -0.3034 -0.5081 3675.5000 0.2939 -0.4901 3675.5000 -0.0015 0.5030
3676.1500 1.5527 -2.8406 3676.5500 2.0722 3.0489 3676.3500 3.4727 -0.1697
3677.1500 1.2514 -4.3267 3677.5500 1.5931 2.3552 3677.3500 -0.3834 3.1282
3678.1500 1.6557 -4.5600 3678.5500 -1.1039 3.0417 3678.3500 -0.6510 -0.4966
3679.1500 2.6625 2.7496 3679.5500 -1.9034 4.3078 3679.3500 0.6236 -4.7174
3680.1000 -0.4946 0.0019 3680.9000 0.0062 0.0082 3680.4000 0.4957 -0.0046
3680.5000 -0.3083 -0.4956 3680.5000 0.2992 -0.4911 3680.5000 0.0020 0.5082
3681.1500 2.6790 3.5705 3681.5500 0.3925 -0.5738 3681.3500 3.9667 3.2051
3682.1500 2.6429 0.1397 3682.5500 0.4481 -0.1496 3682.3500 1.3353 -4.0271
3683.1500 -0.7292 -1.4251 3683.5500 4.3053 -1.5152 3683.3500 1.1315 -0.6306
3684.1500 -2.2796 3.5419 3684.5500 3.5678 -4.2459 3684.3500 4.8003 -4.2286
3685.1500 1.6480 2.3913 3685.5500 1.8430 -2.5294 3685.3500 2.6438 4.4615
3686.1500 0.5302 -0.0574 3686.5500 -3.9520 -0.0705 3686.3500 3.1000 4.8107
3687.1500 -4.7313 -0.9488 3687.5500 -3.5617 1.6537 3687.3500 3.5785 -2.1446
3688.1500 -0.6064 -1.8874 3688.5500 -0.1758 -3.5878 3688.3500 -0.7148 -3.4883
3689.1500 -1.2262 3.6300 3689.5500 -3.6825 3.8086 3689.3500 1.5343 0.4030
3690.1500 1.8706 4.7963 3690.5500 3.1277 2.9769 3690.3500 -0.3512 0.8542
3691.1500 -4.5038 -2.3996 3691.5500 2.5809 0.7765 3691.3500 1.5524 2.6790
3692.1500 3.8442 1.7873 3692.5500 3.9938 3.0566 3692.3500 -3.0405 -1.8888
3693.1500 -2.0972 -3.9893 3693.5500 0.8966 4.3001 3693.3500 -2.8669 -3.0961
3694.1500 4.7691 -0.4639 3694.5500 1.8526 1.3969 3694.3500 -1.4596 -1.5251
3695.1500 -1.2973 1.1757 3695.5500 -4.7507 3.1194 3695.3500 -4.9872 3.4288
3696.1500 -0.6961 1.1615 3696.5500 0.3798 -3.1931 3696.3500 3.5463 -4.8332
3697.1500 -4.2918 -1.5999 3697.5500 1.5862 -0.7466 3697.3500 0.1086 1.0838
3698.1500 1.8510 -3.9533 3698.5500 -0.4116 -1.3314 3698.3500 -0.7289 -2.4149
3699.1500 -1.9141 -3.9090 3699.5500 4.3455 4.9955 3699.3500 4.6929 -1.3932
3700.1500 3.5897 -1.9362 3700.5500 -3.7650 4.9193 3700.3500 -0.5226 4.4716
3701.1500 -0.9370 -4.7463 3701.5500 1.0928 2.7908 3701.3500 -0.0191 1.7311
3702.1500 -3.5664 -1.8321 3702.5500 -4.1398 -3.7960 3702.3500 -1.8137 3.6975
3703.1000 -0.5064 -0.0092 3703.9000 -0.0076 -0.0018 3703.4000 0.4960 0.0008
3703.5000 -0.3074 -0.4971 3703.5000 0.3091 -0.5093 3703.5000 0.0039 0.5099
3704.1500 3.6269 -2.5354 3704.5500 -2.4060 1.3555 3704.3500 -4.6987 3.8078
3705.1500 4.2174 2.5398 3705.5500 3.5164 2.8892 3705.3500 -2.8646 -3.8714
3706.1500 -0.1893 2.1672 3706.5500 3.8432 -2.5865 3706.3500 1.7670 -2.6674
3707.1500 -3.1599 -0.3284 3707.5500 -1.2789 0.7673 3707.3500 -0.6179 3.8316
3708.1500 0.4061 -0.5020 3708.5500 1.4473 -1.7693 3708.3500 -0.5295 -0.7164
3709.1000 -0.4931 -0.0007 3709.9000 0.0099 -0.0042 3709.4000 0.4921 -0.0090
3709.5000 -0.3086 -0.4921 3709.5000 0.2900 -0.5072 3709.5000 -0.0099 0.4965
3710.1500 4.0901 -0.0531 3710.5500 4.5096 -2.2533 3710.3500 0.6771 2.7650
3711.1500 -3.7198 3.1694 3711.5500 -1.5480 -0.8695 3711.3500 1.6218 -2.3351
3712.1500 -3.9794 -2.4942 3712.5500 -2.2282 4.0309 3712.3500 1.4464 2.0080
3713.1500 0.5448 3.2866 3713.5500 2.8698 -0.4090 3713.3500 -2.9710 -0.0306
3714.1500 1.8791 -4.0827 3714.5500 1.9773 4.0497 3714.3500 0.5343 -2.6193
3715.1500 2.6147 4.6499 3715.5500 3.0705 -2.3467 3715.3500 2.5366 4.2945
3716.1500 -0.1046 -4.9472 3716.5500 -0.5345 3.6765 3716.3500 -0.8006 0.4314
3717.1500 1.3485 3.9424 3717.5500 3.1526 3.2486 3717.3500 -3.9497 -4.2810
3718.1500 2.0542 -2.9149 3718.5500 4.9316 0.7057 3718.3500 -1.5186 0.2259
3719.1000 -0.4910 -0.0042 3719.9000 0.0030 0.0006 3719.4000 0.4966 -0.0077
3719.5000 -0.2996 -0.5026 3719.5000 0.2972 -0.5020 3719.5000 0.0004 0.4947
3720.1500 2.2557 -2.5087 3720.5500 3.4872 -2.4630 3720.3500 -3.1834 3.6466
3721.1500 -0.8947 -1.1723 3721.5500 0.4949 2.3008 3721.3500 1.8045 1.4294
3722.1000 -0.5006 0.0053 3722.9000 -0.0006 -0.0098 3722.4000 0.5072 0.0059
3722.5000 -0.3056 -0.4988 3722.5000 0.3027 -0.4972 3722.5000 -0.0015 0.4979
3723.1500 -4.3531 -2.6731 3723.5500 1.1504 4.4301 3723.3500 -2.4177 -4.3709
3724.1500 -1.7171 3.2079 3724.5500 1.9217 -1.5164 3724.3500 0.3202 -1.3851
3725.1500 -4.8225 0.6362 3725.5500 -3.8645 -2.2225 3725.3500 -4.9873 -0.2547
3726.1500 -3.9405 -3.5512 3726.5500 -0.5090 4.4942 3726.3500 -3.6236 0.8353
3727.1500 -0.6212 4.1467 3727.5500 -3.8665 0.1022 3727.3500 0.1004 -2.8971
3728.1500 -4.1645 4.4034 3728.5500 4.3669 -2.1150 3728.3500 3.2654 -4.4114
3729.1500 -3.4790 2.8584 3729.5500 0.0452 -3.3908 3729.3500 -1.2568 -0.6283
3730.1500 4.2267 2.1631 3730.5500 -1.7929 3.8436 3730.3500 -3.2417 -0.9476
3731.1500 -0.3750 -2.4227 3731.5500 -3.2224 -1.0824 3731.3500 2.6306 -3.3434
3732.1000 -0.4905 0.0058 3732.9000 0.0068 -0.0094 3732.4000 0.5062 0.0045
3732.5000 -0.2934 -0.5021 3732.5000 0.3057 -0.4972 3732.5000 0.0050 0.4978
3733.1500 4.5055 -3.1577 3733.5500 3.8253 2.4875 3733.3500 3.7952 -0.0240
3734.1000 -0.5042 0.0084 3734.9000 -0.0043 0.0082 3734.4000 0.4909 0.0088
3734.5000 -0.3032 -0.4960 3734.5000 0.2960 -0.4902 3734.5000 0.0042 0.5057
3735.1500 -0.8952 -4.4875 3735.5500 -4.9968 -0.4846 3735.3500 -2.9883 -3.9279
3736.1500 0.4682 -4.5555 3736.5500 -0.8668 -4.6715 3736.3500 4.5766 2.8142
3737.1500 1.6867 -2.6019 3737.5500 2.6832 3.5902 3737.3500 2.8534 -0.2017
3738.1500 -4.2378 -1.7750 3738.5500 -0.6335 -1.9893 3738.3500 0.9285 1.3181
3739.1500 -2.0353 -2.3092 3739.5500 -4.2936 -3.1475 3739.3500 1.6873 0.1427
3740.1000 -0.4989 -0.0087 3740.9000 -0.0039 -0.0096 3740.4000 0.5026 -0.0081
3740.5000 -0.2915 -0.5070 3740.5000 0.2931 -0.5042 3740.5000 -0.0043 0.5007
3741.1500 0.7983 -2.9550 3741.5500 4.1835 2.4000 3741.3500 -4.5400 -3.0907
3742.1500 -1.4961 -2.3233 3742.5500 -2.9068 3.9680 3742.3500 2.7701 2.7029
3743.1500 -1.0022 -3.4958 3743.5500 -2.9070 1.6204 3743.3500 1.7034 4.1820
3744.1500 -2.0806 2.0385 3744.5500 4.6991 1.3273 3744.3500 3.4821 -0.3397
3745.1000 -0.5093 -0.0043 3745.9000 -0.0001 0.0095 3745.4000 0.4918 0.0016
3745.5000 -0.3038 -0.5097 3745.5000 0.2909 -0.4986 3745.5000 0.0027 0.5006
3746.1500 -2.1560 1.1785 3746.5500 -4.8741 1.1717 3746.3500 -3.0590 3.2301
3747.1000 -0.4931 0.0074 3747.9000 0.0045 -0.0013 3747.4000 0.5054 0.0076
3747.5000 -0.3066 -0.5025 3747.5000 0.3072 -0.4980 3747.5000 -0.0049 0.4982
3748.1500 0.9953 2.7856 3748.5500 0.0298 -4.0590 3748.3500 -2.0817 4.3428
3749.1500 2.9364 -2.0253 3749.5500 2.5098 -3.4953 3749.3500 -0.5681 -3.7778
3750.1000 -0.4906 -0.0081 3750.9000 0.0051 0.0030 3750.4000 0.5007 0.0017
3750.5000 -0.2999 -0.4963 3750.5000 0.2977 -0.5084 3750.5000 0.0005 0.5049
3751.1500 3.6204 -4.9395 3751.5500 -4.4286 -3.2304 3751.3500 0.9407 -0.6374
3752.1500 -2.7076 2.5968 3752.5500 4.4736 -2.7772 3752.3500 -3.2601 4.6380
3753.1500 -1.4195 1.6699 3753.5500 -2.7829 -1.5090 3753.3500 -2.9322 0.8288
3754.1500 1.4725 3.9092 3754.5500 1.6182 -4.8200 3754.3500 1.7065 0.7259
3755.1500 -3.8838 0.3868 3755.5500 -3.4389 3.3363 3755.3500 -1.5286 2.3692
3756.1500 3.0689 2.7799 3756.5500 2.9917 -3.3088 3756.3500 3.8225 0.1283
3757.1500 -0.3758 0.1213 3757.5500 3.2828 -2.0449 3757.3500 -0.6544 -1.9441
3758.1500 0.3719 2.1191 3758.5500 -0.0146 -1.5216 3758.3500 1.6849 -0.3356
3759.1500 3.0893 -2.5555 3759.5500 -2.3480 -3.5431 3759.3500 -1.2459 -3.3277
3760.1500 2.6374 2.9452 3760.5500 -0.9169 3.0163 3760.3500 -1.2752 -0.9171
3761.1500 3.9477 -4.9801 3761.5500 1.6802 -4.8130 3761.3500 -1.5428 -0.2510
3762.1500 2.7873 -4.5378 3762.5500 -3.9218 0.9730 3762.3500 0.5771 1.4776
3763.1500 -4.4884 0.4741 3763.5500 -0.3617 3.4723 3763.3500 4.1527 1.6014
3764.1500 2.3227 -3.5742 3764.5500 -0.9724 3.1476 3764.3500 -4.9894 -4.8032
3765.1500 2.5534 -2.1822 3765.5500 -1.3198 -4.4879 3765.3500 0.0823 -3.4901
3766.1500 2.6883 -0.3165 3766.5500 -4.0555 0.7415 3766.3500 0.0013 -1.3236
3767.1500 -1.3054 4.3564 3767.5500 -0.0654 4.4700 3767.3500 0.4550 -2.1693
3768.1500 -0.5241 -4.0107 3768.5500 -0.1690 4.8662 3768.3500 1.6784 3.6579
3769.1500 -2.2724 -1.8678 3769.5500 2.4727 0.1486 3769.3500 -3.4682 1.4463
3770.1000 -0.4930 0.0014 3770.9000 0.0036 -0.0073 3770.4000 0.4979 -0.0003
3770.5000 -0.2947 -0.4937 3770.5000 0.3048 -0.5046 3770.5000 -0.0092 0.5078
3771.1500 0.7586 4.8456 3771.5500 -2.3927 -4.4389 3771.3500 0.4219 -3.9572
3772.1500 -4.2351 -4.6894 3772.5500 3.8414 -1.2405 3772.3500 1.8387 1.8514
3773.1500 -4.7271 1.9089 3773.5500 -2.5890 -3.3135 3773.3500 -3.4134 -2.2179
3774.1500 0.2142 0.6951 3774.5500 1.3777 -4.0409 3774.3500 -0.3781 -2.7669
3775.1000 -0.4903 0.0058 3775.9000 -0.0089 0.0003 3775.4000 0.4968 0.0047
3775.5000 -0.3019 -0.4913 3775.5000 0.2957 -0.4950 3775.5000 -0.0004 0.4997
3776.1500 3.5000 1.7923 3776.5500 -0.8066 -1.4388 3776.3500 -4.1111 2.3043
3777.1000 -0.4932 0.0040 3777.9000 -0.0024 0.0096 3777.4000 0.4964 -0.0009
3777.5000 -0.2995 -0.5028 3777.5000 0.3041 -0.5037 3777.5000 -0.0096 0.5049
3778.1000 -0.4959 -0.0059 3778.9000 -0.0076 0.0045 3778.4000 0.5030 0.0030
3778.5000 -0.2908 -0.5063 3778.5000 0.2946 -0.4988 3778.5000 0.0049 0.5027
3779.1500 0.4938 -0.2221 3779.5500 -2.2206 1.9472 3779.3500 -1.4627 2.4199
3780.1500 4.3491 3.2232 3780.5500 -3.4220 1.4027 3780.3500 4.5919 1.9067
3781.1500 -1.3837 -0.5418 3781.5500 4.8474 -3.4704 3781.3500 4.2176 -2.3533
3782.1000 -0.5052 -0.0034 3782.9000 -0.0037 0.0096 3782.4000 0.4966 -0.0066
3782.5000 -0.3062 -0.5004 3782.5000 0.3068 -0.4970 3782.5000 0.0023 0.4971
3783.1500 3.6784 -3.1585 3783.5500 3.0657 -2.2836 3783.3500 3.7172 1.7258
3784.1500 -1.8972 -4.0315 3784.5500 -3.6128 -3.1606 3784.3500 -0.0118 4.9998
3785.1000 -0.5085 0.0094 3785.9000 -0.0008 0.0097 3785.4000 0.4911 -0.0019
3785.5000 -0.3005 -0.5097 3785.5000 0.2990 -0.4951 3785.5000 0.0089 0.5079
3786.1500 -1.8769 0.2850 3786.5500 2.9821 -1.8364 3786.3500 -2.5107 -2.8084
3787.1500 -2.2597 -3.7697 3787.5500 3.6868 -2.6737 3787.3500 -0.7301 -2.5119
3788.1500 0.5747 4.5403 3788.5500 -4.0199 1.6220 3788.3500 3.4051 0.9194
3789.1500 1.6342 -0.3638 3789.5500 -2.7819 -2.0109 3789.3500 2.2172 0.1568
3790.1000 -0.5020 -0.0001 3790.9000 -0.0092 -0.0044 3790.4000 0.5071 -0.0030
3790.5000 -0.2929 -0.5012 3790.5000 0.2952 -0.5095 3790.5000 0.0076 0.5008
3791.1500 -3.0352 0.2953 3791.5500 -1.8507 0.7936 3791.3500 0.5584 3.5839
3792.1500 3.2563 -4.0178 3792.5500 1.8879 -1.1261 3792.3500 1.7365 -0.2894
3793.1500 0.1966 1.1544 3793.5500 -4.1074 -0.0636 3793.3500 4.6628 3.7237
3794.1500 -1.7096 4.7190 3794.5500 1.0273 4.9342 3794.3500 -2.3819 -1.1876
3795.1500 3.3121 1.6288 3795.5500 3.4780 4.6555 3795.3500 1.3042 4.5306
3796.1500 -2.9698 -4.4730 3796.5500 4.1321 4.7519 3796.3500 2.6072 -4.8347
3797.1500 -2.3995 -0.3599 3797.5500 -0.8774 -4.4147 3797.3500 4.5441 3.3637
3798.1500 -2.9448 -4.3492 3798.5500 -4.9012 -0.0798 3798.3500 -2.2061 0.7021
3799.1500 -3.7677 3.7958 3799.5500 3.7962 3.7310 3799.3500 -0.8966 -3.7174
3800.1000 -0.4919 0.0036 3800.9000 -0.0068 -0.0019 3800.4000 0.5068 0.0006
3800.5000 -0.3055 -0.5042 3800.5000 0.3010 -0.4965 3800.5000 0.0028 0.4920
3801.1500 2.8175 -3.5027 3801.5500 -2.8260 -3.8147 3801.3500 -3.4151 3.5009
3802.1500 2.4528 2.0817 3802.5500 4.3720 -1.8152 3802.3500 -3.6590 -4.2483
3803.1500 2.6743 -3.3576 3803.5500 3.7821 -2.8647 3803.3500 3.9838 1.1834
3804.1500 0.9933 1.0580 3804.5500 -4.4173 2.6826 3804.3500 -3.0519 3.6010
3805.1500 -1.3986 -3.0087 3805.5500 4.2362 -3.0196 3805.3500 0.1896 -1.4167
3806.1000 -0.4931 -0.0023 3806.9000 -0.0096 -0.0069 3806.4000 0.5032 -0.0092
3806.5000 -0.2952 -0.5041 3806.5000 0.3064 -0.5038 3806.5000 0.0070 0.5014
3807.1500 1.0854 2.6085 3807.5500 3.5575 -2.4073 3807.3500 4.5912 -3.8115
3808.1500 -2.0681 3.1817 3808.5500 -2.6909 3.9729 3808.3500 3.9717 1.4413
3809.1000 -0.4923 0.0058 3809.9000 -0.0014 -0.0037 3809.4000 0.4977 -0.0065
3809.5000 -0.2984 -0.5060 3809.5000 0.2974 -0.4967 3809.5000 0.0005 0.4989
3810.1500 3.0417 -3.9611 3810.5500 -0.6454 -0.7514 3810.3500 -4.0749 -2.0030
3811.1500 0.5407 2.6863 3811.5500 1.1240 2.4578 3811.3500 -0.7850 1.8326
3812.1500 1.2622 -2.6014 3812.5500 3.4435 1.5028 3812.3500 3.3977 3.0854
3813.1000 -0.4945 0.0096 3813.9000 -0.0090 -0.0071 3813.4000 0.5016 0.0084
3813.5000 -0.2973 -0.5065 3813.5000 0.2921 -0.4952 3813.5000 -0.0049 0.4936
3814.1500 1.5188 -0.2269 3814.5500 2.8209 3.1729 3814.3500 0.6633 -3.8626
3815.1500 -3.7479 4.3066 3815.5500 -2.9871 4.5640 3815.3500 1.3337 -0.9608
3816.1500 2.7322 -1.7871 3816.5500 -3.3299 4.3099 3816.3500 -3.7833 -0.8283
3817.1500 1.2629 1.0597 3817.5500 -2.8626 -4.7422 3817.3500 -3.4030 2.5237
3818.1500 -1.2693 -4.4588 3818.5500 -3.1101 4.5692 3818.3500 1.8357 2.0407
3819.1500 -4.0427 2.6548 3819.5500 -3.4589 3.4140 3819.3500 0.9291 1.8982
3820.1500 0.7792 0.8767 3820.5500 -3.7189 -4.8824 3820.3500 -0.6844 4.5056
3821.1500 4.8351 1.5942 3821.5500 4.3630 3.4828 3821.3500 1.4947 -2.5370
3822.1500 1.2760 2.1573 3822.5500 4.0290 3.4219 3822.3500 -3.5171 0.9755
3823.1500 1.5520 -1.2273 3823.5500 -0.7745 -2.5439 3823.3500 3.9409 -1.4615
3824.1500 3.9708 -0.7472 3824.5500 -1.8625 -2.2583 3824.3500 0.8950 -4.8801
3825.1500 -0.0476 2.3352 3825.5500 -2.6968 1.3419 3825.3500 4.8722 0.3354
3826.1500 3.0373 3.2768 3826.5500 3.9042 1.9036 3826.3500 2.4081 0.6878
3827.1500 1.7045 -2.9422 3827.5500 -0.0507 -0.2812 3827.3500 3.3580 -4.2887
3828.1500 3.4871 -0.2090 3828.5500 4.1218 4.7480 3828.3500 0.7493 -0.5601
3829.1500 4.0233 -3.3822 3829.5500 2.2507 -1.6450 3829.3500 -2.1089 3.7981
3830.1500 3.1657 4.0800 3830.5500 4.2683 -4.0470 3830.3500 -3.7203 -0.2851
3831.1500 -3.2191 1.5860 3831.5500 -1.1580 -4.3709 3831.3500 -1.7935 3.5061
3832.1500 -2.8425 -3.8583 3832.5500 -2.7910 -3.6235 3832.3500 3.0540 0.3004
3833.1500 3.0769 3.8494 3833.5500 -3.7432 0.5459 3833.3500 -4.5526 1.4118
3834.1500 3.1359 1.8913 3834.5500 3.2930 1.5120 3834.3500 1.6220 0.9792
3835.1500 -3.3724 3.2874 3835.5500 2.5401 -4.1276 3835.3500 3.8252 -0.0492
3836.1500 1.6842 -3.5730 3836.5500 -2.4104 -1.1960 3836.3500 -2.0142 -4.7099
3837.1000 -0.5019 0.0041 3837.9000 -0.0082 0.0047 3837.4000 0.5006 0.0035
3837.5000 -0.3088 -0.4993 3837.5000 0.3087 -0.4956 3837.5000 -0.0048 0.5006
3838.1000 -0.5040 -0.0091 3838.9000 -0.0056 -0.0059 3838.4000 0.4987 0.0005
3838.5000 -0.3094 -0.5068 3838.5000 0.3092 -0.4952 3838.5000 0.0032 0.5063
3839.1500 2.8336 2.1655 3839.5500 -1.8368 -3.6052 3839.3500 -1.5430 3.8583
3840.1000 -0.5064 -0.0086 3840.9000 -0.0064 0.0067 3840.4000 0.4919 -0.0024
3840.5000 -0.2923 -0.4988 3840.5000 0.2983 -0.4987 3840.5000 0.0018 0.5085
3841.1500 -1.6185 -1.1755 3841.5500 0.8849 -1.3568 3841.3500 -0.7711 2.2885
3842.1000 -0.5012 0.0092 3842.9000 -0.0048 -0.0031 3842.4000 0.4951 0.0016
3842.5000 -0.2940 -0.5095 3842.5000 0.2929 -0.4987 3842.5000 0.0059 0.4990
3843.1500 3.2193 0.9456 3843.5500 1.1887 2.6180 3843.3500 -4.5753 4.4976
3844.1500 -0.4453 1.1738 3844.5500 1.7865 0.2022 3844.3500 4.2828 -2.0160
3845.1500 1.9411 -1.8748 3845.5500 -4.0017 4.6994 3845.3500 2.9355 -0.2741
3846.1500 3.7540 -1.2183 3846.5500 1.8970 2.9539 3846.3500 -1.0725 -1.2712
3847.1500 3.8913 -2.9566 3847.5500 -2.0396 -4.8057 3847.3500 1.7087 4.4545
3848.1500 -2.5566 4.5856 3848.5500 -1.9133 -0.9858 3848.3500 -0.6141 -0.2341
3849.1500 -1.3795 3.7537 3849.5500 -1.3556 3.5072 3849.3500 -1.3562 -2.0371
3850.1500 1.7290 -0.4063 3850.5500 -0.7214 -4.2376 3850.3500 0.9537 -4.3429
3851.1500 -2.8609 3.6188 3851.5500 3.7263 1.3767 3851.3500 -0.6255 -3.4682
3852.1000 -0.5028 -0.0069 3852.9000 -0.0001 0.0075 3852.4000 0.4921 0.0046
3852.5000 -0.2906 -0.4914 3852.5000 0.2901 -0.4942 3852.5000 0.0034 0.5043
3853.1500 -1.8198 -1.7459 3853.5500 -2.1642 -1.8243 3853.3500 4.7383 2.3930
3854.1500 -2.5189 -0.8272 3854.5500 0.4651 2.7257 3854.3500 0.9839 -0.9299
3855.1500 -4.1235 -0.7285 3855.5500 3.4241 2.5451 3855.3500 -0.5211 1.4627
3856.1500 0.4267 4.7950 3856.5500 2.9679 -2.2403 3856.3500 -4.2270 3.4870
3857.1500 -0.9702 -3.5127 3857.5500 0.3169 0.4053 3857.3500 -0.9896 2.9840
3858.1500 -4.9079 -3.5403 3858.5500 0.3452 -4.7932 3858.3500 -3.7595 -1.1575
3859.1500 1.9893 -3.2016 3859.5500 4.5553 -3.5830 3859.3500 1.7535 1.8940
3860.1000 -0.4908 0.0085 3860.9000 -0.0031 0.0019 3860.4000 0.5095 -0.0001
3860.5000 -0.2921 -0.5073 3860.5000 0.2954 -0.5086 3860.5000 -0.0028 0.5031
3861.1500 -2.4314 4.1672 3861.5500 -1.2438 4.5920 3861.3500 -1.8469 -0.4896
3862.1500 -1.2848 -2.8327 3862.5500 3.4444 -0.2343 3862.3500 -2.8378 1.5461
3863.1000 -0.4932 0.0089 3863.9000 0.0027 -0.0023 3863.4000 0.4958 -0.0073
3863.5000 -0.3018 -0.5016 3863.5000 0.2948 -0.5049 3863.5000 0.0067 0.4996
3864.1500 -4.4192 1.0945 3864.5500 -0.1564 2.0410 3864.3500 -1.1832 2.5123
3865.1000 -0.5014 0.0062 3865.9000 0.0018 -0.0043 3865.4000 0.4913 -0.0022
3865.5000 -0.2915 -0.5095 3865.5000 0.3057 -0.5026 3865.5000 -0.0089 0.5026
3866.1500 -2.1181 -2.2940 3866.5500 -1.1082 2.2734 3866.3500 3.5324 -1.6991
3867.1500 -0.0227 -2.9155 3867.5500 0.5468 -4.9577 3867.3500 0.4202 -0.6796
3868.1500 1.1245 -2.0859 3868.5500 -2.8690 4.5954 3868.3500 -1.9362 0.1426
3869.1000 -0.4909 0.0052 3869.9000 0.0050 0.0081 3869.4000 0.5082 -0.0017
3869.5000 -0.3087 -0.5042 3869.5000 0.3051 -0.5002 3869.5000 -0.0094 0.5052
3870.1500 3.5451 1.9618 3870.5500 1.8854 2.7682 3870.3500 -0.6931 -2.1991
3871.1500 -4.4644 -1.1696 3871.5500 1.8825 1.6140 3871.3500 -4.3738 1.4605
3872.1500 3.2191 -1.3858 3872.5500 -1.7381 -4.9941 3872.3500 -0.0862 1.5480
3873.1000 -0.5047 0.0074 3873.9000 0.0092 -0.0067 3873.4000 0.4963 -0.0014
3873.5000 -0.3046 -0.5041 3873.5000 0.2970 -0.4931 3873.5000 0.0083 0.4923
3874.1500 -3.9605 -2.9527 3874.5500 3.5528 1.1452 3874.3500 2.5883 -1.1149
3875.1500 -3.1773 -0.9747 3875.5500 3.4363 -2.5328 3875.3500 -2.5586 -4.4929
3876.1500 2.8009 -4.6744 3876.5500 -3.4747 2.9553 3876.3500 -4.5472 -1.1849
3877.1500 -0.4689 -3.4196 3877.5500 3.2635 2.5018 3877.3500 0.9164 -4.8814
3878.1500 -3.9051 1.2342 3878.5500 -4.3612 3.3020 3878.3500 -3.3919 4.2567
3879.1500 -4.3551 -2.9885 3879.5500 -1.6697 -0.9895 3879.3500 -0.1988 -4.6835
3880.1500 -0.3368 3.6959 3880.5500 -1.0717 -2.8272 3880.3500 2.6401 -1.8222
3881.1500 4.1416 -2.5969 3881.5500 -0.3114 -4.2740 3881.3500 -4.3745 -2.9263
3882.1500 -3.4007 1.4923 3882.5500 -4.7159 3.6947 3882.3500 1.3739 3.2543
3883.1500 4.4549 -1.2059 3883.5500 3.4157 2.3375 3883.3500 0.7482 1.7624
3884.1500 -4.1772 -1.3767 3884.5500 -2.2842 -3.2060 3884.3500 2.0178 2.8295
3885.1500 3.3925 -1.4857 3885.5500 -1.7149 -0.4028 3885.3500 3.7795 2.4116
3886.1000 -0.5084 0.0054 3886.9000 0.0009 0.0005 3886.4000 0.4914 -0.0022
3886.5000 -0.3098 -0.5063 3886.5000 0.2923 -0.5041 3886.5000 0.0052 0.5033
3887.1500 -1.6088 -2.8485 3887.5500 -3.2938 1.7388 3887.3500 2.2988 2.2765
3888.1500 0.2706 -4.1394 3888.5500 -0.1679 2.2227 3888.3500 2.8563 -3.5960
3889.1500 3.6161 3.8601 3889.5500 -1.5031 -0.6555 3889.3500 3.8433 0.8524
3890.1500 -3.6618 2.7224 3890.5500 2.3143 -0.4665 3890.3500 4.4850 -0.4727
3891.1500 -4.5038 -2.3816 3891.5500 -2.6296 -2.3013 3891.3500 -4.7113 -1.0679
3892.1500 -3.0200 3.9994 3892.5500 -1.0942 -2.8036 3892.3500 2.9866 2.7810
3893.1500 1.5030 4.8640 3893.5500 3.0922 0.4399 3893.3500 4.5087 -0.7960
3894.1000 -0.5088 -0.0032 3894.9000 -0.0043 0.0014 3894.4000 0.4975 -0.0055
3894.5000 -0.2979 -0.4996 3894.5000 0.2968 -0.5034 3894.5000 -0.0054 0.5039
3895.1500 -3.4200 0.1943 3895.5500 -4.3601 0.9820 3895.3500 -2.4142 2.0300
3896.1500 -0.6650 3.0958 3896.5500 -2.4910 -4.7812 3896.3500 1.6450 3.1700
3897.1500 2.2736 -2.8295 3897.5500 -0.6066 1.7342 3897.3500 -4.3682 -2.0220
3898.1500 1.7292 0.9930 3898.5500 -2.9655 1.5974 3898.3500 4.1102 1.8549
3899.1500 0.8611 -4.1048 3899.5500 0.4927 0.6074 3899.3500 -0.1952 -3.3321
3900.1500 0.3656 -2.5154 3900.5500 2.4504 -3.1567 3900.3500 3.3131 -4.5042
3901.1500 1.5460 -3.9746 3901.5500 -3.0100 -2.8255 3901.3500 -4.1073 -2.7440
3902.1500 4.4300 2.4327 3902.5500 -0.8621 -2.9999 3902.3500 -1.5548 -4.0909
3903.1500 3.7581 -2.3302 3903.5500 -4.5578 4.5617 3903.3500 -0.8235 1.8155
3904.1500 -3.3426 -3.8622 3904.5500 4.5906 1.8968 3904.3500 0.9344 -3.9713
3905.1500 2.1803 2.9359 3905.5500 2.4826 4.6777 3905.3500 4.0444 -0.4330
3906.1500 2.3679 -2.5254 3906.5500 0.2335 -2.6771 3906.3500 3.4367 1.7300
3907.1500 -1.0169 -3.5397 3907.5500 4.4057 0.4515 3907.3500 2.6348 0.2261
3908.1500 -4.0121 4.7304 3908.5500 1.5645 -2.0680 3908.3500 1.8080 -4.8263
3909.1500 -3.3910 3.0076 3909.5500 2.2881 -4.7480 3909.3500 -4.2377 2.2860
3910.1500 -3.7373 -0.7775 3910.5500 -3.9794 -2.7496 3910.3500 -4.3755 4.1655
3911.1500 -4.5415 0.0493 3911.5500 -4.0731 0.1063 3911.3500 2.6972 -1.1150
3912.1000 -0.5004 0.0051 3912.9000 -0.0044 0.0021 3912.4000 0.4911 0.0023
3912.5000 -0.2953 -0.5067 3912.5000 0.2996 -0.5025 3912.5000 -0.0048 0.5014
3913.1000 -0.5045 -0.0030 3913.9000 -0.0029 0.0018 3913.4000 0.4943 0.0088
3913.5000 -0.3065 -0.4935 3913.5000 0.2933 -0.4906 3913.5000 0.0099 0.4905
3914.1500 0.4615 1.5554 3914.5500 4.1477 -3.7916 3914.3500 -0.6095 -1.1673
3915.1500 4.7500 0.8902 3915.5500 -2.9075 -4.4585 3915.3500 1.1399 -1.3848
3916.1500 4.8898 -3.7338 3916.5500 -2.6645 -2.4860 3916.3500 -0.5791 2.5940
3917.1500 3.8343 2.0508 3917.5500 -1.7166 -3.5887 3917.3500 1.9152 4.6469
3918.1500 -0.4815 0.7219 3918.5500 0.6117 2.0978 3918.3500 0.7699 -2.7514
3919.1000 -0.4997 -0.0072 3919.9000 0.0076 -0.0052 3919.4000 0.5052 0.0032
3919.5000 -0.3064 -0.5078 3919.5000 0.2930 -0.5097 3919.5000 0.0013 0.4958
3920.1000 -0.5066 -0.0084 3920.9000 -0.0037 -0.0098 3920.4000 0.5033 0.0006
3920.5000 -0.2981 -0.4997 3920.5000 0.3058 -0.5050 3920.5000 -0.0034 0.4999
3921.1500 -3.0066 -3.2465 3921.5500 -1.3962 3.1458 3921.3500 -2.4713 3.6317
3922.1500 -1.2092 2.3263 3922.5500 1.0298 4.3945 3922.3500 4.7299 -0.8352
3923.1500 -2.8218 -2.3739 3923.5500 -0.9783 -2.2047 3923.3500 0.9822 4.2327
3924.1500 -3.1452 -4.6244 3924.5500 2.5407 -1.8438 3924.3500 -0.1709 3.1446
3925.1500 -4.4372 -1.1331 3925.5500 -1.8298 -3.3146 3925.3500 -4.4229 -3.4928
3926.1500 4.3141 0.7310 3926.5500 2.8462 -0.5853 3926.3500 -1.9294 -4.3938
3927.1500 -3.6049 3.7564 3927.5500 -3.8531 1.8598 3927.3500 -0.3069 4.1645
3928.1500 -3.7302 -1.2766 3928.5500 -1.5753 4.6664 3928.3500 -1.0796 2.6311
3929.1500 -1.2921 -2.9582 3929.5500 -4.1432 -3.3023 3929.3500 4.5525 -2.8674
3930.1500 -3.9496 3.1500 3930.5500 4.8186 4.8991 3930.3500 -4.8530 -2.1464
3931.1500 1.4350 4.7064 3931.5500 1.5408 -2.0220 3931.3500 3.7365 -4.1563
3932.1500 3.5794 4.8715 3932.5500 3.8273 -3.3936 3932.3500 4.5351 -3.8684
3933.1500 -4.4672 -1.5149 3933.5500 -4.4961 4.6190 3933.3500 -3.3776 0.0909
3934.1500 2.5823 2.1614 3934.5500 -3.3016 -1.3525 3934.3500 4.9540 0.6118
3935.1500 -2.1052 -1.6623 3935.5500 -0.5363 3.3029 3935.3500 1.8375 -4.6441
3936.1500 2.9510 2.5013 3936.5500 -0.2902 1.3851 3936.3500 0.7880 2.6100
3937.1500 3.9009 -1.8989 3937.5500 -4.5646 1.8474 3937.3500 2.6887 2.9713
3938.1500 4.4004 0.1575 3938.5500 -4.1162 1.6658 3938.3500 2.2673 3.1090
3939.1500 -2.3320 -2.6887 3939.5500 0.8164 3.7934 3939.3500 -0.7999 4.1976
3940.1500 -0.5354 -0.8980 3940.5500 -3.9458 1.6102 3940.3500 -4.9666 3.9729
3941.1500 -1.8744 1.8634 3941.5500 1.8587 2.3663 3941.3500 -0.0102 4.6513
3942.1500 3.9523 -1.8766 3942.5500 -2.5089 -2.9090 3942.3500 -4.5033 3.4639
3943.1500 -4.3190 -4.5288 3943.5500 0.8099 4.7185 3943.3500 -4.9508 -0.8787
3944.1000 -0.5075 -0.0020 3944.9000 0.0099 0.0049 3944.4000 0.4906 0.0024
3944.5000 -0.2915 -0.4915 3944.5000 0.3074 -0.5071 3944.5000 0.0008 0.4946
3945.1500 1.5525 3.3642 3945.5500 4.0491 0.7677 3945.3500 -1.3115 2.6608
3946.1500 -4.3144 4.8286 3946.5500 -2.7553 -4.8859 3946.3500 -1.9792 -0.0594
3947.1500 -4.2680 -3.6611 3947.5500 -1.2618 -1.5353 3947.3500 1.6485 3.6310
3948.1500 -0.6625 -2.1320 3948.5500 -0.1629 3.1564 3948.3500 3.1405 -0.0938
3949.1500 -4.0395 1.6754 3949.5500 0.7939 1.3625 3949.3500 0.7834 -4.9102
3950.1500 -3.3666 -3.0297 3950.5500 3.9278 -4.2409 3950.3500 0.8794 -3.1968
3951.1500 4.5309 4.5957 3951.5500 -0.0198 4.8049 3951.3500 4.6715 0.3425
3952.1500 2.0502 3.4295 3952.5500 1.2212 -1.2612 3952.3500 -2.1310 2.2747
3953.1500 3.1392 1.4484 3953.5500 2.5725 2.4911 3953.3500 4.7229 4.8541
3954.1500 1.3278 1.3430 3954.5500 -2.1163 4.3594 3954.3500 0.7151 0.4684
3955.1500 -3.9896 1.7834 3955.5500 -4.5473 4.4097 3955.3500 2.8575 -4.2675
3956.1500 4.2525 4.5546 3956.5500 0.0596 2.1589 3956.3500 -2.7947 2.1615
3957.1500 0.8045 -0.9297 3957.5500 0.3761 1.1443 3957.3500 -3.2770 0.7375
3958.1500 -2.9937 -1.5553 3958.5500 1.6810 0.0095 3958.3500 1.5344 1.5235
3959.1500 0.3364 -1.0158 3959.5500 -3.7630 -3.9002 3959.3500 -2.5555 4.4901
3960.1500 1.8952 2.7699 3960.5500 3.1007 -4.3035 3960.3500 4.5015 -4.9941
3961.1000 -0.4945 0.0035 3961.9000 0.0098 0.0072 3961.4000 0.4990 -0.0005
3961.5000 -0.3002 -0.5091 3961.5000 0.3074 -0.5020 3961.5000 -0.0014 0.5047
3962.1500 0.9364 3.5067 3962.5500 3.7220 3.1900 3962.3500 2.7618 2.2190
3963.1500 2.6123 4.4079 3963.5500 -1.7078 -2.0554 3963.3500 4.4449 -2.7926
3964.1500 -0.6505 -3.6172 3964.5500 1.0380 -4.0085 3964.3500 -3.2570 -4.0650
3965.1000 -0.5084 0.0049 3965.9000 -0.0032 -0.0005 3965.4000 0.4944 0.0073
3965.5000 -0.2967 -0.5085 3965.5000 0.2962 -0.4968 3965.5000 -0.0090 0.4919
3966.1500 2.6970 -0.6847 3966.5500 -4.5347 4.4346 3966.3500 -0.9276 -2.6224
3967.1500 1.3786 -1.6474 3967.5500 -0.3274 4.7420 3967.3500 1.9927 -3.2311
3968.1000 -0.4953 0.0022 3968.9000 0.0036 0.0097 3968.4000 0.4917 0.0044
3968.5000 -0.2965 -0.4931 3968.5000 0.2999 -0.4978 3968.5000 0.0078 0.5013
3969.1000 -0.4978 0.0085 3969.9000 0.0070 0.0066 3969.4000 0.5028 -0.0004
3969.5000 -0.3030 -0.4971 3969.5000 0.3038 -0.4983 3969.5000 -0.0034 0.5029
3970.1000 -0.5034 -0.0075 3970.9000 -0.0027 0.0014 3970.4000 0.5089 -0.0022
3970.5000 -0.3070 -0.5056 3970.5000 0.3097 -0.5068 3970.5000 -0.0032 0.5072
3971.1500 -3.3920 0.7263 3971.5500 1.0366 -3.4978 3971.3500 -3.0595 4.4619
3972.1000 -0.4941 0.0052 3972.9000 -0.0088 -0.0095 3972.4000 0.4944 0.0008
3972.5000 -0.2930 -0.5023 3972.5000 0.3032 -0.5079 3972.5000 0.0010 0.5052
3973.1500 -4.4282 3.1166 3973.5500 -2.5713 3.1966 3973.3500 -4.5964 1.9455
3974.1500 -2.1016 0.5635 3974.5500 4.4359 0.1615 3974.3500 0.6883 1.4276
3975.1500 1.7226 2.0921 3975.5500 4.4444 -2.4035 3975.3500 3.6926 3.8822
3976.1500 0.6887 -1.5878 3976.5500 1.2352 -3.8253 3976.3500 -3.5489 -3.8363
3977.1500 -0.1744 -1.7093 3977.5500 1.0970 -0.1093 3977.3500 -4.4479 -1.6578
3978.1500 -3.5734 -4.8757 3978.5500 0.3545 -3.5536 3978.3500 -3.8834 -2.7091
3979.1500 -1.0070 -2.4387 3979.5500 1.0741 1.7888 3979.3500 0.8046 -3.7923
3980.1500 4.7775 -1.7983 3980.5500 -4.7856 2.2785 3980.3500 2.4795 0.3579
3981.1500 0.1439 1.7695 3981.5500 -2.2216 -2.4902 3981.3500 -0.6395 -3.6878
3982.1500 3.5163 0.3150 3982.5500 1.1649 -3.8235 3982.3500 -2.2854 -2.3917
3983.1500 4.5691 1.5056 3983.5500 -4.3222 1.7197 3983.3500 4.6281 1.6147
3984.1500 3.1709 2.4595 3984.5500 -3.4776 2.0931 3984.3500 -0.9792 2.2022
3985.1500 -1.6762 4.8815 3985.5500 3.6120 4.1184 3985.3500 -0.5842 -0.6414
3986.1500 -3.4545 0.2620 3986.5500 -0.9774 0.4318 3986.3500 1.7024 1.4113
3987.1500 -0.8580 -4.4454 3987.5500 -1.5402 -3.0714 3987.3500 0.3727 2.5695
3988.1500 -1.9797 -4.3196 3988.5500 2.6732 -2.7264 3988.3500 2.1457 4.2106
3989.1500 -3.4319 2.2670 3989.5500 -1.9986 2.4862 3989.3500 -0.7491 -2.4167
3990.1500 3.8128 4.8155 3990.5500 -1.1022 2.0579 3990.3500 3.7803 4.8199
3991.1500 1.8905 -4.4651 3991.5500 -0.2590 -1.9497 3991.3500 4.6351 2.1057
3992.1500 -4.5438 0.8064 3992.5500 4.0438 -4.5240 3992.3500 -4.8862 0.3909
3993.1500 1.2826 3.3425 3993.5500 0.7635 -1.5070 3993.3500 1.4825 3.7570
3994.1500 -1.0754 -3.1857 3994.5500 4.7951 0.5284 3994.3500 -3.2547 2.3266
3995.1500 2.1150 0.2500 3995.5500 -1.3221 1.5067 3995.3500 1.6725 2.5349
3996.1500 -0.7957 4.2384 3996.5500 2.1834 -2.1186 3996.3500 -3.3285 -0.4551
3997.1500 -2.6346 1.6619 3997.5500 4.4857 3.9817 3997.3500 -2.4233 -2.4238
3998.1000 -0.5078 -0.0090 3998.9000 -0.0097 -0.0006 3998.4000 0.4954 0.0039
3998.5000 -0.2994 -0.5030 3998.5000 0.3025 -0.4928 3998.5000 0.0009 0.5084
3999.1500 -2.9747 -0.3038 3999.5500 -1.7905 3.9874 3999.3500 -1.5513 -3.2905
4000.1500 3.5729 -0.8391 4000.5500 0.7210 1.8049 4000.3500 -4.7655 -3.9281
4001.1000 -0.4923 -0.0055 4001.9000 -0.0046 0.0087 4001.4000 0.4935 -0.0052
4001.5000 -0.2911 -0.4970 4001.5000 0.2993 -0.4937 4001.5000 0.0012 0.5096
4002.1500 3.2586 -3.6913 4002.5500 -4.2101 -3.9081 4002.3500 -0.1234 -4.7943
4003.1500 1.1561 -3.1166 4003.5500 -4.1858 3.1027 4003.3500 1.2268 4.5512
4004.1500 -1.5895 3.4084 4004.5500 -0.7172 -3.8086 4004.3500 3.6185 -3.4605
4005.1500 -2.1413 4.7183 4005.5500 4.3103 1.5445 4005.3500 -3.9418 4.7828
4006.1500 -2.3717 -2.0782 4006.5500 -3.2502 4.8395 4006.3500 -4.1629 -0.5590
4007.1000 -0.5051 -0.0080 4007.9000 -0.0063 0.0019 4007.4000 0.5024 -0.0064
4007.5000 -0.2968 -0.5012 4007.5000 0.2910 -0.4993 4007.5000 -0.0050 0.5065
4008.1500 1.8783 4.5405 4008.5500 4.7286 4.0921 4008.3500 0.1636 0.2911
4009.1500 4.3396 0.4295 4009.5500 -1.5609 -4.3517 4009.3500 -2.4635 3.0573
4010.1000 -0.4989 0.0014 4010.9000 -0.0093 -0.0019 4010.4000 0.4948 -0.0069
4010.5000 -0.3030 -0.4999 4010.5000 0.3075 -0.4982 4010.5000 -0.0009 0.4934
4011.1500 1.5231 -1.7704 4011.5500 1.4162 -3.4178 4011.3500 0.0778 -4.2291
4012.1500 3.7429 3.3828 4012.5500 4.0555 0.3215 4012.3500 1.6461 0.2930
4013.1500 0.4515 -2.9501 4013.5500 -3.6153 2.1652 4013.3500 -1.2380 -2.1540
4014.1500 -1.7636 -0.9021 4014.5500 -2.1913 1.5837 4014.3500 0.7484 3.5724
4015.1500 1.1722 0.8648 4015.5500 4.2351 3.8741 4015.3500 -3.9270 -2.0815
4016.1500 3.9962 0.3309 4016.5500 -0.4824 -0.4615 4016.3500 0.5453 -3.7815
4017.1500 2.2231 4.4389 4017.5500 4.8366 -3.2443 4017.3500 -1.3764 -1.4290
4018.1000 -0.5083 0.0061 4018.9000 0.0008 -0.0052 4018.4000 0.4908 -0.0066
4018.5000 -0.2998 -0.4923 4018.5000 0.3096 -0.5093 4018.5000 -0.0082 0.4936
4019.1000 -0.4909 -0.0037 4019.9000 -0.0010 0.0086 4019.4000 0.4961 0.0014
4019.5000 -0.3047 -0.4954 4019.5000 0.3032 -0.4937 4019.5000 -0.0036 0.4991
4020.1500 1.1008 -2.6130 4020.5500 0.4721 1.1386 4020.3500 -2.7789 2.6009
4021.1000 -0.5029 -0.0089 4021.9000 0.0086 -0.0007 4021.4000 0.5092 -0.0015
4021.5000 -0.3088 -0.4977 4021.5000 0.3032 -0.5063 4021.5000 -0.0028 0.5020
4022.1500 -1.4578 -3.9422 4022.5500 -3.8782 -4.3315 4022.3500 0.1914 -0.9475
4023.1500 -2.2517 3.2773 4023.5500 -3.1808 -2.5469 4023.3500 0.9674 -3.7613
4024.1500 3.3449 -4.9890 4024.5500 2.5506 -1.7508 4024.3500 -1.2964 2.7690
4025.1500 -3.3761 -2.7017 4025.5500 0.8351 -3.3733 4025.3500 -3.8001 -2.3548
4026.1500 -3.4458 1.2846 4026.5500 -1.9567 2.7841 4026.3500 -4.4189 2.2432
4027.1500 -0.5214 2.1679 4027.5500 -4.6230 0.8833 4027.3500 2.5677 1.8294
4028.1000 -0.4992 0.0053 4028.9000 -0.0050 0.0038 4028.4000 0.4905 0.0059
4028.5000 -0.3044 -0.5045 4028.5000 0.2944 -0.5048 4028.5000 0.0050 0.5005
4029.1500 -4.3467 -2.4477 4029.5500 4.7008 -1.8867 4029.3500 -1.5729 -0.6220
4030.1500 -0.6418 2.4894 4030.5500 -1.2957 4.8379 4030.3500 -2.4100 -3.3515
4031.1500 1.0616 -1.5414 4031.5500 -3.4989 -2.8858 4031.3500 4.2061 -3.4451
4032.1500 1.7910 -3.6326 4032.5500 3.6052 0.7439 4032.3500 4.4053 -0.6227
4033.1500 -4.7127 2.3436 4033.5500 -4.0704 -2.6872 4033.3500 1.0234 -4.5267
4034.1500 2.4828 1.8143 4034.5500 3.7075 -2.4488 4034.3500 -3.8547 -4.8559
4035.1500 4.1851 4.0979 4035.5500 2.0097 -4.3439 4035.3500 3.3004 -1.7722
4036.1500 -3.9932 -0.4179 4036.5500 -4.6188 -0.8689 4036.3500 3.5541 -1.2004
4037.1500 -4.7281 -4.5032 4037.5500 -0.0932 2.5045 4037.3500 0.0501 0.5898
4038.1500 2.7843 -3.6280 4038.5500 0.6373 4.0975 4038.3500 0.4006 -1.4308
4039.1000 -0.5081 -0.0004 4039.9000 0.0057 -0.0045 4039.4000 0.5074 0.0003
4039.5000 -0.3084 -0.4932 4039.5000 0.3096 -0.5092 4039.5000 0.0083 0.4936
4040.1500 -1.9153 -0.5872 4040.5500 0.8182 2.4326 4040.3500 4.0462 2.2299
4041.1000 -0.5046 0.0079 4041.9000 -0.0083 -0.0038 4041.4000 0.5073 0.0026
4041.5000 -0.2903 -0.4999 4041.5000 0.2982 -0.5013 4041.5000 -0.0094 0.4932
4042.1500 1.8607 2.3781 4042.5500 3.3781 1.7973 4042.3500 -1.9967 -1.5906
4043.1500 -2.4359 1.2923 4043.5500 -2.4556 -3.8035 4043.3500 0.1607 4.3480
4044.1500 -4.0571 -2.1008 4044.5500 0.9283 -2.4513 4044.3500 3.1873 3.2895
4045.1500 -2.8154 -2.9367 4045.5500 4.3507 -1.2579 4045.3500 2.7022 -4.3002
4046.1500 -3.4717 2.5422 4046.5500 -1.2798 2.8136 4046.3500 -0.4612 3.9208
4047.1500 -4.4765 -4.4023 4047.5500 2.1330 -4.0680 4047.3500 3.1237 -3.8851
4048.1000 -0.4992 -0.0057 4048.9000 -0.0040 0.0070 4048.4000 0.4994 0.0021
4048.5000 -0.2976 -0.5010 4048.5000 0.3010 -0.5016 4048.5000 -0.0093 0.4940
4049.1000 -0.5099 0.0004 4049.9000 0.0014 0.0020 4049.4000 0.5093 -0.0034
4049.5000 -0.3022 -0.5083 4049.5000 0.2908 -0.4970 4049.5000 -0.0032 0.4945
4050.1500 -1.5954 3.6328 4050.5500 -4.6096 -0.6770 4050.3500 3.0730 -4.3350
4051.1500 4.4859 2.1926 4051.5500 -4.4059 -2.6087 4051.3500 -1.7735 -4.0082
4052.1500 0.2232 -2.4065 4052.5500 -2.7255 -2.5519 4052.3500 4.7110 -0.6563
4053.1500 -1.1665 0.3883 4053.5500 0.9994 2.6784 4053.3500 0.0876 3.0535
4054.1500 -1.0427 -0.6238 4054.5500 -0.3996 -0.7143 4054.3500 2.8970 3.7169
4055.1500 3.3487 0.1388 4055.5500 -3.7205 4.1574 4055.3500 4.8094 -3.0546
4056.1500 4.0783 3.7799 4056.5500 -0.9262 4.6616 4056.3500 -3.0304 2.4196
4057.1500 3.8672 0.3021 4057.5500 0.0485 3.9003 4057.3500 2.5033 4.7572
4058.1500 1.9322 -4.2750 4058.5500 -4.3756 -3.7382 4058.3500 3.6467 -2.3574
4059.1000 -0.4940 -0.0091 4059.9000 -0.0084 0.0009 4059.4000 0.4990 -0.0041
4059.5000 -0.3090 -0.5047 4059.5000 0.2990 -0.4993 4059.5000 0.0022 0.5006
4060.1500 -0.0453 0.7337 4060.5500 3.4458 -4.9387 4060.3500 -4.2752 -3.4830
4061.1000 -0.5075 -0.0073 4061.9000 -0.0016 -0.0007 4061.4000 0.4970 -0.0098
4061.5000 -0.3055 -0.4922 4061.5000 0.2928 -0.4915 4061.5000 -0.0047 0.5032
4062.1500 -0.8626 3.2007 4062.5500 -3.7687 0.0944 4062.3500 1.9533 -4.7814
4063.1500 -3.6833 1.6161 4063.5500 -4.8623 -1.3635 4063.3500 3.5486 -1.6787
4064.1500 -2.3293 3.7692 4064.5500 2.8811 1.0512 4064.3500 0.5702 1.5647
4065.1500 4.5622 -0.8296 4065.5500 4.9752 0.1489 4065.3500 0.7688 1.8298
4066.1500 -3.4179 -2.2809 4066.5500 -2.9207 0.3049 4066.3500 4.5564 -0.1812
4067.1500 3.7552 -4.0575 4067.5500 -2.0715 1.7239 4067.3500 4.4816 4.6252
4068.1500 -0.8743 -2.4653 4068.5500 -3.0900 1.1975 4068.3500 0.4491 3.4041
4069.1500 2.1714 -2.7461 4069.5500 1.7643 -4.0887 4069.3500 -2.7929 3.0834
4070.1500 -0.6405 0.6039 4070.5500 3.3071 -0.4116 4070.3500 -1.9045 -2.6993
4071.1000 -0.5037 -0.0029 4071.9000 -0.0083 0.0070 4071.4000 0.4976 -0.0070
4071.5000 -0.2948 -0.4949 4071.5000 0.2986 -0.5038 4071.5000 -0.0085 0.5045
4072.1500 -4.2269 -2.3533 4072.5500 4.8108 -2.1935 4072.3500 -4.1912 -0.0948
4073.1500 -3.2663 1.9966 4073.5500 0.4392 3.8786 4073.3500 2.9048 3.9015
4074.1500 -2.2268 -0.7013 4074.5500 3.7827 -0.8359 4074.3500 -4.0546 -1.7157
4075.1500 0.5868 3.6478 4075.5500 1.5415 2.9885 4075.3500 -1.5174 4.4661
4076.1500 1.7904 0.9119 4076.5500 3.0175 2.7233 4076.3500 -1.0983 1.9289
4077.1500 -3.9133 -3.7293 4077.5500 -1.7320 2.4461 4077.3500 -3.5683 -2.2531
4078.1500 3.3184 1.4031 4078.5500 2.2246 -2.0338 4078.3500 1.2166 2.7450
4079.1500 3.6815 -3.4036 4079.5500 3.4309 -3.9905 4079.3500 3.1158 -2.7017
4080.1000 -0.5070 0.0051 4080.9000 0.0036 -0.0074 4080.4000 0.4940 0.0010
4080.5000 -0.2962 -0.4911 4080.5000 0.2988 -0.5088 4080.5000 -0.0100 0.4994
4081.1500 -2.2860 -2.9134 4081.5500 -1.9189 1.9673 4081.3500 -2.5303 3.0099
4082.1500 3.5285 4.6124 4082.5500 -1.9130 -3.1134 4082.3500 1.7835 4.5043
4083.1500 -4.8920 -0.0587 4083.5500 1.2985 -4.4377 4083.3500 -3.6491 4.0856
4084.1500 4.0482 3.9374 4084.5500 1.3603 4.2403 4084.3500 -0.6315 -2.2041
4085.1500 -0.5848 -2.8507 4085.5500 2.5485 3.7276 4085.3500 3.1991 -0.4348
4086.1500 4.5437 3.1799 4086.5500 0.2558 -3.1426 4086.3500 -2.3496 -4.2281
4087.1000 -0.5018 -0.0072 4087.9000 -0.0087 0.0099 4087.4000 0.5061 0.0095
4087.5000 -0.2946 -0.5013 4087.5000 0.2957 -0.4903 4087.5000 -0.0040 0.4993
4088.1500 -4.0118 0.9253 4088.5500 2.9361 -1.3774 4088.3500 3.3347 3.0948
4089.1500 -2.9491 4.4090 4089.5500 -0.9380 4.3186 4089.3500 -1.5202 2.5180
4090.1500 -3.9995 0.9042 4090.5500 -2.9994 -4.9058 4090.3500 0.6489 -4.8797
4091.1500 1.3048 1.3310 4091.5500 -1.7567 2.1026 4091.3500 -3.4030 1.5448
4092.1500 -0.8436 -1.3616 4092.5500 3.3667 3.8736 4092.3500 1.7792 4.5195
4093.1500 -4.5022 -1.8556 4093.5500 -4.7468 -0.0588 4093.3500 0.5640 2.3908
4094.1000 -0.4998 0.0042 4094.9000 -0.0048 0.0064 4094.4000 0.5040 -0.0024
4094.5000 -0.3045 -0.4956 4094.5000 0.3040 -0.5069 4094.5000 0.0064 0.5020
4095.1500 -4.5849 -4.3088 4095.5500 3.1328 -3.5416 4095.3500 -0.2590 2.3689
4096.1000 -0.5077 0.0039 4096.9000 0.0084 -0.0042 4096.4000 0.5074 -0.0084
4096.5000 -0.3067 -0.5021 4096.5000 0.3060 -0.4947 4096.5000 0.0098 0.5028
4097.1500 3.3903 -3.4797 4097.5500 4.7896 3.9345 4097.3500 3.8925 4.9642
4098.1500 -1.5157 1.6384 4098.5500 3.8686 4.6320 4098.3500 2.4471 -3.1653
4099.1500 4.2772 1.8780 4099.5500 -2.7226 -4.9237 4099.3500 -4.3679 3.4421
4100.1500 0.8450 0.4971 4100.5500 4.9287 -3.9799 4100.3500 -1.2305 -3.2135
4101.1500 4.2426 -4.3754 4101.5500 -1.9269 0.6315 4101.3500 -0.3217 2.6865
4102.1500 -3.1563 -4.2261 4102.5500 -0.6749 3.7763 4102.3500 4.7993 -0.0500
4103.1500 -2.9513 0.2273 4103.5500 0.7898 -4.2176 4103.3500 1.9961 -3.9749
4104.1000 -0.4965 0.0005 4104.9000 -0.0061 -0.0085 4104.4000 0.4917 0.0049
4104.5000 -0.2921 -0.5065 4104.5000 0.2943 -0.5084 4104.5000 0.0038 0.4968
4105.1000 -0.4961 -0.0041 4105.9000 0.0050 -0.0056 4105.4000 0.5015 0.0062
4105.5000 -0.3046 -0.4907 4105.5000 0.3040 -0.5097 4105.5000 -0.0077 0.5025
4106.1500 3.8937 1.6124 4106.5500 2.0861 -2.8897 4106.3500 4.0016 -0.8663
4107.1000 -0.5082 -0.0034 4107.9000 -0.0023 0.0083 4107.4000 0.5095 0.0063
4107.5000 -0.2942 -0.5081 4107.5000 0.3036 -0.4976 4107.5000 0.0039 0.5019
4108.1000 -0.5023 0.0078 4108.9000 0.0042 0.0025 4108.4000 0.5044 -0.0096
4108.5000 -0.2914 -0.4942 4108.5000 0.3037 -0.4980 4108.5000 0.0014 0.5050
4109.1500 0.4333 -4.0488 4109.5500 -3.2779 1.8585 4109.3500 3.7034 -4.7474
4110.1500 -1.6626 -2.4273 4110.5500 4.1831 0.3465 4110.3500 -0.7678 3.5569
4111.1000 -0.5019 0.0096 4111.9000 0.0094 -0.0035 4111.4000 0.5081 0.0003
4111.5000 -0.3031 -0.4992 4111.5000 0.2929 -0.4983 4111.5000 0.0041 0.4909
4112.1000 -0.5031 -0.0015 4112.9000 -0.0082 0.0093 4112.4000 0.5078 -0.0047
4112.5000 -0.2924 -0.5031 4112.5000 0.3048 -0.4909 4112.5000 -0.0042 0.4919
4113.1500 4.1538 4.1622 4113.5500 -2.7513 -3.2983 4113.3500 1.7713 -4.0947
4114.1500 3.9600 4.5925 4114.5500 -0.8601 2.1465 4114.3500 0.6880 2.2903
4115.1000 -0.5088 -0.0051 4115.9000 0.0097 -0.0038 4115.4000 0.4913 -0.0066
4115.5000 -0.3091 -0.5016 4115.5000 0.2956 -0.5021 4115.5000 0.0067 0.4960
4116.1500 1.1553 -3.6898 4116.5500 0.6370 4.9995 4116.3500 -1.5714 4.5434
4117.1500 0.6940 -1.1128 4117.5500 2.8883 1.2862 4117.3500 4.2988 3.2568
4118.1500 0.0818 4.6197 4118.5500 0.1387 2.6358 4118.3500 2.3961 2.7237
4119.1500 3.6344 -4.4659 4119.5500 2.8677 -3.3797 4119.3500 -4.0123 -0.4530
4120.1500 -2.5767 3.8254 4120.5500 -3.3720 -1.4123 4120.3500 -0.1818 -2.2513
4121.1500 1.0802 -0.8531 4121.5500 2.6427 1.2877 4121.3500 -4.1998 3.2045
4122.1500 -3.9701 4.4557 4122.5500 -3.0434 2.2096 4122.3500 1.7156 3.7357
4123.1500 -0.1120 4.3388 4123.5500 3.0350 4.1709 4123.3500 0.1761 1.6919
4124.1500 -0.6711 -0.9504 4124.5500 -4.0092 -0.0267 4124.3500 -3.6731 -0.2162
4125.1000 -0.4996 -0.0065 4125.9000 0.0097 -0.0096 4125.4000 0.5005 -0.0089
4125.5000 -0.2970 -0.5082 4125.5000 0.2997 -0.4983 4125.5000 -0.0051 0.5074
4126.1500 -4.6578 -4.7469 4126.5500 2.1537 -0.7205 4126.3500 1.5791 4.4004
4127.1000 -0.5030 0.0058 4127.9000 -0.0037 -0.0092 4127.4000 0.4924 -0.0067
4127.5000 -0.2930 -0.4985 4127.5000 0.3017 -0.4991 4127.5000 0.0033 0.5037
4128.1500 3.9037 -1.9467 4128.5500 -1.7280 -4.3695 4128.3500 2.6708 -2.3202
4129.1500 3.6379 3.4451 4129.5500 -2.3412 2.6249 4129.3500 -0.0734 -4.5687
4130.1500 -1.5289 2.6194 4130.5500 1.1364 -3.1869 4130.3500 4.9693 1.3014
4131.1500 -0.9525 -4.3477 4131.5500 -0.3318 -1.0389 4131.3500 2.2777 -2.6697
4132.1500 0.3195 1.8504 4132.5500 -2.0722 0.0011 4132.3500 4.1458 1.7250
4133.1500 -4.3733 -4.4554 4133.5500 -2.6289 -2.5609 4133.3500 0.5030 -3.7080
4134.1000 -0.5055 -0.0025 4134.9000 -0.0001 0.0027 4134.4000 0.5000 -0.0037
4134.5000 -0.2969 -0.5029 4134.5000 0.2973 -0.5048 4134.5000 -0.0034 0.4971
4135.1500 4.5138 -0.4155 4135.5500 4.3531 2.9230 4135.3500 4.1587 -3.8154
4136.1500 -1.2826 2.3744 4136.5500 4.6883 -4.7620 4136.3500 0.2910 0.2527
4137.1500 0.6573 -3.3604 4137.5500 4.3740 -3.8973 4137.3500 0.3176 0.7582
4138.1500 -0.4178 -0.1078 4138.5500 3.4234 1.6682 4138.3500 -0.3081 3.4555
4139.1500 -0.9308 -0.1962 4139.5500 0.6623 2.5515 4139.3500 -0.3570 4.8852
4140.1500 -4.3092 3.9172 4140.5500 2.1104 -3.0854 4140.3500 0.0362 4.3736
4141.1500 4.2915 -4.4758 4141.5500 0.5463 4.0732 4141.3500 -3.6376 2.2339
4142.1500 -4.3264 0.2491 4142.5500 -3.7954 0.1898 4142.3500 -1.5713 -4.6723
4143.1500 -1.0404 -4.8868 4143.5500 -1.3291 3.6448 4143.3500 1.3392 -2.5801
4144.1000 -0.4936 0.0009 4144.9000 0.0052 -0.0075 4144.4000 0.5077 0.0082
4144.5000 -0.2965 -0.4983 4144.5000 0.3099 -0.5096 4144.5000 -0.0055 0.4990
4145.1500 3.8831 -0.0979 4145.5500 0.5830 -1.6920 4145.3500 1.0784 4.1966
4146.1500 3.4025 0.3403 4146.5500 -0.4920 -3.0709 4146.3500 3.1429 4.9860
4147.1500 1.8646 3.7386 4147.5500 -0.0308 2.6536 4147.3500 -0.5261 -1.1677
4148.1500 -2.8782 3.9920 4148.5500 0.7398 -4.8490 4148.3500 1.3276 1.0876
4149.1500 3.1911 -1.7646 4149.5500 0.9617 -0.4914 4149.3500 2.0830 1.5025
4150.1000 -0.4963 -0.0030 4150.9000 0.0035 -0.0095 4150.4000 0.5043 0.0037
4150.5000 -0.2901 -0.4936 4150.5000 0.3062 -0.4956 4150.5000 0.0079 0.4963
4151.1000 -0.5080 0.0080 4151.9000 -0.0081 -0.0058 4151.4000 0.4904 -0.0080
4151.5000 -0.3000 -0.4939 4151.5000 0.3074 -0.5058 4151.5000 0.0070 0.5049
4152.1000 -0.4969 0.0037 4152.9000 0.0040 -0.0004 4152.4000 0.5036 -0.0082
4152.5000 -0.2966 -0.4979 4152.5000 0.2919 -0.5051 4152.5000 -0.0056 0.5000
4153.1500 4.5918 1.1422 4153.5500 -4.6788 -3.3904 4153.3500 -4.6581 3.7269
4154.1500 -4.8204 0.2653 4154.5500 -2.8273 -3.4050 4154.3500 0.4615 -0.1171
4155.1500 -3.7716 3.0148 4155.5500 4.7460 -0.5710 4155.3500 4.9779 -0.8427
4156.1500 -1.5224 1.0923 4156.5500 -3.9265 -4.9507 4156.3500 -0.9369 -3.3680
4157.1500 1.6514 1.7080 4157.5500 -0.5517 0.9060 4157.3500 -0.6512 1.6669
4158.1500 3.2379 -1.9915 4158.5500 1.7149 4.8539 4158.3500 2.4066 4.6384
4159.1500 1.8813 -2.0005 4159.5500 2.5412 -0.7943 4159.3500 3.5130 0.1792
4160.1000 -0.5033 -0.0047 4160.9000 -0.0024 -0.0058 4160.4000 0.5067 0.0083
4160.5000 -0.2959 -0.5015 4160.5000 0.2911 -0.5081 4160.5000 -0.0027 0.5040
4161.1500 -0.8081 0.7137 4161.5500 -4.4263 -2.5459 4161.3500 1.9982 4.0462
4162.1000 -0.4948 -0.0084 4162.9000 -0.0050 -0.0049 4162.4000 0.5005 -0.0073
4162.5000 -0.3013 -0.5043 4162.5000 0.3079 -0.4995 4162.5000 0.0031 0.4904
4163.1500 -0.1935 -0.7349 4163.5500 3.8795 -4.6154 4163.3500 -3.6006 -0.7564
4164.1500 1.2867 0.7176 4164.5500 -0.8924 3.4740 4164.3500 -1.0996 2.4630
4165.1500 2.0359 2.2931 4165.5500 3.0524 1.9178 4165.3500 0.7952 -3.0203
4166.1500 -3.5712 2.3245 4166.5500 4.2910 4.9129 4166.3500 -4.1856 -3.6036
4167.1500 0.7092 -4.2680 4167.5500 -2.2561 1.4682 4167.3500 -3.6259 -2.4634
4168.1500 4.7453 4.1795 4168.5500 -3.8367 3.1586 4168.3500 -2.9257 2.7938
4169.1500 2.1591 4.8690 4169.5500 -4.7839 4.4847 4169.3500 -1.0779 -1.6223
4170.1500 -3.3652 -2.5758 4170.5500 2.7322 -4.1774 4170.3500 -0.5529 -1.1610
4171.1500 -2.9731 -4.3334 4171.5500 2.3918 -2.1868 4171.3500 2.1759 -2.6989
4172.1500 -1.2352 2.6359 4172.5500 -3.9104 -1.0973 4172.3500 4.1523 -2.4436
4173.1500 0.4847 -0.0173 4173.5500 0.3412 -3.7478 4173.3500 1.1840 -4.8393
4174.1500 -4.4165 3.0873 4174.5500 -1.4137 -1.3370 4174.3500 2.0648 1.1631
4175.1500 1.2106 3.6545 4175.5500 1.8098 -1.2993 4175.3500 4.9723 -4.1437
4176.1500 -2.8689 -4.2308 4176.5500 -1.9451 -4.6899 4176.3500 -2.0198 4.9827
4177.1500 2.5208 0.6239 4177.5500 0.7198 3.0169 4177.3500 -2.7036 -3.4293
4178.1500 -0.4512 -1.2647 4178.5500 -4.3919 4.7628 4178.3500 -2.6418 3.4943
4179.1500 -2.1086 1.6859 4179.5500 1.1457 -0.4016 4179.3500 -4.9460 -0.6208
4180.1500 -3.2360 4.3858 4180.5500 2.2949 0.5782 4180.3500 2.0837 -2.4340
4181.1500 3.6435 3.4194 4181.5500 3.5529 -4.0206 4181.3500 -4.9432 0.9461
4182.1500 -0.5074 0.7104 4182.5500 1.1086 0.1527 4182.3500 -4.4327 1.0542
4183.1500 3.7662 1.9849 4183.5500 0.3733 2.1938 4183.3500 0.6003 2.9649
4184.1500 -3.5007 -0.1271 4184.5500 3.4800 4.6391 4184.3500 3.5988 0.5177
4185.1500 -3.5023 2.8827 4185.5500 3.6992 -4.0861 4185.3500 3.1532 2.5495
4186.1500 -0.6491 -1.7006 4186.5500 -4.7232 -2.3514 4186.3500 -2.6839 3.9214
4187.1500 3.7368 3.1039 4187.5500 0.4853 -0.6142 4187.3500 -4.7730 3.1977
4188.1500 1.3563 4.1832 4188.5500 2.4701 1.9140 4188.3500 -2.0404 -4.9639
4189.1500 1.5863 -0.1411 4189.5500 3.4218 3.1282 4189.3500 -1.9054 2.8977
4190.1500 1.9512 -2.6198 4190.5500 -1.4709 2.9404 4190.3500 -2.7481 -1.4654
4191.1500 3.2665 -4.4010 4191.5500 1.6248 0.6422 4191.3500 3.7894 -0.4009
4192.1500 1.7111 4.3906 4192.5500 4.2830 -0.1682 4192.3500 2.3175 0.7068
4193.1500 -3.8380 2.4101 4193.5500 -4.3363 -0.2188 4193.3500 2.8270 -1.7741
4194.1000 -0.5030 0.0088 4194.9000 -0.0004 0.0094 4194.4000 0.5081 -0.0030
4194.5000 -0.3092 -0.4999 4194.5000 0.3000 -0.5079 4194.5000 0.0062 0.5054
4195.1500 -4.8027 1.2543 4195.5500 1.9400 2.1301 4195.3500 4.7208 1.8663
4196.1500 0.3674 1.9853 4196.5500 4.7095 -0.2469 4196.3500 -4.9441 -1.5545
4197.1500 -4.2736 4.5331 4197.5500 1.1236 3.5290 4197.3500 1.4469 -1.1880
4198.1500 -0.3304 3.6232 4198.5500 2.0648 0.8334 4198.3500 2.9398 -1.5687
4199.1500 -3.0513 -0.7729 4199.5500 3.8392 0.8548 4199.3500 -0.9842 -4.1887
4200.1500 -1.8990 -3.6617 4200.5500 2.0730 -1.1363 4200.3500 -0.9818 -3.1193
4201.1500 -4.3187 -4.6797 4201.5500 -1.8045 0.9305 4201.3500 -1.9090 -2.0702
4202.1000 -0.4975 0.0093 4202.9000 -0.0090 0.0024 4202.4000 0.5050 0.0080
4202.5000 -0.2988 -0.5023 4202.5000 0.2941 -0.4951 4202.5000 -0.0074 0.5074
4203.1000 -0.4904 0.0093 4203.9000 -0.0055 0.0055 4203.4000 0.5049 0.0077
4203.5000 -0.3098 -0.4949 4203.5000 0.2993 -0.4926 4203.5000 0.0049 0.4921
4204.1500 -4.9167 -2.4664 4204.5500 -4.6885 -1.3760 4204.3500 1.5495 4.9518
4205.1500 0.4655 2.5730 4205.5500 3.2583 -1.9856 4205.3500 -2.6082 3.0797
4206.1500 -3.4409 -3.6547 4206.5500 2.5052 2.0793 4206.3500 2.4581 -0.2381
4207.1500 -4.3043 1.6389 4207.5500 4.7618 3.7595 4207.3500 -1.0237 -0.8806
4208.1000 -0.4994 0.0096 4208.9000 0.0089 -0.0043 4208.4000 0.5000 0.0015
4208.5000 -0.2997 -0.5082 4208.5000 0.3085 -0.5059 4208.5000 -0.0069 0.4994
4209.1500 -4.9226 0.6587 4209.5500 -3.9854 -3.8431 4209.3500 -4.6043 0.5393
4210.1500 3.9519 -2.2417 4210.5500 -2.5953 -4.7270 4210.3500 2.5592 -0.9300
4211.1000 -0.5072 0.0036 4211.9000 -0.0021 0.0077 4211.4000 0.5048 -0.0086
4211.5000 -0.2967 -0.5080 4211.5000 0.2942 -0.5015 4211.5000 0.0033 0.5099
4212.1000 -0.5024 -0.0090 4212.9000 -0.0097 -0.0036 4212.4000 0.5091 0.0023
4212.5000 -0.2994 -0.5033 4212.5000 0.2939 -0.5030 4212.5000 0.0013 0.4985
4213.1500 -2.5497 -2.7348 4213.5500 -0.0292 4.8303 4213.3500 -2.8536 3.6980
4214.1500 -1.8463 3.7500 4214.5500 -1.1850 4.2772 4214.3500 1.6867 -2.2689
4215.1500 -0.3739 -0.0409 4215.5500 -4.7630 -2.4012 4215.3500 4.6318 -0.7368
4216.1500 4.1320 -2.8233 4216.5500 -3.0266 2.9466 4216.3500 4.6575 0.4144
4217.1500 1.3554 3.0772 4217.5500 -1.2715 -0.1559 4217.3500 -1.3208 1.7274
4218.1000 -0.4905 0.0055 4218.9000 0.0048 0.0044 4218.4000 0.4935 -0.0044
4218.5000 -0.3072 -0.4993 4218.5000 0.3074 -0.5024 4218.5000 0.0022 0.5017
4219.1500 -3.7941 0.4111 4219.5500 4.6042 4.4038 4219.3500 -2.8472 1.3935
4220.1500 -2.2019 -1.0258 4220.5500 2.6220 -0.4741 4220.3500 -1.8310 -0.1957
4221.1500 -3.1747 -4.1819 4221.5500 -4.7184 2.8992 4221.3500 -0.8765 4.3553
4222.1500 4.6105 2.6977 4222.5500 3.7126 4.1628 4222.3500 1.4921 -4.4382
4223.1500 -4.3961 4.2086 4223.5500 1.2706 3.1100 4223.3500 -0.4817 -4.7794
4224.1500 1.8633 -3.0986 4224.5500 1.0956 -4.4620 4224.3500 2.6076 0.0063
4225.1500 -4.5372 1.8732 4225.5500 -1.7472 1.9783 4225.3500 -2.1737 0.1489
4226.1000 -0.5038 -0.0055 4226.9000 0.0015 -0.0071 4226.4000 0.4976 -0.0005
4226.5000 -0.3079 -0.4996 4226.5000 0.2970 -0.5076 4226.5000 0.0075 0.5050
4227.1500 -2.1675 -2.5101 4227.5500 -4.8978 4.4829 4227.3500 -0.4936 4.3774
4228.1500 1.2829 -3.1992 4228.5500 -3.7648 1.1582 4228.3500 -0.4341 -0.2289
4229.1500 -2.5286 3.3233 4229.5500 1.8812 3.9796 4229.3500 -2.2575 3.1801
4230.1500 -0.5771 1.7618 4230.5500 3.6112 -3.4517 4230.3500 -2.0823 2.2933
4231.1500 4.4073 -3.5499 4231.5500 0.3452 -2.5516 4231.3500 -1.8831 4.8481
4232.1000 -0.4951 -0.0025 4232.9000 -0.0086 -0.0094 4232.4000 0.4965 0.0039
4232.5000 -0.3000 -0.4992 4232.5000 0.2937 -0.5100 4232.5000 -0.0083 0.4966
4233.1500 -3.5651 -0.4838 4233.5500 3.0497 0.2986 4233.3500 3.7104 1.0274
4234.1500 -4.7447 -1.1947 4234.5500 1.0416 -2.2634 4234.3500 0.9684 2.8294
4235.1500 -3.2907 4.5806 4235.5500 -2.1455 4.5250 4235.3500 -2.8769 -2.4034
4236.1500 -2.9492 1.3686 4236.5500 -2.2846 -0.3276 4236.3500 2.0589 -2.6744
4237.1500 2.2275 2.5051 4237.5500 0.8015 -4.1539 4237.3500 2.0623 -4.4703
4238.1000 -0.4918 0.0017 4238.9000 0.0045 0.0099 4238.4000 0.4928 0.0083
4238.5000 -0.2913 -0.4955 4238.5000 0.3064 -0.5063 4238.5000 -0.0076 0.4945
4239.1000 -0.5040 0.0022 4239.9000 0.0080 0.0015 4239.4000 0.4997 0.0096
4239.5000 -0.2993 -0.5016 4239.5000 0.3065 -0.5081 4239.5000 -0.0094 0.5021
4240.1500 4.2803 2.9669 4240.5500 -4.3958 0.8200 4240.3500 3.6764 -4.2705
4241.1500 3.2022 -0.3991 4241.5500 -1.9840 4.8563 4241.3500 -0.5984 -1.8831
4242.1500 -2.5217 -0.8014 4242.5500 -0.4390 4.6060 4242.3500 -2.3504 3.8884
4243.1500 -1.2773 -4.4915 4243.5500 -1.2827 -1.7312 4243.3500 -1.5628 0.2676
4244.1500 2.6046 -1.2661 4244.5500 -0.0009 4.6921 4244.3500 -1.5952 3.2197
4245.1500 -0.0266 1.0647 4245.5500 2.0509 -1.4128 4245.3500 3.6422 0.7537
4246.1500 -2.8482 -4.5140 4246.5500 -1.6200 2.8099 4246.3500 4.6722 -0.8273
4247.1500 -3.2242 -3.8174 4247.5500 0.2481 -3.6843 4247.3500 3.4557 3.1064
4248.1500 -0.5950 1.1181 4248.5500 3.2758 1.3743 4248.3500 -4.1688 -1.5526
4249.1500 0.0879 2.4063 4249.5500 1.0316 -4.1810 4249.3500 4.0624 2.3097
4250.1000 -0.4999 -0.0047 4250.9000 0.0052 0.0030 4250.4000 0.5074 0.0060
4250.5000 -0.2952 -0.4990 4250.5000 0.2979 -0.5048 4250.5000 -0.0038 0.4961
4251.1000 -0.4966 -0.0009 4251.9000 -0.0032 0.0013 4251.4000 0.5016 -0.0084
4251.5000 -0.2974 -0.4986 4251.5000 0.3085 -0.4951 4251.5000 -0.0056 0.5100
4252.1500 3.6809 -0.6692 4252.5500 -1.0932 3.8111 4252.3500 -3.2973 -4.5083
4253.1500 1.4801 2.8202 4253.5500 1.6151 -4.7883 4253.3500 -1.3266 3.3155
4254.1500 1.7293 -0.5675 4254.5500 -3.3754 -3.3958 4254.3500 -1.4143 -3.2376
4255.1500 4.3061 -4.7662 4255.5500 4.1822 3.9991 4255.3500 1.0180 -2.5002
4256.1500 -1.8581 -2.5172 4256.5500 0.3224 4.9463 4256.3500 3.8896 -1.3226
4257.1500 -3.6240 -0.0177 4257.5500 -3.6264 3.2381 4257.3500 -1.0665 -1.1600
4258.1500 1.1909 3.7952 4258.5500 3.2917 -4.8157 4258.3500 -0.0120 -3.0720
4259.1500 4.3969 -2.3984 4259.5500 4.1171 3.7515 4259.3500 4.1068 1.9160
4260.1500 4.5436 3.6363 4260.5500 1.5676 -0.7845 4260.3500 -1.7624 -0.5031
4261.1500 -2.6110 4.8373 4261.5500 -2.1923 1.7040 4261.3500 -4.6947 1.5475
4262.1500 -3.1051 -3.6240 4262.5500 -3.0978 2.5996 4262.3500 4.8805 -2.7891
4263.1500 -0.2559 -1.8098 4263.5500 -0.0667 -3.8500 4263.3500 -2.9122 -0.0713
4264.1500 1.0651 -3.9130 4264.5500 3.1543 -2.9199 4264.3500 3.1003 3.4030
4265.1500 -4.2532 0.6299 4265.5500 -1.5567 2.4084 4265.3500 3.6153 -3.9710
4266.1500 1.4209 2.9853 4266.5500 3.5715 -4.2381 4266.3500 -3.1892 -4.5576
4267.1500 1.8923 2.8919 4267.5500 2.8935 0.7483 4267.3500 -3.3464 4.5500
4268.1500 -3.8282 -2.4330 4268.5500 -0.6333 -0.3326 4268.3500 -2.4888 -1.7869
4269.1500 1.6249 3.9783 4269.5500 1.3559 0.1864 4269.3500 1.9877 -0.6540
4270.1000 -0.5076 -0.0092 4270.9000 0.0056 -0.0063 4270.4000 0.4927 0.0049
4270.5000 -0.2902 -0.4997 4270.5000 0.3006 -0.5054 4270.5000 -0.0052 0.5066
4271.1500 -2.6029 4.2148 4271.5500 3.9633 3.8170 4271.3500 3.1553 -3.6851
4272.1500 -4.7797 -4.4257 4272.5500 -1.1023 -1.8524 4272.3500 4.8562 4.4999
4273.1500 2.8550 3.7668 4273.5500 0.6818 3.6027 4273.3500 -3.5677 3.0917
4274.1500 -2.3981 -2.9552 4274.5500 -2.0257 2.0812 4274.3500 -2.8793 0.8354
4275.1500 -1.9548 0.3799 4275.5500 4.3404 -1.1437 4275.3500 -3.2269 2.2779
4276.1500 0.8122 1.4154 4276.5500 2.4902 -4.3571 4276.3500 -4.4745 1.1547
4277.1500 4.0453 -1.8740 4277.5500 -0.5936 2.8867 4277.3500 -2.9072 -3.9963
4278.1500 -2.0351 3.8986 4278.5500 4.3311 4.4381 4278.3500 -4.6828 -3.3232
4279.1500 -2.9489 2.5044 4279.5500 -3.6684 1.4150 4279.3500 -1.1594 -4.4892
4280.1500 -4.5642 -1.5706 4280.5500 0.7946 2.4332 4280.3500 -4.5551 -2.3714
4281.1000 -0.5041 -0.0082 4281.9000 -0.0078 -0.0068 4281.4000 0.5100 -0.0092
4281.5000 -0.3048 -0.4953 4281.5000 0.3015 -0.4907 4281.5000 -0.0068 0.4961
4282.1500 -3.7995 -4.4357 4282.5500 3.1706 -1.7197 4282.3500 4.1273 -4.5281
4283.1500 0.5069 -4.9577 4283.5500 0.3069 3.7723 4283.3500 -1.0007 -4.2870
4284.1500 -4.8613 1.9054 4284.5500 -1.8043 -1.5495 4284.3500 -0.7824 -1.0134
4285.1000 -0.5047 -0.0047 4285.9000 0.0053 -0.0011 4285.4000 0.4955 -0.0096
4285.5000 -0.3086 -0.4953 4285.5000 0.3046 -0.4932 4285.5000 -0.0018 0.4961
4286.1500 -0.5360 2.5440 4286.5500 -2.4366 -3.3629 4286.3500 2.0361 2.1081
4287.1500 -1.9875 -1.9819 4287.5500 1.8569 4.0948 4287.3500 0.4580 -3.6382
4288.1500 -2.1798 -4.1891 4288.5500 -1.0989 -2.7854 4288.3500 0.5396 2.4085
4289.1500 3.1364 3.5708 4289.5500 4.0448 2.4400 4289.3500 3.5574 -1.1120
4290.1000 -0.5074 -0.0081 4290.9000 -0.0055 -0.0081 4290.4000 0.5096 0.0060
4290.5000 -0.2901 -0.5061 4290.5000 0.3056 -0.5064 4290.5000 -0.0065 0.4976
4291.1500 -4.6505 0.3479 4291.5500 0.5792 2.0383 4291.3500 2.0951 3.9212
4292.1500 -3.1455 -4.9216 4292.5500 0.1821 -4.4526 4292.3500 2.9184 -3.4281
4293.1500 -0.1867 -3.4214 4293.5500 -0.8611 0.9598 4293.3500 1.2438 3.8741
4294.1500 1.5957 4.7868 4294.5500 -4.1263 4.1742 4294.3500 1.5548 -0.7458
4295.1500 -0.3695 1.5538 4295.5500 2.0123 0.7225 4295.3500 0.1121 3.1435
4296.1500 0.4995 2.2068 4296.5500 3.0894 -2.1293 4296.3500 2.6253 -3.2761
4297.1500 -2.4173 4.6610 4297.5500 -0.1092 2.7664 4297.3500 -4.2488 0.7139
4298.1500 -1.2208 0.0644 4298.5500 -0.9017 4.6761 4298.3500 3.3659 -3.1203
4299.1500 -3.9912 4.7778 4299.5500 -1.9348 0.1317 4299.3500 -3.3169 0.1199
4300.1500 -1.4024 -1.6888 4300.5500 -0.8431 -4.7000 4300.3500 3.9667 -2.8470
4301.1500 -3.8601 -3.8059 4301.5500 -3.6366 1.0558 4301.3500 0.0296 -1.3831
4302.1500 0.0437 -4.9913 4302.5500 -4.0940 3.4059 4302.3500 -2.5144 -3.2204
4303.1000 -0.4936 -0.0099 4303.9000 -0.0012 0.0044 4303.4000 0.4952 -0.0098
4303.5000 -0.3050 -0.5012 4303.5000 0.3006 -0.4927 4303.5000 -0.0049 0.5010
4304.1500 4.4354 2.2997 4304.5500 -1.9506 1.9072 4304.3500 4.2645 0.1019
4305.1500 3.0485 -0.9259 4305.5500 0.7583 -2.7243 4305.3500 -4.6839 2.7455
4306.1500 3.4968 -3.4929 4306.5500 -3.8801 1.8719 4306.3500 0.9868 0.5642
4307.1500 -1.0567 -1.0849 4307.5500 -2.7754 -2.3656 4307.3500 -4.8640 -0.6716
4308.1500 0.6006 2.8640 4308.5500 0.8766 0.6417 4308.3500 1.0135 -1.2562
4309.1000 -0.4988 -0.0044 4309.9000 0.0030 0.0077 4309.4000 0.5083 -0.0024
4309.5000 -0.2958 -0.5075 4309.5000 0.3028 -0.5093 4309.5000 -0.0065 0.5054
4310.1500 4.0875 2.6730 4310.5500 4.6266 2.2200 4310.3500 -2.1907 2.9772
4311.1500 -0.1793 2.3470 4311.5500 -4.1610 -4.0965 4311.3500 4.2622 0.9541
4312.1500 -0.1324 0.3069 4312.5500 0.0898 -1.5122 4312.3500 1.8533 -4.5164
4313.1500 -4.3489 2.5586 4313.5500 1.3599 -1.1138 4313.3500 -4.5262 -1.6059
4314.1500 -1.8339 1.7590 4314.5500 -2.5370 -2.8957 4314.3500 1.3402 -3.7571
4315.1000 -0.5061 -0.0050 4315.9000 -0.0076 -0.0069 4315.4000 0.5087 0.0013
4315.5000 -0.3072 -0.4909 4315.5000 0.2967 -0.5007 4315.5000 0.0006 0.5047
4316.1000 -0.5017 0.0020 4316.9000 -0.0008 0.0052 4316.4000 0.4955 -0.0073
4316.5000 -0.3082 -0.5002 4316.5000 0.3078 -0.5088 4316.5000 0.0014 0.4908
4317.1500 1.2474 4.1761 4317.5500 3.2872 -3.1174 4317.3500 -1.7200 2.1612
4318.1500 0.5428 2.3315 4318.5500 3.9237 -3.4764 4318.3500 1.0183 0.7731
4319.1500 -0.8991 0.7396 4319.5500 0.1128 0.5342 4319.3500 4.0456 -0.4567
4320.1500 1.8211 -0.1114 4320.5500 0.3903 -4.1040 4320.3500 -1.3003 -1.3352
4321.1500 4.8137 -3.6114 4321.5500 3.5144 3.1930 4321.3500 4.3625 -1.7622
4322.1500 -1.6954 0.4174 4322.5500 -0.2618 0.7266 4322.3500 0.3974 -1.9668
4323.1500 -0.0247 -0.7687 4323.5500 -4.8014 2.8837 4323.3500 1.1415 0.9023
4324.1500 -3.3503 3.6328 4324.5500 2.2674 3.9383 4324.3500 1.9216 -1.4330
4325.1500 0.2527 -0.3642 4325.5500 3.2068 4.7855 4325.3500 3.4064 -0.0750
4326.1500 -3.0772 -2.5857 4326.5500 -2.6701 -1.3723 4326.3500 2.2709 -3.7794
4327.1500 -3.4105 1.3118 4327.5500 -2.3090 3.3949 4327.3500 -0.6505 -0.6776
4328.1500 3.7516 -4.5064 4328.5500 0.5039 -4.3454 4328.3500 -4.2123 -1.6968
4329.1500 4.5514 -2.4406 4329.5500 1.5388 0.2637 4329.3500 3.6641 3.1818
4330.1000 -0.4942 0.0016 4330.9000 -0.0056 -0.0049 4330.4000 0.4988 -0.0014
4330.5000 -0.2973 -0.4932 4330.5000 0.3098 -0.4933 4330.5000 -0.0035 0.5018
4331.1500 0.1946 3.9784 4331.5500 0.2915 -4.7723 4331.3500 2.5713 4.2183
4332.1500 0.8734 0.7871 4332.5500 4.8821 -1.8113 4332.3500 -3.7439 4.8275
4333.1500 -0.3138 -2.7909 4333.5500 -1.7619 -0.6080 4333.3500 4.3433 -2.0318
4334.1500 -0.9319 2.8504 4334.5500 -0.0815 -4.6134 4334.3500 -1.9957 -0.2754
4335.1500 -4.5827 -3.3471 4335.5500 3.7850 -1.8595 4335.3500 1.7808 -4.5925
4336.1500 1.0239 -3.1965 4336.5500 -2.9614 -3.8067 4336.3500 1.2095 4.3864
4337.1500 -2.6293 -3.3634 4337.5500 -1.0322 -0.3929 4337.3500 -1.1898 -0.1885
4338.1500 2.5265 2.5486 4338.5500 1.7198 -3.8718 4338.3500 -2.1954 1.0258
4339.1500 2.5136 0.4493 4339.5500 -3.8595 -1.9894 4339.3500 -0.5696 -3.8716
4340.1500 3.4879 2.8548 4340.5500 3.2998 1.7235 4340.3500 -1.2974 -3.3412
4341.1500 -0.3195 -0.2872 4341.5500 -4.0117 1.9930 4341.3500 3.8980 -1.7144
4342.1000 -0.4981 -0.0034 4342.9000 0.0019 -0.0049 4342.4000 0.4903 0.0074
4342.5000 -0.3097 -0.5060 4342.5000 0.2912 -0.4920 4342.5000 0.0016 0.5059
4343.1500 -3.1629 4.9801 4343.5500 -3.6519 -0.5840 4343.3500 2.4488 -4.7755
4344.1000 -0.5018 -0.0027 4344.9000 -0.0037 -0.0076 4344.4000 0.4952 0.0042
4344.5000 -0.3030 -0.5053 4344.5000 0.2912 -0.5060 4344.5000 -0.0076 0.4988
4345.1000 -0.5085 0.0002 4345.9000 0.0022 -0.0016 4345.4000 0.4985 0.0019
4345.5000 -0.2982 -0.4908 4345.5000 0.2983 -0.5045 4345.5000 0.0007 0.5004
4346.1500 0.5340 0.7508 4346.5500 2.7387 -0.8946 4346.3500 4.9782 -3.2306
4347.1500 -4.9106 3.0270 4347.5500 4.9095 -2.2552 4347.3500 -4.8996 3.2308
4348.1500 -2.3896 4.7454 4348.5500 -0.8328 -4.1648 4348.3500 -0.7744 -2.5248
4349.1500 -0.5125 2.4700 4349.5500 -4.2972 2.7540 4349.3500 1.2026 -0.6908
4350.1500 3.4216 -4.8051 4350.5500 2.1639 0.1623 4350.3500 -1.9392 -0.8769
4351.1500 -2.7312 2.2873 4351.5500 -4.5814 3.9565 4351.3500 -0.4564 -1.0315
4352.1500 -2.0965 -2.1088 4352.5500 2.7687 -2.2099 4352.3500 4.8239 -4.4556
4353.1500 3.7434 0.1264 4353.5500 2.7867 -1.0532 4353.3500 -4.3122 1.6131
4354.1500 2.2359 0.2723 4354.5500 -1.8090 1.0826 4354.3500 0.3135 -4.4209
4355.1500 -3.7156 -0.9041 4355.5500 2.5306 0.3591 4355.3500 1.9128 -3.1427
4356.1500 -1.7169 -3.5961 4356.5500 -1.4114 -1.1966 4356.3500 4.4222 -2.4191
4357.1000 -0.5087 0.0040 4357.9000 0.0073 -0.0025 4357.4000 0.4982 0.0087
4357.5000 -0.2958 -0.5009 4357.5000 0.3042 -0.5003 4357.5000 0.0060 0.5078
4358.1500 -0.3844 3.3249 4358.5500 -2.3230 -0.1331 4358.3500 -0.9688 4.0258
4359.1500 0.5928 4.5808 4359.5500 -1.9522 1.3638 4359.3500 -4.0335 2.7648
4360.1500 -0.6973 4.7008 4360.5500 1.0825 3.9577 4360.3500 -2.3306 1.6218
4361.1500 1.2959 -4.1312 4361.5500 3.1711 0.6029 4361.3500 0.7143 4.9453
4362.1500 -1.3119 -0.4196 4362.5500 -2.8950 -3.1868 4362.3500 -1.0230 -0.9086
4363.1500 4.4490 -1.3075 4363.5500 4.1563 2.4101 4363.3500 1.5735 2.8532
4364.1500 2.6504 4.6706 4364.5500 -1.1185 -4.4943 4364.3500 -3.3301 3.6482
4365.1500 -0.5585 -1.0901 4365.5500 -4.7717 1.4773 4365.3500 -4.8060 -4.8301
4366.1500 -1.8943 1.0472 4366.5500 4.9115 -2.9528 4366.3500 4.5658 -0.2130
4367.1500 0.2420 2.5512 4367.5500 -2.5155 4.0234 4367.3500 1.8683 2.1159
4368.1500 -4.3831 -4.3104 4368.5500 0.0460 0.4428 4368.3500 -2.7411 -2.7120
4369.1500 -1.8373 0.0729 4369.5500 1.4938 -3.3020 4369.3500 -2.9169 -3.3536
4370.1500 3.6204 1.6846 4370.5500 -1.0861 -2.6219 4370.3500 -3.6600 -0.4427
4371.1500 -4.0126 3.5715 4371.5500 1.0568 0.0068 4371.3500 -2.7772 1.4474
4372.1500 3.3501 3.5483 4372.5500 4.0762 -3.0564 4372.3500 -2.2965 2.6123
4373.1500 1.2876 1.1247 4373.5500 2.7243 -0.3448 4373.3500 -0.1268 0.6510
4374.1500 4.1662 -3.2033 4374.5500 -4.4080 -1.3357 4374.3500 -2.2434 2.1751
4375.1500 2.8252 -0.9368 4375.5500 -4.2690 -3.3873 4375.3500 -2.0849 -0.6970
4376.1500 -4.7664 -1.9411 4376.5500 -4.3377 0.8594 4376.3500 1.7590 1.6884
4377.1500 -3.0133 1.7526 4377.5500 -0.9797 0.8545 4377.3500 3.5317 0.9627
4378.1500 -1.8312 -2.8296 4378.5500 -4.4579 -0.8284 4378.3500 3.3885 0.5649
4379.1500 3.0596 -3.8146 4379.5500 -2.6036 -1.8137 4379.3500 4.1728 2.9162
4380.1000 -0.5085 -0.0056 4380.9000 0.0084 -0.0028 4380.4000 0.5055 0.0017
4380.5000 -0.2905 -0.4919 4380.5000 0.3002 -0.4990 4380.5000 0.0063 0.5095
4381.1000 -0.4928 0.0039 4381.9000 -0.0058 -0.0075 4381.4000 0.4909 -0.0035
4381.5000 -0.3022 -0.4982 4381.5000 0.3070 -0.4972 4381.5000 -0.0008 0.5040
4382.1500 1.2539 4.7778 4382.5500 -4.9387 1.2137 4382.3500 -3.0842 0.2532
4383.1000 -0.4923 0.0081 4383.9000 -0.0023 -0.0091 4383.4000 0.5041 0.0013
4383.5000 -0.2902 -0.4942 4383.5000 0.3068 -0.4971 4383.5000 0.0062 0.5094
4384.1500 2.2874 -1.0417 4384.5500 4.2708 1.5913 4384.3500 4.3795 -0.3409
4385.1000 -0.4943 -0.0008 4385.9000 -0.0053 0.0043 4385.4000 0.4927 0.0056
4385.5000 -0.3039 -0.4930 4385.5000 0.2925 -0.4944 4385.5000 0.0050 0.4924
4386.1500 1.2392 -2.8781 4386.5500 0.1468 -4.0112 4386.3500 -2.7501 0.0207
4387.1500 2.1449 1.4928 4387.5500 -1.8763 -2.9637 4387.3500 3.2395 3.4103
4388.1500 -0.5209 -2.5232 4388.5500 -4.7550 -2.3252 4388.3500 -2.5329 1.6536
4389.1500 0.4303 -4.6814 4389.5500 0.5847 -0.9855 4389.3500 1.7957 1.2423
4390.1500 4.6770 3.1963 4390.5500 0.4862 4.0021 4390.3500 -1.0178 -1.4056
4391.1500 0.3238 0.0674 4391.5500 1.2252 -3.4283 4391.3500 -0.5180 -4.3194
4392.1000 -0.4927 0.0046 4392.9000 0.0002 -0.0052 4392.4000 0.4984 -0.0049
4392.5000 -0.3089 -0.5058 4392.5000 0.3090 -0.5019 4392.5000 -0.0067 0.4902
4393.1500 3.8816 4.2958 4393.5500 2.5698 4.9478 4393.3500 4.4995 2.6879
4394.1500 -0.7135 1.3742 4394.5500 0.6148 -3.5054 4394.3500 4.7755 -1.4842
4395.1000 -0.5098 0.0096 4395.9000 0.0039 0.0056 4395.4000 0.4927 0.0014
4395.5000 -0.3044 -0.5018 4395.5000 0.3077 -0.5020 4395.5000 0.0095 0.4914
4396.1500 0.2795 0.2288 4396.5500 -3.6283 -3.9014 4396.3500 -3.6733 4.4703
4397.1500 -3.2047 -1.7211 4397.5500 -1.8008 4.9540 4397.3500 -4.3526 -4.4054
4398.1500 1.6230 -1.0055 4398.5500 2.6117 -4.7995 4398.3500 -4.7451 3.6939
4399.1000 -0.4977 0.0089 4399.9000 -0.0068 0.0099 4399.4000 0.4911 0.0089
4399.5000 -0.3030 -0.4939 4399.5000 0.3063 -0.5059 4399.5000 0.0012 0.4967
4400.1500 0.2521 -4.8322 4400.5500 -3.8844 2.6218 4400.3500 2.9257 2.3262
4401.1500 -2.9527 2.7359 4401.5500 0.8397 4.5136 4401.3500 -2.6517 -0.8812
4402.1500 4.4464 -4.5488 4402.5500 -1.8942 4.8899 4402.3500 4.8268 3.6799
4403.1500 -0.0411 -3.5940 4403.5500 2.8824 1.0011 4403.3500 1.7730 0.4197
4404.1500 -4.9326 4.7144 4404.5500 2.7183 -2.7512 4404.3500 1.4451 -2.5693
4405.1500 -3.3905 -4.4159 4405.5500 -1.7710 -2.9764 4405.3500 -2.6749 -3.8459
4406.1500 0.1474 -1.5841 4406.5500 0.4372 1.1463 4406.3500 -0.7922 -0.3877
4407.1500 3.7801 -4.5120 4407.5500 -1.6972 3.9225 4407.3500 3.9387 -4.7756
4408.1500 -1.0948 3.0870 4408.5500 2.8186 2.6495 4408.3500 -1.6010 -0.4747
4409.1500 0.2114 -0.3632 4409.5500 -1.9329 2.9515 4409.3500 -2.2419 3.2750
4410.1500 3.2389 -2.1432 4410.5500 2.7134 -0.6721 4410.3500 4.7299 -3.0285
4411.1500 -2.7469 2.0659 4411.5500 2.3227 4.2736 4411.3500 -2.2209 1.0051
4412.1000 -0.4942 -0.0072 4412.9000 -0.0055 -0.0034 4412.4000 0.5059 -0.0085
4412.5000 -0.3092 -0.4994 4412.5000 0.2999 -0.5049 4412.5000 -0.0044 0.5042
4413.1000 -0.4999 0.0020 4413.9000 0.0045 0.0040 4413.4000 0.4910 0.0040
4413.5000 -0.3048 -0.5024 4413.5000 0.2977 -0.4993 4413.5000 0.0026 0.4999
4414.1500 -1.9338 -3.5716 4414.5500 -1.7112 1.9929 4414.3500 -3.0326 3.7786
4415.1500 4.1005 -2.0798 4415.5500 4.3443 -0.3242 4415.3500 -1.0473 3.4283
4416.1500 -0.7134 -0.0912 4416.5500 2.0484 -2.3124 4416.3500 -0.6862 -1.4120
4417.1500 -2.0320 3.0624 4417.5500 -1.6994 3.9344 4417.3500 -0.7920 -1.3818
4418.1500 1.6480 -0.2427 4418.5500 -2.3286 -0.3736 4418.3500 -1.1900 -4.8043
4419.1500 -2.8691 1.0018 4419.5500 -4.9295 -4.3874 4419.3500 -0.8744 -2.7574
4420.1500 -1.1153 3.0700 4420.5500 -1.0487 -2.4277 4420.3500 3.3992 1.0848
4421.1000 -0.5020 0.0087 4421.9000 -0.0003 -0.0063 4421.4000 0.4941 0.0056
4421.5000 -0.3080 -0.4968 4421.5000 0.2966 -0.5019 4421.5000 -0.0072 0.4923
4422.1500 2.5558 -1.8820 4422.5500 3.6353 4.5166 4422.3500 -3.3082 0.5723
4423.1500 1.4239 -2.3910 4423.5500 -4.6565 0.6900 4423.3500 0.4778 1.8304
4424.1000 -0.4909 -0.0079 4424.9000 0.0092 0.0086 4424.4000 0.5039 0.0077
4424.5000 -0.3003 -0.5047 4424.5000 0.3083 -0.5089 4424.5000 0.0044 0.5090
4425.1500 -3.0324 -3.8558 4425.5500 -0.9613 0.4311 4425.3500 -2.9603 0.2820
4426.1500 -3.7998 -3.9290 4426.5500 -4.1601 -1.2730 4426.3500 -3.3774 2.7509
4427.1500 -2.2412 0.6808 4427.5500 0.5830 4.2662 4427.3500 -0.3984 3.3111
4428.1500 -2.4569 -3.0298 4428.5500 2.6680 2.7107 4428.3500 0.6865 0.5019
4429.1500 -2.9295 -3.4401 4429.5500 -1.6227 1.5866 4429.3500 -2.3467 -3.4892
4430.1500 0.0216 -4.5005 4430.5500 -1.4562 1.6124 4430.3500 -2.5928 -3.2475
4431.1500 -4.8149 -3.4124 4431.5500 2.6720 0.9690 4431.3500 -1.8877 3.8096
4432.1500 0.2510 -3.9328 4432.5500 2.7830 -4.8923 4432.3500 4.8715 -4.2840
4433.1500 4.6363 -1.3335 4433.5500 -3.7220 -0.6255 4433.3500 3.1320 2.2223
4434.1500 2.5018 -1.2812 4434.5500 3.4081 2.0352 4434.3500 1.8825 0.7557
4435.1500 1.7282 2.1970 4435.5500 -2.2580 3.6848 4435.3500 0.5401 -0.2125
4436.1500 3.6649 -4.9670 4436.5500 1.9466 2.9901 4436.3500 -4.2325 2.6423
4437.1500 -2.1686 -4.1178 4437.5500 -4.3349 -1.0355 4437.3500 -2.9450 -2.9270
4438.1500 0.3181 -1.0928 4438.5500 1.0009 1.0081 4438.3500 -0.6386 4.3194
4439.1500 -2.7823 2.6883 4439.5500 -3.3778 -0.3407 4439.3500 1.2818 -4.1348
4440.1500 2.9146 -3.8189 4440.5500 0.0425 -2.7662 4440.3500 3.9741 3.9313
4441.1000 -0.5091 0.0083 4441.9000 -0.0029 0.0049 4441.4000 0.5089 -0.0017
4441.5000 -0.2926 -0.5095 4441.5000 0.2918 -0.4950 4441.5000 0.0087 0.5001
4442.1500 -4.5753 4.3053 4442.5500 -3.4090 1.3816 4442.3500 3.2055 -1.7791
4443.1000 -0.4980 -0.0041 4443.9000 0.0028 0.0065 4443.4000 0.4937 0.0033
4443.5000 -0.3014 -0.5074 4443.5000 0.3039 -0.5066 4443.5000 -0.0087 0.4967
4444.1500 2.4166 1.2059 4444.5500 2.8372 0.2505 4444.3500 -1.3932 1.9900
4445.1500 4.3145 -2.5643 4445.5500 -1.2383 2.5565 4445.3500 0.6131 -2.0238
4446.1500 -2.5696 4.4221 4446.5500 -2.8956 -1.9494 4446.3500 -1.3703 -1.0292
4447.1500 -0.4979 -4.0903 4447.5500 -2.6932 3.6779 4447.3500 2.3795 -2.5531
4448.1500 0.7458 3.7138 4448.5500 2.9073 -4.2359 4448.3500 3.6872 1.6510
4449.1500 3.5363 3.9036 4449.5500 -0.4284 -0.2354 4449.3500 -3.5421 4.9212
4450.1500 -2.1362 1.0633 4450.5500 0.0259 4.5637 4450.3500 2.9397 -0.0715
4451.1500 4.6355 -0.6537 4451.5500 4.5383 -4.7839 4451.3500 2.7864 0.7257
4452.1500 -1.4771 -1.2942 4452.5500 -1.5296 0.7595 4452.3500 -1.9586 1.3591
4453.1500 2.5958 -4.5790 4453.5500 3.8961 -3.1998 4453.3500 2.6151 1.1571
4454.1500 -2.9056 0.0790 4454.5500 -4.3656 -0.3672 4454.3500 1.7640 -4.7749
4455.1500 0.9792 -0.5562 4455.5500 2.8278 2.4372 4455.3500 -1.2172 -1.1689
4456.1500 -0.3680 -3.8569 4456.5500 -1.7706 -4.8706 4456.3500 -4.2807 0.4738
4457.1500 3.7251 0.0694 4457.5500 -4.0636 1.8067 4457.3500 -3.7878 -4.6551
4458.1000 -0.4999 0.0007 4458.9000 -0.0023 -0.0065 4458.4000 0.4926 0.0018
4458.5000 -0.3064 -0.5034 4458.5000 0.3067 -0.5075 4458.5000 0.0001 0.4997
4459.1500 3.3914 2.6710 4459.5500 -2.7681 3.1938 4459.3500 -2.8256 4.4368
4460.1500 -0.7123 -0.9721 4460.5500 -2.7296 -2.8534 4460.3500 4.8307 -1.0805
4461.1500 4.3530 3.6319 4461.5500 3.6167 -1.7105 4461.3500 1.8047 -2.8762
4462.1500 -3.8811 -2.3833 4462.5500 -1.9078 -4.7639 4462.3500 -1.3583 -1.7211
4463.1500 2.8335 -3.5599 4463.5500 2.2225 -2.0982 4463.3500 0.2003 2.2647
4464.1500 -0.2277 -2.2837 4464.5500 1.2707 -3.9452 4464.3500 1.0554 1.5399
4465.1500 -1.3466 0.5495 4465.5500 -4.4355 0.9155 4465.3500 -0.1846 -3.2170
4466.1500 -4.5053 -2.0158 4466.5500 1.2393 -2.8600 4466.3500 3.6134 -4.7373
4467.1000 -0.4911 0.0067 4467.9000 -0.0088 -0.0000 4467.4000 0.5051 0.0017
4467.5000 -0.3010 -0.4971 4467.5000 0.2953 -0.4977 4467.5000 0.0037 0.5032
4468.1500 -3.9334 -1.4467 4468.5500 -0.3271 2.6631 4468.3500 -4.8346 1.7621
4469.1500 -3.4730 0.7745 4469.5500 -3.2607 -2.9704 4469.3500 -1.2381 2.2352
4470.1500 -1.5877 3.1444 4470.5500 3.9887 -3.1021 4470.3500 3.2897 3.7729
4471.1500 1.8486 -4.0958 4471.5500 0.5718 -1.5174 4471.3500 1.8945 4.9866
4472.1500 -0.9622 -0.7556 4472.5500 -2.2035 -4.8267 4472.3500 2.9930 -3.0763
4473.1500 0.2169 -1.5503 4473.5500 2.5236 -4.3652 4473.3500 -4.0564 1.0762
4474.1500 -3.5322 -4.7412 4474.5500 -1.9349 -4.2735 4474.3500 2.0468 3.4232
4475.1500 -4.8617 4.1596 4475.5500 -3.3130 -2.0600 4475.3500 1.2425 1.7980
4476.1500 -3.8178 0.2729 4476.5500 -0.2007 -4.1556 4476.3500 4.9911 3.6494
4477.1000 -0.4995 0.0096 4477.9000 0.0029 -0.0064 4477.4000 0.4998 -0.0018
4477.5000 -0.3002 -0.5051 4477.5000 0.3088 -0.4908 4477.5000 -0.0043 0.5077
4478.1500 2.1690 -2.4820 4478.5500 -1.9123 -2.7265 4478.3500 -1.3884 2.2544
4479.1500 4.3433 0.1870 4479.5500 4.6840 0.8246 4479.3500 -0.0971 4.6426
4480.1000 -0.4924 0.0093 4480.9000 0.0031 -0.0016 4480.4000 0.4904 0.0066
4480.5000 -0.3012 -0.4931 4480.5000 0.2955 -0.5085 4480.5000 -0.0088 0.5049
4481.1500 -0.6813 4.9576 4481.5500 -3.4022 4.4452 4481.3500 3.3454 -0.2198
4482.1500 2.5992 -4.8377 4482.5500 -2.9873 3.0733 4482.3500 -1.4003 3.2383
4483.1500 -2.7786 -0.7569 4483.5500 3.8399 4.8919 4483.3500 3.1270 3.0647
4484.1500 1.4779 -1.0741 4484.5500 4.2370 -0.9316 4484.3500 -3.0264 0.7074
4485.1500 -0.9802 -4.1636 4485.5500 -4.4951 -3.7709 4485.3500 2.8602 1.7043
4486.1500 -4.8410 3.8135 4486.5500 -0.1501 -3.9050 4486.3500 -4.7867 1.0883
4487.1500 -1.0078 -3.1741 4487.5500 4.9272 -2.0556 4487.3500 1.3580 3.2053
4488.1500 2.9509 0.7427 4488.5500 3.2870 -3.7397 4488.3500 -1.7503 -3.0848
4489.1500 0.8163 -2.7786 4489.5500 -2.9415 0.0011 4489.3500 -3.2099 0.2167
4490.1500 2.1532 -4.3820 4490.5500 -3.0028 -2.5039 4490.3500 1.9382 -4.7350
4491.1500 2.2582 3.2466 4491.5500 -2.7105 0.9115 4491.3500 -4.0551 -1.3830
4492.1500 -0.7800 -4.4713 4492.5500 2.1252 1.5950 4492.3500 0.6908 4.2069
4493.1500 -2.2483 -4.1466 4493.5500 -4.1458 -3.5229 4493.3500 -3.2750 -3.7887
4494.1500 -0.1394 2.3337 4494.5500 1.1201 -4.0610 4494.3500 0.2905 2.5504
4495.1500 -0.7891 1.1504 4495.5500 -1.2784 2.6669 4495.3500 1.0255 1.5373
4496.1500 -3.3728 0.3934 4496.5500 2.4707 -1.2784 4496.3500 1.0735 -4.8306
4497.1000 -0.4921 0.0085 4497.9000 0.0092 -0.0044 4497.4000 0.5070 -0.0044
4497.5000 -0.3087 -0.4968 4497.5000 0.3028 -0.4911 4497.5000 0.0052 0.4921
4498.1500 -3.5937 -4.9682 4498.5500 -1.1709 -2.9854 4498.3500 -1.1947 2.4297
4499.1500 4.2840 2.3120 4499.5500 -4.6356 -2.0201 4499.3500 2.1786 -3.4129
4500.1500 -4.9417 1.4637 4500.5500 -4.9246 -2.3749 4500.3500 -2.1421 -3.1221
4501.1500 -1.0761 2.6426 4501.5500 -4.4776 0.7747 4501.3500 -4.1828 -2.2634
4502.1000 -0.4952 -0.0091 4502.9000 0.0092 -0.0014 4502.4000 0.5083 0.0085
4502.5000 -0.2948 -0.5078 4502.5000 0.3047 -0.5000 4502.5000 0.0098 0.5005
4503.1500 4.3420 -3.4394 4503.5500 3.8890 3.0818 4503.3500 4.5573 2.8669
4504.1500 -4.1147 2.7811 4504.5500 -3.3221 2.4915 4504.3500 -1.5132 4.3706
4505.1500 -0.2492 2.1757 4505.5500 3.1437 -3.7671 4505.3500 -1.2851 4.0157
4506.1500 -3.1994 2.8887 4506.5500 0.7064 -4.5290 4506.3500 1.9105 1.9417
4507.1500 1.1189 -0.8274 4507.5500 -4.0942 -2.7658 4507.3500 -0.7279 4.3935
4508.1000 -0.4901 0.0017 4508.9000 0.0060 0.0082 4508.4000 0.4929 -0.0004
4508.5000 -0.3049 -0.5008 4508.5000 0.2939 -0.4950 4508.5000 -0.0036 0.4977
4509.1500 0.0073 1.1367 4509.5500 -1.8218 4.5968 4509.3500 0.8636 -4.5055
4510.1000 -0.5080 -0.0032 4510.9000 0.0075 0.0095 4510.4000 0.5026 -0.0023
4510.5000 -0.3028 -0.5033 4510.5000 0.2947 -0.4962 4510.5000 -0.0063 0.4969
4511.1500 -2.9113 1.8936 4511.5500 0.5981 -1.0112 4511.3500 -0.1293 -4.4439
4512.1500 -4.6591 4.9708 4512.5500 -3.6546 4.4937 4512.3500 2.8745 1.5052
4513.1500 -4.6485 0.3510 4513.5500 -1.5184 -3.4284 4513.3500 0.9407 -4.6963
4514.1500 2.3121 -1.1388 4514.5500 -4.6562 -0.5650 4514.3500 -0.8015 1.3083
4515.1500 -4.1795 -2.8035 4515.5500 -0.5630 -0.5025 4515.3500 -1.7764 -0.1332
4516.1500 -2.5474 -4.6855 4516.5500 -2.1397 -2.5088 4516.3500 -1.0430 -4.4570
4517.1500 3.5653 -2.5256 4517.5500 -4.2331 2.1588 4517.3500 4.5732 3.0644
4518.1500 0.4695 -2.1414 4518.5500 0.8178 0.7865 4518.3500 -1.7873 3.1939
4519.1500 2.7499 -0.0420 4519.5500 3.3757 2.8992 4519.3500 -4.7527 -1.7929
4520.1000 -0.4920 -0.0080 4520.9000 -0.0025 0.0068 4520.4000 0.5078 0.0021
4520.5000 -0.3088 -0.4937 4520.5000 0.2941 -0.5051 4520.5000 -0.0098 0.4943
4521.1500 0.7670 1.7373 4521.5500 1.0004 -2.8565 4521.3500 -1.8145 0.0381
4522.1500 -2.6388 -0.5971 4522.5500 4.7847 1.7970 4522.3500 3.7244 4.7459
4523.1000 -0.5100 0.0052 4523.9000 -0.0061 -0.0059 4523.4000 0.4910 -0.0058
4523.5000 -0.2984 -0.4983 4523.5000 0.3005 -0.5060 4523.5000 0.0087 0.4951
4524.1500 2.6443 1.0122 4524.5500 -4.6682 -0.9146 4524.3500 3.5838 2.0297
4525.1000 -0.5031 -0.0034 4525.9000 0.0068 0.0001 4525.4000 0.4954 -0.0094
4525.5000 -0.2994 -0.4932 4525.5000 0.2927 -0.4930 4525.5000 0.0015 0.5087
4526.1500 -3.0707 3.2333 4526.5500 -3.7657 -1.8733 4526.3500 -1.1183 -0.0221
4527.1500 0.3480 4.1554 4527.5500 1.9500 -4.0244 4527.3500 1.8489 0.5144
4528.1500 -2.3168 2.0939 4528.5500 -4.1159 2.6592 4528.3500 1.7810 0.8656
4529.1500 -2.9644 0.7836 4529.5500 -0.2738 -4.4640 4529.3500 -1.5126 2.9795
4530.1500 -3.7765 -2.0101 4530.5500 -1.2785 -1.2253 4530.3500 2.5639 -0.1968
4531.1500 -0.4508 0.0074 4531.5500 -1.1777 -1.8446 4531.3500 2.5471 3.6803
4532.1500 -2.6829 -1.3042 4532.5500 -2.3576 -0.2444 4532.3500 4.0686 -1.9385
4533.1500 -0.6066 4.1939 4533.5500 2.7369 -2.7659 4533.3500 0.7630 -0.1377
4534.1500 2.4247 1.8135 4534.5500 4.8819 3.3558 4534.3500 -2.9025 -4.5338
4535.1500 0.0415 0.9182 4535.5500 0.8434 1.8759 4535.3500 2.2477 4.4002
4536.1500 -1.7464 -2.9057 4536.5500 -0.4313 -1.7336 4536.3500 -1.6100 -3.5986
4537.1500 0.6976 -4.4716 4537.5500 1.3393 -3.0708 4537.3500 2.4269 -3.4959
4538.1500 -4.0636 2.2431 4538.5500 -2.1279 -1.7195 4538.3500 1.1586 -2.4612
4539.1500 -1.5065 -4.5543 4539.5500 2.2157 -2.9097 4539.3500 0.2489 -4.2839
4540.1500 -2.7466 1.5470 4540.5500 -4.2582 -1.4685 4540.3500 0.2623 -4.4163
4541.1500 1.5160 -4.4845 4541.5500 -0.9573 2.1611 4541.3500 3.4604 -3.2720
4542.1500 -2.6779 -0.3648 4542.5500 -3.0345 0.9422 4542.3500 4.6841 1.4837
4543.1500 2.0754 -4.2590 4543.5500 -3.3623 1.6339 4543.3500 1.3947 -1.8305
4544.1500 -0.3717 -2.0821 4544.5500 -0.5636 3.0228 4544.3500 3.1785 -0.0013
4545.1500 -3.1810 4.1203 4545.5500 0.2002 -3.8869 4545.3500 4.3060 -2.1311
4546.1500 2.5002 0.2429 4546.5500 2.6586 -3.0564 4546.3500 -4.1373 -2.1997
4547.1500 3.7295 2.3877 4547.5500 -3.1792 -3.6011 4547.3500 -3.4944 -1.7968
4548.1500 2.3359 0.4522 4548.5500 -1.1983 -4.1724 4548.3500 3.6277 -4.3091
4549.1500 -4.6687 -2.8706 4549.5500 -0.9742 -4.2197 4549.3500 -3.5244 -4.1177
4550.1500 0.3938 1.1615 4550.5500 -4.2865 -4.0139 4550.3500 4.4411 2.8745
4551.1500 4.5495 -3.0151 4551.5500 -1.9055 -3.0724 4551.3500 2.2512 -0.1782
4552.1500 -2.3071 -0.8768 4552.5500 2.3362 2.9418 4552.3500 1.1325 1.7767
4553.1500 2.8019 -0.8542 4553.5500 -0.9220 1.9460 4553.3500 -2.4922 0.7316
4554.1500 -4.0378 1.9821 4554.5500 0.1918 4.9950 4554.3500 -0.3021 -2.7472
4555.1500 3.8623 -3.9891 4555.5500 -3.1220 3.7939 4555.3500 0.2046 0.4212
4556.1500 2.1493 4.5636 4556.5500 -4.4416 -0.9107 4556.3500 -2.4112 -1.4872
4557.1500 -1.3545 4.4033 4557.5500 4.7414 -2.3725 4557.3500 -1.0746 -3.2055
4558.1500 3.4058 -2.5266 4558.5500 2.5622 -3.0131 4558.3500 2.0438 1.1393
4559.1500 4.1502 3.6419 4559.5500 1.9832 -3.7333 4559.3500 -4.6646 1.6882
4560.1500 -0.6760 4.9839 4560.5500 -4.3478 -4.4909 4560.3500 -1.4314 -4.0401
4561.1500 -3.0206 -3.2650 4561.5500 -0.6064 3.3997 4561.3500 -1.3396 -1.7293
4562.1500 4.5619 -1.7184 4562.5500 0.4249 -3.3002 4562.3500 -0.1674 -4.4072
4563.1500 3.2567 0.6448 4563.5500 1.9871 -4.3076 4563.3500 1.7676 -0.7335
4564.1500 -0.8514 0.4318 4564.5500 -3.7140 -3.5757 4564.3500 -4.1446 0.9887
4565.1500 -0.7172 4.3884 4565.5500 2.7387 -3.0483 4565.3500 -0.3549 4.6719
4566.1500 -4.4873 4.9079 4566.5500 2.6120 -3.6932 4566.3500 -4.4128 -1.7655
4567.1500 2.7055 3.5393 4567.5500 1.5044 0.7772 4567.3500 -2.7440 -3.4351
4568.1500 -4.0541 3.2873 4568.5500 -2.5715 -3.1246 4568.3500 4.6526 1.5953
4569.1500 -1.6486 2.4426 4569.5500 1.0158 2.9397 4569.3500 -0.6764 3.1600
4570.1500 3.0418 2.6503 4570.5500 4.5867 -3.0725 4570.3500 3.4998 2.8128
4571.1500 -3.1715 2.7767 4571.5500 4.1588 -1.4606 4571.3500 1.6624 0.1989
4572.1500 1.5745 4.7931 4572.5500 1.1842 3.6636 4572.3500 4.3532 -0.4118
4573.1500 -3.8429 0.9101 4573.5500 2.5042 -2.3118 4573.3500 0.0583 2.7426
4574.1500 3.1126 3.0416 4574.5500 -0.0920 -0.6956 4574.3500 -0.4618 3.1424
4575.1000 -0.4992 0.0010 4575.9000 -0.0070 0.0068 4575.4000 0.5063 0.0009
4575.5000 -0.2949 -0.5044 4575.5000 0.2928 -0.5027 4575.5000 0.0003 0.5099
4576.1500 -1.0400 -3.6084 4576.5500 -3.1868 -1.1158 4576.3500 -1.3775 4.4440
4577.1500 4.9374 0.5345 4577.5500 4.1879 -4.5049 4577.3500 -3.6522 -2.1878
4578.1500 -4.1713 3.3308 4578.5500 2.2126 -3.4023 4578.3500 -2.0623 2.3477
4579.1500 1.4751 1.6411 4579.5500 3.0673 -0.9546 4579.3500 4.1914 1.0383
4580.1500 4.2425 -3.8257 4580.5500 -4.1971 4.0708 4580.3500 4.8671 -3.3400
4581.1500 -4.2520 -3.0740 4581.5500 2.2632 -1.8325 4581.3500 -0.8578 -3.0583
4582.1500 3.1225 -4.2521 4582.5500 -0.6301 4.0269 4582.3500 0.1826 3.1904
4583.1500 -0.6056 -3.7508 4583.5500 4.9814 -1.6149 4583.3500 0.6575 3.4655
4584.1500 0.7133 1.6154 4584.5500 -0.5941 -2.2637 4584.3500 -3.7314 -4.3924
4585.1500 3.1742 3.3427 4585.5500 3.3890 -3.2182 4585.3500 2.8844 -3.0397
4586.1500 3.8494 -3.7902 4586.5500 -4.3209 -2.0442 4586.3500 -3.2163 3.0862
4587.1500 -3.7752 2.3971 4587.5500 -4.3373 1.5819 4587.3500 -3.7060 -1.4318
4588.1000 -0.5092 -0.0045 4588.9000 0.0095 -0.0038 4588.4000 0.4958 0.0094
4588.5000 -0.3090 -0.5052 4588.5000 0.2911 -0.4989 4588.5000 0.0090 0.4983
4589.1500 -3.5636 0.2420 4589.5500 4.0180 0.5763 4589.3500 -4.3500 0.0668
4590.1000 -0.4924 0.0078 4590.9000 -0.0038 -0.0080 4590.4000 0.5076 -0.0051
4590.5000 -0.3041 -0.5024 4590.5000 0.2921 -0.5005 4590.5000 0.0077 0.4938
4591.1000 -0.5032 0.0073 4591.9000 0.0093 0.0070 4591.4000 0.5037 -0.0022
4591.5000 -0.2903 -0.4982 4591.5000 0.2995 -0.5023 4591.5000 -0.0092 0.4917
4592.1500 -0.5321 -1.2756 4592.5500 -4.1909 -0.6262 4592.3500 -4.4259 1.2280
4593.1500 4.7584 2.6008 4593.5500 0.3579 2.4308 4593.3500 -2.2367 -2.7242
4594.1000 -0.5065 0.0072 4594.9000 -0.0033 -0.0075 4594.4000 0.5022 -0.0075
4594.5000 -0.2927 -0.5043 4594.5000 0.3032 -0.5003 4594.5000 -0.0080 0.4922
4595.1500 0.6702 -2.0231 4595.5500 -0.8568 3.3758 4595.3500 0.1398 -4.8062
4596.1500 1.8065 4.8780 4596.5500 -4.9769 3.9047 4596.3500 -1.4491 -3.9564
4597.1500 -0.2037 -3.7188 4597.5500 3.8582 0.8798 4597.3500 0.7089 -0.4604
4598.1500 -1.5316 -3.9928 4598.5500 -0.5040 -4.0819 4598.3500 -0.0402 -0.9674
4599.1000 -0.5026 -0.0036 4599.9000 -0.0088 -0.0007 4599.4000 0.5031 0.0024
4599.5000 -0.2945 -0.4981 4599.5000 0.2917 -0.5075 4599.5000 -0.0007 0.4931
4600.1500 -3.4545 0.7371 4600.5500 4.0292 4.5935 4600.3500 2.4815 0.4066
4601.1500 0.8442 -3.4749 4601.5500 -3.9855 -4.4692 4601.3500 3.7657 -4.8912
4602.1500 -0.2418 -4.7729 4602.5500 -0.0680 4.9550 4602.3500 -0.9279 -0.7452
4603.1500 0.1117 0.4447 4603.5500 -2.5100 0.8253 4603.3500 -3.1522 0.3353
4604.1500 -0.6991 -3.3395 4604.5500 2.3985 -0.8012 4604.3500 -4.2828 0.5858
4605.1500 -3.7568 -2.4424 4605.5500 2.4481 2.6002 4605.3500 -1.3152 -3.0789
4606.1000 -0.4947 -0.0058 4606.9000 -0.0072 0.0057 4606.4000 0.5064 -0.0023
4606.5000 -0.3097 -0.5030 4606.5000 0.3037 -0.4978 4606.5000 0.0094 0.5025
4607.1000 -0.5041 -0.0099 4607.9000 0.0001 0.0010 4607.4000 0.5008 0.0045
4607.5000 -0.3098 -0.4988 4607.5000 0.2947 -0.4936 4607.5000 -0.0015 0.4959
4608.1500 -4.4036 -3.3111 4608.5500 3.9627 2.2905 4608.3500 -0.2792 4.4671
4609.1500 4.7821 2.6376 4609.5500 0.2980 4.6011 4609.3500 -4.4435 2.5794
4610.1500 1.5089 3.1179 4610.5500 -2.1717 4.6501 4610.3500 1.2060 -4.0371
4611.1500 -0.4786 -1.0979 4611.5500 0.2996 -2.4974 4611.3500 3.9882 1.3234
4612.1000 -0.5041 -0.0067 4612.9000 0.0049 -0.0024 4612.4000 0.5070 -0.0099
4612.5000 -0.2987 -0.4940 4612.5000 0.3085 -0.4948 4612.5000 0.0088 0.4987
4613.1500 -2.3608 -4.8958 4613.5500 -4.0937 -4.3478 4613.3500 2.5876 3.3468
4614.1500 0.5335 -3.5465 4614.5500 3.2963 4.2730 4614.3500 3.7320 1.8818
4615.1500 -0.3867 -2.1226 4615.5500 4.7160 -3.0440 4615.3500 4.2235 -0.8083
4616.1500 -1.4552 2.9457 4616.5500 -3.0750 -4.0249 4616.3500 0.4200 -4.6762
4617.1500 -0.5344 1.6640 4617.5500 -2.0471 -3.7119 4617.3500 0.5499 -0.2298
4618.1000 -0.4957 -0.0004 4618.9000 0.0086 0.0074 4618.4000 0.4925 0.0055
4618.5000 -0.3051 -0.4954 4618.5000 0.2947 -0.4982 4618.5000 0.0057 0.4978
4619.1500 -1.4889 -3.1403 4619.5500 -0.4888 3.2092 4619.3500 -3.4356 -4.1949
4620.1500 -3.3495 3.5143 4620.5500 0.3598 1.7559 4620.3500 -3.6895 0.7094
4621.1500 0.5274 -0.1447 4621.5500 1.7225 -0.8477 4621.3500 -1.3700 -3.4571
4622.1500 3.6242 -0.7837 4622.5500 -2.3181 -3.3343 4622.3500 3.3587 -0.5971
4623.1500 -3.4239 -0.8084 4623.5500 -2.4340 -0.5239 4623.3500 3.5188 -4.7635
4624.1500 -2.5995 -1.7858 4624.5500 -2.8706 4.4494 4624.3500 -2.9155 -3.5333
4625.1500 -4.0380 -1.1808 4625.5500 3.4811 -2.8830 4625.3500 -2.0828 -4.3256
4626.1500 1.5438 4.9626 4626.5500 -2.0376 0.0924 4626.3500 1.9204 2.9293
4627.1500 -2.4230 -3.9117 4627.5500 -4.6500 0.1529 4627.3500 -0.5687 0.2445
4628.1500 -3.9456 -2.4950 4628.5500 1.9316 -3.0489 4628.3500 4.3353 -4.1942
4629.1500 3.3198 -2.8620 4629.5500 -1.5351 2.3557 4629.3500 -2.0725 0.1621
4630.1500 -3.8922 4.6106 4630.5500 -0.9650 2.2011 4630.3500 4.7117 -1.1501
4631.1500 -2.5408 -1.3799 4631.5500 -3.3928 2.0734 4631.3500 0.4220 -1.8417
4632.1000 -0.5010 0.0045 4632.9000 0.0037 0.0074 4632.4000 0.4998 0.0024
4632.5000 -0.3032 -0.4927 4632.5000 0.3078 -0.5092 4632.5000 0.0099 0.5028
4633.1000 -0.5074 -0.0055 4633.9000 -0.0012 -0.0036 4633.4000 0.4960 0.0045
4633.5000 -0.2956 -0.4958 4633.5000 0.3052 -0.4959 4633.5000 -0.0046 0.4985
4634.1500 -4.9633 2.0572 4634.5500 1.1365 2.9879 4634.3500 -1.9445 0.1199
4635.1500 2.4844 0.6020 4635.5500 -3.8942 -3.1748 4635.3500 4.4565 -2.1836
4636.1500 -0.3437 4.9701 4636.5500 3.7407 -4.0537 4636.3500 -4.1524 4.1059
4637.1500 -1.5407 -3.1116 4637.5500 -0.4185 4.7475 4637.3500 4.1301 -4.9595
4638.1500 -0.7774 4.8798 4638.5500 -4.5372 -0.8933 4638.3500 -1.4322 4.5490
4639.1500 -0.2247 2.0805 4639.5500 1.5124 -0.2063 4639.3500 -1.3939 -3.5101
4640.1500 -0.6460 2.2700 4640.5500 4.7440 4.4469 4640.3500 -3.1733 -3.2024
4641.1000 -0.5036 -0.0023 4641.9000 -0.0020 -0.0029 4641.4000 0.4936 -0.0003
4641.5000 -0.3004 -0.5040 4641.5000 0.3041 -0.5008 4641.5000 0.0012 0.4990
4642.1500 2.2246 0.2426 4642.5500 2.6965 -1.1742 4642.3500 0.8242 -2.7629
4643.1500 -2.6335 -4.2742 4643.5500 -1.4742 -3.4456 4643.3500 -1.9588 -0.0739
4644.1500 3.1091 3.0541 4644.5500 1.9380 -1.6568 4644.3500 -3.1139 4.5024
4645.1000 -0.5075 0.0048 4645.9000 0.0024 0.0067 4645.4000 0.5054 -0.0035
4645.5000 -0.3060 -0.4969 4645.5000 0.3089 -0.5003 4645.5000 -0.0031 0.4948
4646.1500 3.6817 -0.4936 4646.5500 -3.0571 0.2620 4646.3500 4.7612 1.3302
4647.1500 3.3802 1.9752 4647.5500 0.8743 -4.7763 4647.3500 -1.5288 4.4720
4648.1500 3.9115 -3.5087 4648.5500 -2.4882 -2.8031 4648.3500 -4.1300 1.0269
4649.1500 2.9335 4.3126 4649.5500 4.1299 -1.7076 4649.3500 -2.4337 -4.6418
4650.1500 -2.7912 -3.4021 4650.5500 4.4045 4.3188 4650.3500 -1.2964 -3.7920
4651.1000 -0.5050 0.0009 4651.9000 0.0088 -0.0063 4651.4000 0.5068 -0.0056
4651.5000 -0.2945 -0.5084 4651.5000 0.3031 -0.5076 4651.5000 0.0095 0.4920
4652.1500 -0.6455 -4.3544 4652.5500 1.8987 -1.5392 4652.3500 4.8424 -3.8788
4653.1500 1.2688 -0.0697 4653.5500 1.1782 -1.0179 4653.3500 0.5874 -2.6225
4654.1500 3.9855 -3.4186 4654.5500 4.0111 1.5405 4654.3500 0.6200 -1.0594
4655.1500 1.9408 -2.9983 4655.5500 -4.4080 4.7123 4655.3500 4.1969 3.2628
4656.1500 1.3490 -0.2233 4656.5500 -2.7256 -3.7206 4656.3500 -0.4323 -0.8696
4657.1500 2.3537 -1.0375 4657.5500 -2.7614 -4.7570 4657.3500 -0.7289 -0.7712
4658.1500 3.2307 -0.4903 4658.5500 -4.8604 -2.1354 4658.3500 4.4409 -0.0478
4659.1500 3.2610 -2.0368 4659.5500 -3.1149 -1.2950 4659.3500 -2.3247 -1.1204
4660.1500 -4.6296 -2.6770 4660.5500 1.8673 2.5284 4660.3500 3.5332 0.6230
4661.1500 -3.0423 -3.4877 4661.5500 1.8992 -4.6097 4661.3500 -0.7693 -2.2048
4662.1500 -0.2708 1.3694 4662.5500 4.1134 -1.0783 4662.3500 -0.8982 3.4098
4663.1500 4.5232 -4.6241 4663.5500 1.7806 0.1112 4663.3500 -3.2246 -0.0246
4664.1500 2.0958 4.4560 4664.5500 2.4949 -1.0371 4664.3500 0.1142 -1.0249
4665.1500 2.2282 -3.2811 4665.5500 1.1104 1.9712 4665.3500 -4.2762 -1.3238
4666.1500 -1.0501 -4.4820 4666.5500 4.3208 -3.1892 4666.3500 -4.2725 -1.8283
4667.1500 3.3153 3.7312 4667.5500 -2.6300 4.8367 4667.3500 4.5618 4.4074
4668.1500 2.6965 -3.2092 4668.5500 3.1684 -3.1815 4668.3500 3.3455 -0.3623
4669.1500 2.3720 -3.0801 4669.5500 -3.0766 -3.8558 4669.3500 4.3028 3.3828
4670.1500 3.2365 4.3158 4670.5500 4.3728 4.1693 4670.3500 3.0113 -4.6001
4671.1000 -0.4913 -0.0068 4671.9000 -0.0097 -0.0086 4671.4000 0.4997 -0.0069
4671.5000 -0.3014 -0.5010 4671.5000 0.3093 -0.5007 4671.5000 -0.0097 0.5096
4672.1500 2.3392 -1.2690 4672.5500 0.8343 -4.8767 4672.3500 3.9610 1.5071
4673.1500 3.4864 -3.4997 4673.5500 -1.1572 -2.5135 4673.3500 -0.3541 2.2842
4674.1500 2.0577 -0.4162 4674.5500 3.5708 2.0261 4674.3500 2.2164 -0.3987
4675.1500 -4.8823 1.4168 4675.5500 -3.5171 -1.1691 4675.3500 -0.8472 -4.7225
4676.1500 -2.7067 -1.1783 4676.5500 3.9316 3.5819 4676.3500 -3.1434 -0.4098
4677.1500 2.3654 -4.4119 4677.5500 -1.0524 -0.9445 4677.3500 4.6194 -4.2087
4678.1500 3.2575 -3.8150 4678.5500 -4.2052 -2.1077 4678.3500 -1.7704 2.9777
4679.1500 -0.9112 4.8880 4679.5500 0.8266 0.7067 4679.3500 -3.3938 -0.5560
4680.1500 -2.7050 4.8362 4680.5500 0.5954 1.8854 4680.3500 -4.3468 -3.4139
4681.1500 3.4176 -1.0470 4681.5500 -3.7552 -2.8760 4681.3500 -1.4377 2.3696
4682.1500 1.4020 -1.9742 4682.5500 4.4520 -2.1536 4682.3500 -2.7447 0.5052
4683.1500 0.1933 0.0835 4683.5500 -1.0395 1.6344 4683.3500 2.9394 -3.2613
4684.1500 -1.4404 0.0301 4684.5500 3.4411 -0.6992 4684.3500 -1.3335 -2.6218
4685.1500 -3.1672 4.1378 4685.5500 4.0673 -0.6224 4685.3500 -0.9234 -1.8033
4686.1500 2.7207 2.6404 4686.5500 -0.9239 4.4140 4686.3500 3.5987 -3.7815
4687.1000 -0.5055 0.0091 4687.9000 -0.0034 -0.0094 4687.4000 0.4905 0.0022
4687.5000 -0.2972 -0.5004 4687.5000 0.2975 -0.4953 4687.5000 0.0085 0.5008
4688.1000 -0.5029 -0.0061 4688.9000 0.0084 -0.0036 4688.4000 0.5087 -0.0089
4688.5000 -0.2928 -0.5023 4688.5000 0.2991 -0.5060 4688.5000 -0.0094 0.5098
4689.1500 2.7568 -4.1362 4689.5500 3.4249 -1.7751 4689.3500 1.3713 -4.8397
4690.1500 -4.9893 0.8134 4690.5500 -2.9411 3.0865 4690.3500 2.0523 4.8090
4691.1500 4.3775 2.6588 4691.5500 4.7400 -1.2865 4691.3500 -4.5847 3.7992
4692.1500 -1.7454 -0.2464 4692.5500 0.5515 2.7725 4692.3500 -3.5554 1.1699
4693.1500 3.5137 2.5213 4693.5500 -2.5076 3.2043 4693.3500 -2.6591 2.1092
4694.1500 -1.4113 -2.8687 4694.5500 2.5670 4.0245 4694.3500 3.9175 -3.5494
4695.1500 -4.7815 4.3478 4695.5500 3.1125 -3.0981 4695.3500 1.4953 -4.6827
4696.1500 2.9176 -3.7412 4696.5500 -1.7387 3.5699 4696.3500 4.4735 1.4242
4697.1500 -4.7056 -2.0065 4697.5500 2.4546 -4.8910 4697.3500 2.9139 3.8371
4698.1000 -0.4932 -0.0058 4698.9000 0.0068 0.0052 4698.4000 0.4976 0.0023
4698.5000 -0.2962 -0.5096 4698.5000 0.2971 -0.5062 4698.5000 0.0011 0.4928
4699.1500 3.1443 1.3881 4699.5500 -3.4817 -0.6620 4699.3500 4.4433 4.0093
4700.1500 -1.4533 1.8486 4700.5500 -0.8692 -3.6453 4700.3500 3.6473 0.6607
4701.1500 -0.7470 3.7701 4701.5500 -4.9033 -4.6447 4701.3500 0.4936 -3.4311
4702.1500 -4.6989 -2.5170 4702.5500 1.3345 2.7469 4702.3500 -2.7319 4.5301
4703.1500 -1.2689 -2.1583 4703.5500 -4.3276 -4.0891 4703.3500 4.0204 -0.6944
4704.1000 -0.5011 0.0086 4704.9000 0.0081 -0.0052 4704.4000 0.5095 -0.0087
4704.5000 -0.3074 -0.5096 4704.5000 0.2927 -0.4925 4704.5000 -0.0091 0.5059
4705.1500 2.5193 -4.7543 4705.5500 -1.0086 0.8664 4705.3500 -1.6350 -4.1383
4706.1500 1.1838 1.4501 4706.5500 2.7657 -3.4293 4706.3500 -3.2546 -0.6146
4707.1500 -0.8133 3.0513 4707.5500 -3.2737 0.7751 4707.3500 0.9049 1.6003
4708.1500 -3.9113 -4.3944 4708.5500 -2.6377 -3.9981 4708.3500 -0.8617 1.0060
4709.1500 -4.0852 2.8292 4709.5500 0.6438 -2.7013 4709.3500 0.5662 -0.8319
4710.1500 0.0367 -1.9131 4710.5500 -4.4667 0.0244 4710.3500 0.0580 3.1043
4711.1500 -2.7324 1.2317 4711.5500 0.9939 4.8791 4711.3500 1.0767 -2.6434
4712.1500 -0.4648 -0.8324 4712.5500 -1.7701 -1.7778 4712.3500 -4.0323 -0.6787
4713.1500 4.7639 -2.6321 4713.5500 3.1261 -4.0189 4713.3500 -0.2080 -0.5678
4714.1500 -1.3298 -1.3705 4714.5500 -1.6700 -3.9510 4714.3500 -4.5096 4.4183
4715.1500 -0.9921 -1.3528 4715.5500 -1.2773 4.9964 4715.3500 -1.5156 -3.2638
4716.1500 1.8698 3.8565 4716.5500 4.3574 -4.4123 4716.3500 1.7585 2.0306
4717.1500 4.8986 -2.5909 4717.5500 -3.5835 -0.3785 4717.3500 -0.0510 2.0920
4718.1500 3.5503 -4.6322 4718.5500 4.5284 4.9734 4718.3500 0.0131 3.8830
4719.1000 -0.5044 -0.0081 4719.9000 0.0045 0.0058 4719.4000 0.4908 0.0070
4719.5000 -0.3061 -0.5057 4719.5000 0.3075 -0.4948 4719.5000 -0.0093 0.4964
4720.1500 -3.7484 -0.9573 4720.5500 0.5123 -4.8537 4720.3500 0.0368 0.8539
4721.1500 0.6556 -3.6302 4721.5500 1.4733 3.4950 4721.3500 -0.1791 -0.2823
4722.1500 -3.7162 4.0051 4722.5500 0.1167 -2.3769 4722.3500 -1.2029 0.3765
4723.1000 -0.5043 -0.0085 4723.9000 -0.0042 0.0036 4723.4000 0.4972 0.0056
4723.5000 -0.3085 -0.5045 4723.5000 0.3068 -0.4946 4723.5000 0.0032 0.5051
4724.1500 -2.6098 -4.4448 4724.5500 -2.2007 1.4491 4724.3500 -2.1299 0.6011
4725.1500 -1.9085 4.4714 4725.5500 -2.4280 -4.0215 4725.3500 3.6965 -0.2616
4726.1000 -0.5055 -0.0066 4726.9000 -0.0083 -0.0031 4726.4000 0.4911 -0.0039
4726.5000 -0.3036 -0.5094 4726.5000 0.3033 -0.4925 4726.5000 0.0096 0.4981
4727.1000 -0.4994 0.0027 4727.9000 -0.0092 -0.0053 4727.4000 0.4948 0.0083
4727.5000 -0.3087 -0.5031 4727.5000 0.3037 -0.4956 4727.5000 -0.0023 0.4903
4728.1500 2.9642 4.8673 4728.5500 4.6117 3.5566 4728.3500 2.7670 -2.0659
4729.1000 -0.5067 0.0047 4729.9000 -0.0093 0.0078 4729.4000 0.5018 -0.0075
4729.5000 -0.3000 -0.5005 4729.5000 0.3063 -0.5019 4729.5000 -0.0037 0.5034
4730.1000 -0.5080 0.0022 4730.9000 0.0032 -0.0071 4730.4000 0.5028 0.0004
4730.5000 -0.3009 -0.4962 4730.5000 0.2908 -0.5030 4730.5000 0.0020 0.4999
4731.1500 0.0700 -4.2064 4731.5500 -4.1150 3.6270 4731.3500 0.8657 -3.6794
4732.1500 4.4296 -2.7975 4732.5500 0.2471 3.9064 4732.3500 -1.8922 -3.5850
4733.1500 4.4857 2.9419 4733.5500 4.5137 -3.8653 4733.3500 3.7979 2.0830
4734.1500 4.9133 -1.5284 4734.5500 0.9757 -0.6473 4734.3500 -4.1917 -3.6364
4735.1500 -4.2992 4.5687 4735.5500 -4.2232 0.5053 4735.3500 -2.5176 -1.4960
4736.1500 4.7982 -1.7432 4736.5500 -0.7368 -1.6709 4736.3500 -2.4989 1.7742
4737.1500 3.4810 0.7379 4737.5500 3.2035 -1.0718 4737.3500 -2.7427 4.2563
4738.1500 -0.5994 -4.5417 4738.5500 4.3290 1.6975 4738.3500 1.5578 -3.3913
4739.1000 -0.5034 0.0002 4739.9000 -0.0039 -0.0041 4739.4000 0.4901 -0.0025
4739.5000 -0.3014 -0.5069 4739.5000 0.3003 -0.5026 4739.5000 -0.0035 0.4907
4740.1500 -2.7404 -2.9790 4740.5500 1.6143 4.8032 4740.3500 -3.1771 1.0581
4741.1500 -4.7839 -1.4556 4741.5500 4.2726 3.6775 4741.3500 -0.9496 -0.0538
4742.1000 -0.5054 0.0079 4742.9000 -0.0062 -0.0071 4742.4000 0.5058 0.0080
4742.5000 -0.2961 -0.5097 4742.5000 0.2911 -0.5039 4742.5000 -0.0018 0.5061
4743.1000 -0.5015 -0.0040 4743.9000 0.0064 0.0078 4743.4000 0.4979 0.0091
4743.5000 -0.3083 -0.5090 4743.5000 0.3027 -0.5074 4743.5000 0.0079 0.5044
4744.1500 -0.4412 0.4599 4744.5500 4.1595 -0.5870 4744.3500 -4.7098 2.8331
4745.1500 -4.5026 -1.3041 4745.5500 0.4089 -1.2424 4745.3500 -1.5947 -3.4897
4746.1500 -1.1939 -0.3216 4746.5500 1.4280 4.5983 4746.3500 4.8246 1.0021
4747.1000 -0.4979 -0.0041 4747.9000 -0.0034 -0.0088 4747.4000 0.5007 0.0025
4747.5000 -0.2904 -0.4926 4747.5000 0.3023 -0.5060 4747.5000 -0.0068 0.5023
4748.1500 -1.1777 1.5688 4748.5500 -4.6579 0.3082 4748.3500 1.0216 3.1192
4749.1500 -3.3082 -3.8728 4749.5500 1.8024 2.3162 4749.3500 0.7842 -0.8835
4750.1500 -2.8052 4.1612 4750.5500 -3.3607 3.5731 4750.3500 -2.1004 -1.2617
4751.1500 -2.5649 -2.0026 4751.5500 4.4422 -1.5671 4751.3500 -0.8409 -1.9971
4752.1500 2.4430 -4.4236 4752.5500 -2.3715 -0.7273 4752.3500 4.0644 2.8635
4753.1500 1.2924 -0.6783 4753.5500 -0.2958 4.0623 4753.3500 -1.8332 -3.9023
4754.1500 2.2348 3.5547 4754.5500 0.0945 -1.3178 4754.3500 1.8476 -0.3540
4755.1500 3.6247 -2.3083 4755.5500 -0.8587 -3.8380 4755.3500 -1.1718 0.7271
4756.1500 0.7561 0.0849 4756.5500 -2.3051 2.2079 4756.3500 -3.7555 -0.4682
4757.1500 -4.1332 0.1284 4757.5500 2.7297 2.7250 4757.3500 -3.4075 3.1950
4758.1500 -3.4980 3.9540 4758.5500 -2.4674 -0.6090 4758.3500 -3.7839 0.8532
4759.1500 3.3159 1.3558 4759.5500 -1.6265 0.3616 4759.3500 3.7271 -0.3595
4760.1500 -1.3144 1.5407 4760.5500 0.3911 -1.6821 4760.3500 3.5388 0.9668
4761.1500 -2.3815 -1.4549 4761.5500 -1.4200 1.5647 4761.3500 -4.9731 -1.7864
4762.1500 -3.7430 2.5162 4762.5500 -0.2954 -1.0041 4762.3500 3.0748 1.8608
4763.1000 -0.4940 0.0080 4763.9000 0.0027 -0.0005 4763.4000 0.5051 0.0008
4763.5000 -0.2944 -0.4929 4763.5000 0.3057 -0.4958 4763.5000 -0.0023 0.5057
4764.1500 2.8304 -2.4758 4764.5500 0.3745 2.6856 4764.3500 -4.4536 3.1301
4765.1500 2.6343 1.8672 4765.5500 3.3183 -1.0626 4765.3500 -2.2816 -0.4216
4766.1500 2.5103 4.2287 4766.5500 -0.7518 -1.2664 4766.3500 1.8137 3.3172
4767.1500 3.6772 -4.6639 4767.5500 2.3006 4.3798 4767.3500 -2.3757 -3.3227
4768.1500 -3.9032 2.4276 4768.5500 2.7587 3.8812 4768.3500 3.0376 -4.0437
4769.1500 -3.5593 -0.8900 4769.5500 1.3435 -1.5669 4769.3500 4.0849 -2.0185
4770.1500 3.8652 4.2968 4770.5500 -2.9267 2.2409 4770.3500 -3.0827 4.1621
4771.1500 -3.1678 -3.3056 4771.5500 1.2984 0.2104 4771.3500 -4.1680 -4.4172
4772.1500 2.5035 3.5330 4772.5500 4.4891 -1.6614 4772.3500 0.6292 -0.6010
4773.1000 -0.5076 -0.0085 4773.9000 -0.0049 -0.0081 4773.4000 0.4957 0.0060
4773.5000 -0.2958 -0.4944 4773.5000 0.3002 -0.4997 4773.5000 0.0074 0.4968
4774.1500 1.0207 -0.8127 4774.5500 -0.0349 1.6196 4774.3500 1.2471 3.5025
4775.1500 1.5655 -1.8785 4775.5500 3.9825 -0.9509 4775.3500 -0.3013 2.0806
4776.1000 -0.4914 0.0007 4776.9000 -0.0061 0.0074 4776.4000 0.4968 -0.0037
4776.5000 -0.3076 -0.4970 4776.5000 0.2910 -0.4924 4776.5000 -0.0018 0.5048
4777.1500 -3.6153 -2.4470 4777.5500 4.1629 -2.2510 4777.3500 0.2649 2.8482
4778.1500 2.3241 -3.9372 4778.5500 3.5778 -2.2073 4778.3500 1.0485 -3.6756
4779.1500 -4.3677 -3.6657 4779.5500 3.5682 -1.1044 4779.3500 -1.6352 0.3132
4780.1500 4.6707 1.9144 4780.5500 4.9208 -1.2302 4780.3500 -3.4082 -3.6668
4781.1500 0.9363 -2.9676 4781.5500 -3.3296 -0.0172 4781.3500 -4.4526 0.4256
4782.1500 -3.4213 3.9887 4782.5500 2.0073 -3.4364 4782.3500 1.2770 3.3420
4783.1500 -2.7273 4.9443 4783.5500 0.8250 -1.6325 4783.3500 2.6766 -3.0489
4784.1500 -0.8041 -3.1955 4784.5500 0.5953 2.2363 4784.3500 3.1811 -1.1157
4785.1500 -0.3414 -3.8092 4785.5500 3.9762 1.6735 4785.3500 -4.8827 0.5288
4786.1500 4.9747 1.8057 4786.5500 1.6857 3.7021 4786.3500 2.1048 2.7218
4787.1500 0.9349 -1.9311 4787.5500 -2.8663 0.8877 4787.3500 -4.9038 0.8495
4788.1000 -0.4972 -0.0080 4788.9000 0.0042 0.0046 4788.4000 0.4982 -0.0087
4788.5000 -0.3043 -0.4978 4788.5000 0.2951 -0.5058 4788.5000 0.0054 0.4993
4789.1500 1.9470 2.4802 4789.5500 1.1246 -0.7320 4789.3500 -4.4310 4.0961
4790.1500 -4.2944 1.4280 4790.5500 -3.4365 -3.0784 4790.3500 2.0266 -3.4122
4791.1500 1.1655 -2.6517 4791.5500 3.6438 -2.3708 4791.3500 3.9913 -4.5513
4792.1500 0.1034 -1.9458 4792.5500 3.1424 3.0731 4792.3500 -4.5794 0.7206
4793.1500 -1.1689 -0.9979 4793.5500 3.3933 4.4466 4793.3500 -4.2610 -3.1521
4794.1500 2.4155 4.7874 4794.5500 1.4091 -0.3924 4794.3500 -0.4936 1.7261
4795.1500 1.4825 0.0046 4795.5500 -0.6822 0.7378 4795.3500 -1.1488 0.9165
4796.1000 -0.4979 -0.0012 4796.9000 0.0044 -0.0085 4796.4000 0.5075 -0.0086
4796.5000 -0.2905 -0.5062 4796.5000 0.2907 -0.4930 4796.5000 -0.0089 0.4961
4797.1000 -0.5077 -0.0082 4797.9000 -0.0095 -0.0011 4797.4000 0.5034 0.0044
4797.5000 -0.3015 -0.5069 4797.5000 0.2983 -0.4915 4797.5000 0.0052 0.5077
4798.1500 0.9820 -3.7798 4798.5500 4.1475 4.6123 4798.3500 -4.5923 4.7651
4799.1500 1.1908 -2.0603 4799.5500 -0.6493 -2.7184 4799.3500 4.1851 2.7891
4800.1500 -1.8901 4.5785 4800.5500 -0.8805 -3.5295 4800.3500 4.8925 3.4179
4801.1000 -0.4959 0.0044 4801.9000 0.0054 -0.0095 4801.4000 0.5050 -0.0063
4801.5000 -0.2969 -0.5020 4801.5000 0.3056 -0.4996 4801.5000 -0.0074 0.5028
4802.1500 4.7114 -4.3061 4802.5500 -0.1929 1.2958 4802.3500 -1.3586 0.7270
4803.1500 -0.6494 0.5657 4803.5500 3.7299 -0.4778 4803.3500 3.6534 0.9907
4804.1000 -0.4963 0.0073 4804.9000 0.0031 -0.0024 4804.4000 0.5024 -0.0038
4804.5000 -0.3092 -0.5021 4804.5000 0.2973 -0.4941 4804.5000 -0.0071 0.4929
4805.1500 1.3094 -3.5094 4805.5500 0.6130 -0.4958 4805.3500 -0.3998 2.8788
4806.1500 -4.0528 3.4964 4806.5500 -3.0448 -0.4981 4806.3500 3.4063 4.0820
4807.1500 -3.7654 1.9053 4807.5500 4.0169 3.7345 4807.3500 -4.6644 -3.6060
4808.1500 3.4351 3.6225 4808.5500 2.4570 -1.0699 4808.3500 0.1818 -0.6193
4809.1000 -0.5095 0.0075 4809.9000 0.0034 -0.0035 4809.4000 0.5039 -0.0004
4809.5000 -0.2923 -0.4918 4809.5000 0.3065 -0.5058 4809.5000 -0.0024 0.5037
4810.1000 -0.5018 -0.0056 4810.9000 -0.0022 0.0057 4810.4000 0.4966 0.0073
4810.5000 -0.3061 -0.4966 4810.5000 0.3083 -0.5003 4810.5000 -0.0098 0.4968
4811.1500 -4.1330 2.7526 4811.5500 -2.3121 -3.7475 4811.3500 4.5710 -0.2517
4812.1500 -1.9002 1.6254 4812.5500 2.4183 -3.2881 4812.3500 -4.9223 1.0273
4813.1500 -4.0825 -0.4534 4813.5500 -2.2742 -3.2960 4813.3500 4.7246 -1.8052
4814.1500 -4.4414 -3.6880 4814.5500 -1.0892 -1.7040 4814.3500 -1.7620 1.7491
4815.1500 0.1386 -4.3776 4815.5500 -4.3406 -3.1041 4815.3500 -4.7849 -0.9543
4816.1500 1.7351 -1.1631 4816.5500 -1.3272 -0.6703 4816.3500 3.4165 -1.6845
4817.1500 1.9570 -2.1111 4817.5500 -2.6901 1.4357 4817.3500 -1.1632 3.3481
4818.1500 4.3536 -0.8544 4818.5500 4.8058 -2.4384 4818.3500 -0.9477 -3.5635
4819.1500 -3.7961 2.5948 4819.5500 2.9424 0.7563 4819.3500 -4.8043 2.7672
4820.1500 3.9214 -0.6080 4820.5500 -3.8157 2.8148 4820.3500 -1.1263 3.6910
4821.1500 -3.6884 3.6409 4821.5500 -1.7388 -3.0036 4821.3500 0.2044 1.5098
4822.1500 -2.7067 -4.0174 4822.5500 3.3204 -1.9785 4822.3500 -1.7485 -1.0186
4823.1500 -2.9329 -2.9643 4823.5500 -2.4882 -3.0300 4823.3500 2.3822 -4.9047
4824.1500 -3.7696 0.1671 4824.5500 3.1716 4.7012 4824.3500 -0.4208 4.9945
4825.1500 -4.9109 1.1935 4825.5500 3.7458 0.3015 4825.3500 -0.2397 2.6185
4826.1000 -0.5018 0.0016 4826.9000 0.0017 -0.0012 4826.4000 0.5018 -0.0014
4826.5000 -0.3049 -0.5061 4826.5000 0.2965 -0.5089 4826.5000 0.0063 0.5014
4827.1500 2.0420 -0.6727 4827.5500 -0.5286 1.4763 4827.3500 0.1183 4.3244
4828.1500 -0.9917 -1.1561 4828.5500 0.7127 -4.9619 4828.3500 0.6277 2.6028
4829.1500 -2.8144 3.0660 4829.5500 3.8481 -0.0961 4829.3500 2.2359 1.4728
4830.1500 -3.4729 2.0677 4830.5500 4.6829 1.3301 4830.3500 2.9457 -0.4498
4831.1500 -1.2095 -0.9077 4831.5500 -3.1632 -0.0959 4831.3500 -4.3467 -1.9433
4832.1500 -0.9286 4.2399 4832.5500 0.2267 -0.5538 4832.3500 3.8255 0.0906
4833.1500 -3.3322 2.2678 4833.5500 1.3938 -2.4646 4833.3500 4.2404 3.6537
4834.1500 4.5134 -3.3873 4834.5500 -1.7452 1.3579 4834.3500 1.2381 -0.2242
4835.1500 -1.1356 -3.8525 4835.5500 1.5239 -1.8473 4835.3500 3.0213 3.9725
4836.1500 3.5293 -1.6145 4836.5500 -4.1978 -4.7526 4836.3500 4.8330 1.5109
4837.1500 -2.5216 1.1163 4837.5500 3.8240 -3.2226 4837.3500 -1.4095 3.7147
4838.1500 -4.3663 2.6598 4838.5500 -1.2923 -3.3271 4838.3500 4.5852 1.0101
4839.1000 -0.5055 -0.0054 4839.9000 0.0087 -0.0094 4839.4000 0.5024 0.0061
4839.5000 -0.3056 -0.4956 4839.5000 0.2929 -0.4982 4839.5000 -0.0100 0.5085
4840.1500 4.0028 -3.4880 4840.5500 -0.9197 3.5722 4840.3500 1.2309 -4.6830
4841.1500 -3.4854 0.3031 4841.5500 1.0364 3.7091 4841.3500 1.1889 -0.0516
4842.1500 4.9671 3.3948 4842.5500 2.0911 -2.9602 4842.3500 -0.4437 -0.0983
4843.1500 -4.3749 -1.0763 4843.5500 -2.6261 1.3540 4843.3500 0.0924 3.6878
4844.1500 4.3005 -0.0361 4844.5500 3.9064 1.0463 4844.3500 -3.1083 -1.2961
4845.1500 -4.1792 4.4161 4845.5500 3.0870 1.3122 4845.3500 2.0260 -0.9399
4846.1500 4.3238 -1.6718 4846.5500 1.1305 -4.7915 4846.3500 2.5421 3.2860
4847.1500 0.7620 3.8061 4847.5500 -4.5856 3.2317 4847.3500 -3.6098 -1.3492
4848.1500 -3.7399 -0.2897 4848.5500 2.6511 0.9305 4848.3500 -4.2310 -1.4744
4849.1000 -0.5004 0.0083 4849.9000 -0.0076 -0.0084 4849.4000 0.5085 0.0046
4849.5000 -0.3096 -0.5064 4849.5000 0.2999 -0.5096 4849.5000 0.0055 0.4976
4850.1500 -3.8022 0.0510 4850.5500 4.3627 -3.0466 4850.3500 3.8350 -1.8551
4851.1500 -0.1491 4.1075 4851.5500 -3.8112 -2.5412 4851.3500 -1.4170 -3.8602
4852.1500 1.5740 -1.1115 4852.5500 3.8047 1.2931 4852.3500 2.8054 2.9869
4853.1500 0.8153 -2.4735 4853.5500 -0.6238 -1.3787 4853.3500 -2.3557 3.5445
4854.1000 -0.4937 0.0075 4854.9000 0.0001 -0.0088 4854.4000 0.4978 0.0039
4854.5000 -0.3064 -0.4957 4854.5000 0.2918 -0.5021 4854.5000 -0.0030 0.4983
4855.1500 4.3022 4.8209 4855.5500 0.9128 -3.0432 4855.3500 4.9205 2.9329
4856.1500 -3.0018 -1.6368 4856.5500 2.1088 -3.1858 4856.3500 1.2790 0.3757
4857.1500 -1.3521 -1.1487 4857.5500 -3.4231 1.4330 4857.3500 -2.6316 1.2897
4858.1500 1.0144 -1.9216 4858.5500 -4.1385 -2.2746 4858.3500 -1.7431 -0.5336
4859.1500 2.6701 1.0384 4859.5500 3.9397 2.7306 4859.3500 3.2337 4.6011
4860.1500 -1.8180 0.2668 4860.5500 0.7008 0.4350 4860.3500 1.2371 -0.0205
4861.1500 -4.8613 0.2089 4861.5500 -4.3675 2.1528 4861.3500 3.9182 3.6024
4862.1500 -1.8050 -2.2041 4862.5500 -3.8462 -2.1665 4862.3500 2.1250 0.3351
4863.1000 -0.4932 -0.0059 4863.9000 0.0041 0.0020 4863.4000 0.4947 -0.0067
4863.5000 -0.3094 -0.5082 4863.5000 0.3053 -0.4990 4863.5000 -0.0077 0.5100
4864.1500 -1.9947 3.8544 4864.5500 -3.9805 -2.9594 4864.3500 2.2542 -4.2950
4865.1500 0.8438 4.4444 4865.5500 -0.8626 -0.5384 4865.3500 -1.9106 -0.4665
4866.1500 2.6545 -4.3630 4866.5500 0.7681 -1.3747 4866.3500 2.5026 -0.1252
4867.1500 4.5069 0.1875 4867.5500 -4.3189 4.9796 4867.3500 -3.6451 0.7922
4868.1500 1.6541 3.3555 4868.5500 -0.3409 3.0832 4868.3500 -3.4664 3.2112
4869.1500 -1.4423 4.0839 4869.5500 2.5896 4.3928 4869.3500 -3.2532 -0.6791
4870.1500 3.9897 -2.5714 4870.5500 2.3849 -4.3034 4870.3500 2.2751 0.8455
4871.1000 -0.5055 -0.0070 4871.9000 0.0056 0.0053 4871.4000 0.4912 0.0059
4871.5000 -0.3050 -0.5052 4871.5000 0.2992 -0.5064 4871.5000 0.0020 0.5002
4872.1500 4.9894 2.2214 4872.5500 4.2488 -2.1040 4872.3500 -0.3833 1.6002
4873.1500 3.9936 -1.1547 4873.5500 4.9034 1.3253 4873.3500 0.6195 -3.3327
4874.1500 2.1823 -3.8090 4874.5500 3.5837 2.5579 4874.3500 -2.8245 0.4412
4875.1500 -1.9611 -1.4248 4875.5500 -1.5060 1.9854 4875.3500 -3.1792 3.2882
4876.1500 -3.2431 2.8039 4876.5500 -3.0744 -4.8981 4876.3500 1.1350 -4.4632
4877.1500 -3.5800 -4.6665 4877.5500 -1.3729 -2.9829 4877.3500 0.4366 -4.0095
4878.1500 -2.7920 -1.5634 4878.5500 -2.9209 -0.8015 4878.3500 -2.8231 -3.4348
4879.1500 4.5210 -3.9094 4879.5500 3.7895 2.3545 4879.3500 3.4211 -4.9604
4880.1500 -2.9363 0.9872 4880.5500 4.3636 2.1594 4880.3500 -2.5376 0.0104
4881.1500 0.1633 4.9665 4881.5500 1.5915 0.0673 4881.3500 3.5880 4.9348
4882.1500 -0.2163 1.3508 4882.5500 1.5198 2.4897 4882.3500 -4.5166 -1.2502
4883.1500 3.6928 -1.5357 4883.5500 2.5820 3.0330 4883.3500 -3.1670 -1.5534
4884.1500 -4.1376 3.6643 4884.5500 3.6603 4.2891 4884.3500 -1.2190 -4.2035
4885.1500 -2.0920 3.5098 4885.5500 2.4123 3.1379 4885.3500 3.4100 1.4128
4886.1500 4.6363 -1.1690 4886.5500 -2.7762 -1.0531 4886.3500 2.2365 1.3913
4887.1500 -2.4814 -4.9956 4887.5500 2.4451 -4.6911 4887.3500 3.2283 0.1662
4888.1500 -2.5856 -1.2481 4888.5500 2.7762 0.0876 4888.3500 -2.8311 1.2515
4889.1500 0.1459 3.4246 4889.5500 -3.5022 -2.7455 4889.3500 1.0942 4.5166
4890.1500 3.8663 -0.6085 4890.5500 1.1563 4.7724 4890.3500 4.6386 -2.1130
4891.1500 4.4233 -4.9671 4891.5500 -1.5294 1.9071 4891.3500 -2.2819 -4.4462
4892.1500 0.3312 4.5030 4892.5500 1.4563 2.9795 4892.3500 4.7681 -1.6230
4893.1500 2.0168 3.3412 4893.5500 -3.3528 -1.3441 4893.3500 -4.9493 0.8081
4894.1500 -2.9100 3.0245 4894.5500 3.3246 3.5268 4894.3500 -4.8715 -2.8824
4895.1500 -3.0924 -1.2524 4895.5500 4.2308 -3.3698 4895.3500 -0.4095 0.5017
4896.1500 2.2597 -1.5695 4896.5500 -4.2938 -3.1676 4896.3500 -2.6847 -2.9174
4897.1500 3.4710 4.3013 4897.5500 -2.8023 0.9831 4897.3500 -1.6021 -2.8009
4898.1500 -4.9702 0.3082 4898.5500 0.7315 2.3931 4898.3500 -0.7402 0.7423
4899.1500 -4.8285 -2.7641 4899.5500 -2.5534 -3.5915 4899.3500 3.8854 0.3505
4900.1500 3.0607 -3.8252 4900.5500 -2.0219 3.3063 4900.3500 -4.9344 4.0961
4901.1500 2.6121 -3.6388 4901.5500 2.5664 -3.8716 4901.3500 -0.7735 1.4887
4902.1500 -1.1229 -4.6888 4902.5500 4.4785 -4.1183 4902.3500 3.0190 -3.1824
4903.1500 1.2990 -1.4004 4903.5500 -2.1505 0.3920 4903.3500 -1.1912 4.2014
4904.1500 -0.7578 -0.5568 4904.5500 -2.2120 2.6157 4904.3500 -1.5004 -2.2789
4905.1500 -2.7807 -0.5982 4905.5500 1.3739 1.3915 4905.3500 2.7699 -2.1053
4906.1500 4.3242 0.4504 4906.5500 -1.7630 -0.8765 4906.3500 -1.2159 -4.0046
4907.1500 0.2157 -4.7072 4907.5500 -2.2637 -1.4942 4907.3500 1.8659 1.9825
4908.1500 1.6883 2.9537 4908.5500 0.3564 -3.3475 4908.3500 0.3575 3.7068
4909.1500 -1.9336 -0.3076 4909.5500 0.5854 -0.2791 4909.3500 -2.7570 -2.2452
4910.1000 -0.4964 -0.0020 4910.9000 0.0030 0.0043 4910.4000 0.4955 -0.0025
4910.5000 -0.3055 -0.5070 4910.5000 0.3018 -0.5093 4910.5000 0.0065 0.4972
4911.1500 0.2367 1.4621 4911.5500 2.7389 -3.7235 4911.3500 0.3787 0.2219
4912.1500 2.5580 3.5862 4912.5500 0.8157 1.1314 4912.3500 -3.1746 -2.5436
4913.1500 -4.9577 3.8212 4913.5500 1.6658 -4.9113 4913.3500 4.4382 3.9808
4914.1500 -0.5226 2.1660 4914.5500 -0.7892 -3.3373 4914.3500 -3.7506 3.7429
4915.1500 1.8809 -0.0215 4915.5500 -1.9665 1.2626 4915.3500 -1.0415 1.4067
4916.1500 -4.6913 -1.2510 4916.5500 -3.0246 4.7090 4916.3500 3.9363 0.2327
4917.1500 3.6165 3.3672 4917.5500 -2.5657 -4.5521 4917.3500 -1.2643 -1.1266
4918.1000 -0.5018 0.0011 4918.9000 0.0092 0.0045 4918.4000 0.5084 -0.0063
4918.5000 -0.2935 -0.5100 4918.5000 0.3035 -0.5042 4918.5000 -0.0084 0.5050
4919.1500 0.8085 4.3622 4919.5500 -3.2243 -4.6921 4919.3500 -3.3687 2.8654
4920.1500 -0.7282 0.7331 4920.5500 -2.9373 -3.2001 4920.3500 -3.4448 3.7257
4921.1500 1.0132 -2.7277 4921.5500 3.2518 -3.2928 4921.3500 -0.4218 3.0539
4922.1500 2.8140 -3.2538 4922.5500 0.6903 3.3821 4922.3500 -2.6330 -1.9351
4923.1500 -1.6711 1.6008 4923.5500 -3.7298 -0.6283 4923.3500 -3.7851 1.6707
4924.1000 -0.5032 0.0015 4924.9000 0.0080 0.0043 4924.4000 0.5002 0.0027
4924.5000 -0.2946 -0.5025 4924.5000 0.2973 -0.5048 4924.5000 -0.0029 0.5072
4925.1500 0.9354 2.7129 4925.5500 -4.6679 -2.9201 4925.3500 4.2782 -0.4661
4926.1500 2.3014 -1.3448 4926.5500 3.9472 3.6322 4926.3500 1.8375 3.1765
4927.1500 -0.1607 1.7410 4927.5500 -4.3206 -2.8637 4927.3500 1.6932 3.7807
4928.1500 -1.6543 0.7284 4928.5500 -0.8863 2.7303 4928.3500 -1.7201 3.8947
4929.1500 3.3619 -0.9303 4929.5500 4.9254 3.0537 4929.3500 -2.8493 1.9471
4930.1500 -3.7765 -2.9418 4930.5500 -3.9180 -0.1863 4930.3500 3.9532 0.5431
4931.1500 3.8056 -2.8951 4931.5500 1.2931 -4.1845 4931.3500 4.5144 4.3639
4932.1500 0.4182 -3.6596 4932.5500 2.0882 4.1674 4932.3500 -4.9540 -0.3771
4933.1500 -2.8688 1.0023 4933.5500 -4.7565 -4.7165 4933.3500 4.3954 3.0734
4934.1500 -0.3623 2.6128 4934.5500 3.5919 -4.0185 4934.3500 1.9750 4.7684
4935.1000 -0.5046 0.0098 4935.9000 -0.0004 0.0054 4935.4000 0.5004 -0.0058
4935.5000 -0.2985 -0.4933 4935.5000 0.3073 -0.4994 4935.5000 0.0097 0.4977
4936.1500 1.3920 3.0630 4936.5500 4.3660 -1.1993 4936.3500 1.9557 -2.3678
4937.1500 3.2197 3.4680 4937.5500 -2.8428 2.5368 4937.3500 1.4168 -1.1816
4938.1500 -2.5049 0.6860 4938.5500 2.9461 0.1292 4938.3500 -0.2954 -3.9316
4939.1000 -0.4987 -0.0016 4939.9000 0.0085 -0.0040 4939.4000 0.5043 -0.0070
4939.5000 -0.2938 -0.4915 4939.5000 0.2937 -0.5033 4939.5000 -0.0037 0.5081
4940.1500 -4.6783 1.1622 4940.5500 2.5848 -1.4204 4940.3500 -0.2978 2.5126
4941.1500 -4.7673 3.9974 4941.5500 2.5640 -4.4783 4941.3500 0.9285 3.3065
4942.1500 -1.1970 -2.9346 4942.5500 -2.3224 1.1215 4942.3500 -2.4193 4.7852
4943.1500 -4.3279 4.5731 4943.5500 1.6846 -2.8642 4943.3500 -1.5111 2.8106
4944.1500 -1.1863 -2.3183 4944.5500 -2.3397 -0.8415 4944.3500 -4.5086 -2.2006
4945.1500 1.5673 -1.5258 4945.5500 3.2847 -3.3087 4945.3500 -1.7161 2.1715
4946.1500 4.9501 0.5413 4946.5500 -0.7057 -4.5920 4946.3500 3.0800 2.7281
4947.1500 -0.6960 0.9215 4947.5500 -4.0385 -3.1543 4947.3500 2.7968 3.3844
4948.1500 -3.4962 -1.6524 4948.5500 -4.2247 1.0724 4948.3500 -3.0075 1.6389
4949.1500 -4.9204 -1.2724 4949.5500 0.4255 2.9213 4949.3500 -3.0927 2.2775
4950.1500 3.1745 -2.8218 4950.5500 4.1873 1.0212 4950.3500 3.0943 2.7151
4951.1500 4.8894 -3.1982 4951.5500 0.1557 -1.5103 4951.3500 -4.2097 -1.9026
4952.1500 -1.0041 -1.1816 4952.5500 -1.1792 -2.2999 4952.3500 -3.4510 4.4295
4953.1500 2.8326 1.9600 4953.5500 -2.2751 0.5675 4953.3500 -1.6445 1.8261
4954.1500 -2.1307 3.4865 4954.5500 4.1370 -4.7503 4954.3500 0.5378 -1.3857
4955.1500 3.3551 -4.4731 4955.5500 -2.7320 -3.6404 4955.3500 2.8629 -1.6862
4956.1000 -0.5094 -0.0048 4956.9000 0.0018 -0.0050 4956.4000 0.4944 0.0065
4956.5000 -0.2927 -0.5067 4956.5000 0.3015 -0.4947 4956.5000 -0.0076 0.5007
4957.1500 -3.7829 -2.8055 4957.5500 -3.5334 -2.9290 4957.3500 -2.8184 0.2839
4958.1500 -2.5405 -1.2679 4958.5500 -0.7731 4.5963 4958.3500 1.2454 4.0766
4959.1500 -2.0250 3.9897 4959.5500 -2.1948 1.5363 4959.3500 4.7923 3.9903
4960.1500 2.5225 0.5000 4960.5500 0.3268 3.6098 4960.3500 -0.3821 0.2004
4961.1500 -4.0490 -2.9253 4961.5500 3.5507 3.7371 4961.3500 1.6383 4.7969
4962.1500 -4.7237 4.4700 4962.5500 0.7478 -1.6758 4962.3500 -1.5708 -4.5525
4963.1000 -0.4976 0.0053 4963.9000 -0.0057 0.0073 4963.4000 0.5071 0.0043
4963.5000 -0.2963 -0.4944 4963.5000 0.3035 -0.5027 4963.5000 0.0050 0.4951
4964.1500 -4.1856 -1.4779 4964.5500 -2.6559 2.3617 4964.3500 4.5755 -4.8175
4965.1500 -2.3103 -2.4973 4965.5500 0.9120 -0.0741 4965.3500 2.7449 -0.2306
4966.1500 -1.6762 0.0711 4966.5500 -0.6252 4.1717 4966.3500 2.1562 -0.1800
4967.1500 -4.7869 -0.9222 4967.5500 -0.2781 4.6089 4967.3500 0.8717 -0.9853
4968.1500 -4.2278 -0.0378 4968.5500 -0.3468 -3.3318 4968.3500 -1.8915 1.9377
4969.1000 -0.5069 -0.0071 4969.9000 -0.0021 -0.0081 4969.4000 0.5057 0.0060
4969.5000 -0.2959 -0.5048 4969.5000 0.3062 -0.5010 4969.5000 0.0089 0.4947
4970.1500 2.8105 2.8285 4970.5500 2.0424 -1.7442 4970.3500 -3.1969 1.8939
4971.1000 -0.4906 -0.0077 4971.9000 -0.0006 -0.0089 4971.4000 0.5063 -0.0016
4971.5000 -0.3026 -0.4984 4971.5000 0.2928 -0.5056 4971.5000 -0.0011 0.4900
4972.1500 4.1513 2.0142 4972.5500 -1.0243 3.8886 4972.3500 -2.1557 1.1811
4973.1500 3.2182 -3.9306 4973.5500 -0.8186 -4.6939 4973.3500 -4.4853 -3.4469
4974.1500 2.5999 1.2201 4974.5500 2.8350 -4.3926 4974.3500 -0.1909 0.1299
4975.1500 -1.4524 -3.6521 4975.5500 1.0338 2.2995 4975.3500 -2.4976 4.2242
4976.1500 -3.2932 -1.4598 4976.5500 4.4677 -3.7521 4976.3500 0.2358 -1.6946
4977.1500 0.3340 2.6863 4977.5500 0.6152 3.6221 4977.3500 -1.6236 -1.2628
4978.1500 4.8840 -4.8380 4978.5500 -1.1299 -0.5840 4978.3500 0.3851 -1.3376
4979.1000 -0.5021 -0.0076 4979.9000 0.0031 0.0017 4979.4000 0.5019 0.0070
4979.5000 -0.3013 -0.4918 4979.5000 0.3007 -0.5027 4979.5000 -0.0041 0.5083
4980.1500 2.4728 -0.9745 4980.5500 2.8759 3.5167 4980.3500 0.9775 -3.6374
4981.1500 0.6737 -2.3236 4981.5500 0.9153 -1.9932 4981.3500 0.5356 3.3520
4982.1000 -0.4952 0.0035 4982.9000 -0.0087 0.0097 4982.4000 0.4960 0.0082
4982.5000 -0.2916 -0.5027 4982.5000 0.3014 -0.5092 4982.5000 -0.0025 0.5085
4983.1000 -0.4985 0.0041 4983.9000 0.0044 -0.0072 4983.4000 0.4908 0.0009
4983.5000 -0.2921 -0.5076 4983.5000 0.3055 -0.4959 4983.5000 -0.0088 0.4913
4984.1500 3.0107 -3.0046 4984.5500 1.0166 4.8558 4984.3500 -2.2697 2.4335
4985.1500 -4.4602 4.1699 4985.5500 4.8796 -0.3193 4985.3500 4.4369 3.7901
4986.1500 1.8356 0.6673 4986.5500 4.5918 -3.8422 4986.3500 -4.6074 -3.5005
4987.1500 1.7072 -4.2130 4987.5500 -4.8210 1.5076 4987.3500 4.9524 -2.1934
4988.1500 -2.0286 0.3594 4988.5500 2.3901 1.1043 4988.3500 1.6115 -2.5494
4989.1500 -3.3372 1.2759 4989.5500 3.2859 -0.2049 4989.3500 2.4425 4.2168
4990.1000 -0.4970 0.0020 4990.9000 0.0035 -0.0097 4990.4000 0.4912 -0.0088
4990.5000 -0.2991 -0.5045 4990.5000 0.2922 -0.4975 4990.5000 0.0046 0.4905
4991.1500 2.4639 4.8084 4991.5500 -4.1774 1.4086 4991.3500 0.5214 -1.3591
4992.1000 -0.4971 -0.0034 4992.9000 -0.0036 0.0092 4992.4000 0.4953 -0.0055
4992.5000 -0.2911 -0.5098 4992.5000 0.2964 -0.4990 4992.5000 0.0071 0.5018
4993.1000 -0.4926 -0.0035 4993.9000 -0.0042 -0.0041 4993.4000 0.4986 0.0051
4993.5000 -0.3008 -0.4915 4993.5000 0.2913 -0.4951 4993.5000 -0.0079 0.5079
4994.1500 4.6353 3.6942 4994.5500 3.3509 -2.6619 4994.3500 -4.5454 1.0227
4995.1000 -0.5026 -0.0062 4995.9000 0.0019 0.0023 4995.4000 0.5024 0.0052
4995.5000 -0.2911 -0.5084 4995.5000 0.2950 -0.4928 4995.5000 -0.0067 0.4940
4996.1500 2.8773 3.9943 4996.5500 -1.3824 3.6211 4996.3500 0.2737 2.3804
4997.1500 3.9806 -1.2818 4997.5500 -0.5060 1.0158 4997.3500 -1.0217 -0.2725
4998.1500 4.3891 0.6637 4998.5500 -4.6793 -0.2853 4998.3500 -1.8091 0.0502
4999.1500 -2.0805 0.6343 4999.5500 1.2620 2.9975 4999.3500 -1.2809 -1.3077
5000.1500 2.6744 -2.1873 5000.5500 -3.6991 -4.0369 5000.3500 -3.1302 3.2861
5001.1500 1.8441 -1.1631 5001.5500 3.0001 0.2431 5001.3500 -0.9998 4.8150
5002.1500 1.2902 -0.4364 5002.5500 -3.6853 0.4925 5002.3500 4.3068 -3.5599
5003.1500 -0.5998 4.9141 5003.5500 4.7382 -0.8756 5003.3500 3.8272 -0.3463
5004.1500 1.2336 3.4339 5004.5500 0.1662 -0.9986 5004.3500 1.8344 0.3155
5005.1500 -0.5932 1.5367 5005.5500 3.1574 -0.0162 5005.3500 -2.4849 -0.6108
5006.1000 -0.5083 0.0007 5006.9000 -0.0067 -0.0015 5006.4000 0.4987 0.0009
5006.5000 -0.3046 -0.4932 5006.5000 0.3100 -0.5049 5006.5000 0.0005 0.4903
5007.1500 -4.1756 4.5630 5007.5500 3.7613 3.2578 5007.3500 0.1106 0.2071
5008.1500 0.2859 2.3587 5008.5500 4.6815 3.9117 5008.3500 -2.7365 4.0807
5009.1500 -1.6891 -1.3312 5009.5500 -4.6955 -0.9586 5009.3500 3.5694 -4.1381
5010.1500 4.3934 0.3122 5010.5500 -3.6528 -4.9224 5010.3500 1.4374 -2.4185
5011.1500 4.9237 0.2528 5011.5500 1.6938 -1.0215 5011.3500 0.4684 -1.4027
5012.1500 1.6812 3.5209 5012.5500 3.2836 -2.5145 5012.3500 -2.8436 0.5194
5013.1500 -3.6788 -2.1448 5013.5500 2.9245 2.6030 5013.3500 0.3796 1.0191
5014.1500 -0.3233 0.2481 5014.5500 2.2886 2.9887 5014.3500 3.6594 -1.7514
5015.1500 -2.5877 -3.1059 5015.5500 -3.8290 -0.1877 5015.3500 0.5175 2.8104
5016.1500 -0.0503 4.1102 5016.5500 -2.4802 3.5628 5016.3500 0.9026 4.6366
5017.1000 -0.4911 -0.0090 5017.9000 -0.0067 -0.0040 5017.4000 0.5082 -0.0002
5017.5000 -0.2957 -0.5094 5017.5000 0.2992 -0.5036 5017.5000 0.0020 0.5008
5018.1500 -0.6375 1.1193 5018.5500 -0.3391 1.7746 5018.3500 3.5386 0.2499
5019.1500 -4.7944 3.1611 5019.5500 -2.9517 -3.0657 5019.3500 3.8980 -2.3477
5020.1000 -0.5064 0.0027 5020.9000 -0.0058 0.0062 5020.4000 0.4960 0.0065
5020.5000 -0.2971 -0.5068 5020.5000 0.2902 -0.5001 5020.5000 0.0089 0.5025
5021.1500 -1.8026 1.1022 5021.5500 -3.0771 -2.4651 5021.3500 1.7183 -0.8206
5022.1000 -0.5080 0.0014 5022.9000 0.0094 -0.0002 5022.4000 0.4949 0.0005
5022.5000 -0.3088 -0.4961 5022.5000 0.3090 -0.4988 5022.5000 -0.0027 0.5049
5023.1500 0.8861 1.6074 5023.5500 3.7922 -2.5706 5023.3500 -2.7965 1.9895
5024.1500 0.1389 4.0875 5024.5500 -2.8318 3.4238 5024.3500 -1.1046 3.5870
5025.1500 4.2454 0.2162 5025.5500 3.6022 2.7648 5025.3500 -4.4977 2.0339
5026.1500 3.3047 -1.4791 5026.5500 3.3447 2.3319 5026.3500 -0.5231 3.5022
5027.1500 2.9448 4.5907 5027.5500 2.6207 -0.0170 5027.3500 -2.3122 -1.2946
5028.1500 -3.1765 2.6080 5028.5500 0.8495 3.4636 5028.3500 -3.8401 -3.1080
5029.1500 2.1859 -3.1022 5029.5500 3.3540 -0.5715 5029.3500 -0.9513 -0.5284
5030.1500 -1.4107 4.5693 5030.5500 1.2228 0.9104 5030.3500 -2.1499 3.2155
5031.1500 -2.8959 -0.8238 5031.5500 2.0372 4.8889 5031.3500 0.9297 -3.9872
5032.1500 3.0987 -3.2613 5032.5500 -3.1015 3.2251 5032.3500 -1.0015 3.1285
5033.1500 1.4223 0.6973 5033.5500 -1.6628 -1.2949 5033.3500 3.1708 -4.3701
5034.1500 3.9137 1.6734 5034.5500 -4.5518 0.6625 5034.3500 -3.6281 3.3820
5035.1500 1.7696 1.9436 5035.5500 3.9780 4.7198 5035.3500 -2.6175 -0.1934
5036.1000 -0.4980 -0.0042 5036.9000 -0.0032 -0.0062 5036.4000 0.5068 0.0067
5036.5000 -0.2985 -0.4950 5036.5000 0.2918 -0.5051 5036.5000 -0.0005 0.4922
5037.1500 4.9369 -0.4836 5037.5500 -1.0869 -3.7892 5037.3500 2.6291 -3.2564
5038.1500 0.1599 3.0764 5038.5500 -0.1344 4.3037 5038.3500 -3.2026 1.7390
5039.1500 0.6377 1.0553 5039.5500 -2.5972 -1.5535 5039.3500 1.9241 1.4532
5040.1500 0.9662 -3.2608 5040.5500 -4.0419 -2.3447 5040.3500 -2.9398 -2.4852
5041.1500 -2.0063 -4.4810 5041.5500 -1.9232 -4.2361 5041.3500 0.7618 -2.6300
5042.1500 4.3926 1.2196 5042.5500 0.1190 1.2063 5042.3500 0.7044 0.9398
5043.1500 0.0866 -1.0062 5043.5500 -2.7475 -0.8124 5043.3500 -3.2376 -0.8774
5044.1500 -3.1580 -0.6102 5044.5500 3.1764 -2.5829 5044.3500 -1.6699 0.2297
5045.1500 -4.5869 -3.4174 5045.5500 4.1175 -3.3771 5045.3500 -1.0601 -0.7981
5046.1500 -1.7554 4.6547 5046.5500 -4.4430 1.2149 5046.3500 2.1841 -4.1426
5047.1500 4.1171 0.3514 5047.5500 0.2051 -3.4026 5047.3500 4.8463 -0.4343
5048.1500 -3.0588 -3.8581 5048.5500 3.8421 3.6201 5048.3500 -0.4011 -3.1035
5049.1500 0.4093 0.7458 5049.5500 -0.8320 -0.1425 5049.3500 -2.9948 -2.2082
5050.1500 -0.9403 2.2702 5050.5500 -3.3199 3.1541 5050.3500 -1.3234 -2.5690
5051.1500 4.1674 3.2609 5051.5500 -3.4522 -4.4957 5051.3500 0.2198 4.7483
5052.1000 -0.5087 -0.0040 5052.9000 -0.0057 -0.0035 5052.4000 0.4942 0.0096
5052.5000 -0.2929 -0.5005 5052.5000 0.3030 -0.4933 5052.5000 0.0013 0.4912
5053.1500 0.7418 -3.2125 5053.5500 -0.2436 4.5247 5053.3500 1.0532 -1.1864
5054.1000 -0.5008 -0.0044 5054.9000 -0.0092 -0.0081 5054.4000 0.4917 0.0082
5054.5000 -0.2905 -0.5054 5054.5000 0.2901 -0.5080 5054.5000 -0.0005 0.4999
5055.1500 -3.4964 -1.5535 5055.5500 -1.0511 1.3269 5055.3500 4.8111 4.5685
5056.1500 4.7892 -3.9496 5056.5500 -3.6084 -4.7676 5056.3500 1.7157 2.3906
5057.1500 3.0485 -0.3684 5057.5500 4.7407 -0.3452 5057.3500 1.4288 -1.1423
5058.1500 -4.3838 4.4070 5058.5500 -1.1007 -3.5091 5058.3500 0.2239 2.8960
5059.1500 -2.2720 -3.1285 5059.5500 2.9952 -1.3059 5059.3500 -1.2672 -1.8761
5060.1500 -2.4006 0.3964 5060.5500 -2.1894 1.7702 5060.3500 -1.4851 -3.2806
5061.1500 -1.9282 3.1946 5061.5500 3.8878 -3.9207 5061.3500 -2.4326 0.6464
5062.1500 2.3827 1.5441 5062.5500 0.8413 1.8720 5062.3500 2.7197 2.7288
5063.1500 -0.1338 -3.0026 5063.5500 1.0150 3.9368 5063.3500 -4.0768 4.8820
5064.1500 -3.6635 0.4817 5064.5500 -1.2670 -1.6946 5064.3500 2.9314 1.5024
5065.1500 3.4542 4.3959 5065.5500 -2.4333 -0.4102 5065.3500 4.7846 -4.7224
5066.1500 3.1002 2.5537 5066.5500 -2.6266 -0.5513 5066.3500 -4.7212 -0.5290
5067.1500 -3.9888 -4.5361 5067.5500 -1.6620 1.3389 5067.3500 4.3337 0.7361
5068.1500 4.6587 -3.9790 5068.5500 -0.4712 1.9485 5068.3500 -4.0856 4.6749
5069.1500 -2.7149 -2.4059 5069.5500 0.3368 1.6902 5069.3500 2.5101 1.5979
5070.1500 -4.1017 -4.1348 5070.5500 2.3805 -1.9653 5070.3500 3.0564 1.6334
5071.1500 1.8808 -0.6925 5071.5500 -0.0609 -1.3621 5071.3500 -1.8449 2.5919
5072.1500 4.1412 -1.4123 5072.5500 0.9090 3.2031 5072.3500 3.0933 2.2123
5073.1500 1.5910 1.8496 5073.5500 -0.2622 -0.4413 5073.3500 -4.7437 0.5772
5074.1500 2.9103 4.4799 5074.5500 0.6050 -0.0822 5074.3500 2.4129 -3.7415
5075.1500 -0.0338 2.8497 5075.5500 2.7280 4.3097 5075.3500 2.4642 2.1693
5076.1500 1.8318 4.5377 5076.5500 0.9062 -3.3169 5076.3500 3.1465 -4.6577
5077.1500 -0.7357 3.4411 5077.5500 0.0332 3.5561 5077.3500 1.1415 -0.5833
5078.1500 -2.4335 -2.6600 5078.5500 -2.2759 4.2909 5078.3500 1.7516 -0.3901
5079.1500 4.6379 4.0008 5079.5500 -3.8263 -0.2497 5079.3500 -2.8326 0.1210
5080.1500 -3.6206 -0.5982 5080.5500 0.7276 2.3540 5080.3500 -3.2510 1.5675
5081.1500 4.6486 1.2920 5081.5500 3.6223 2.0639 5081.3500 1.2218 -0.6441
5082.1000 -0.5065 -0.0086 5082.9000 0.0073 0.0045 5082.4000 0.5006 -0.0053
5082.5000 -0.3012 -0.5052 5082.5000 0.2925 -0.5047 5082.5000 -0.0040 0.4923
5083.1500 4.2387 1.8579 5083.5500 -4.8646 3.3800 5083.3500 -3.9431 1.2502
5084.1500 2.0140 -1.0280 5084.5500 4.1025 3.4580 5084.3500 1.3383 -1.3196
5085.1000 -0.5090 -0.0023 5085.9000 0.0077 -0.0065 5085.4000 0.4937 0.0026
5085.5000 -0.2949 -0.4972 5085.5000 0.3062 -0.5082 5085.5000 -0.0086 0.4924
5086.1500 -1.8564 -1.7422 5086.5500 2.3579 -1.1897 5086.3500 -0.2919 1.7433
5087.1500 2.4796 -0.5476 5087.5500 -2.9948 3.4799 5087.3500 -3.6009 -0.9809
5088.1500 -1.7655 1.7674 5088.5500 -1.9284 1.9275 5088.3500 -1.4503 4.2157
5089.1500 -2.1621 -3.4694 5089.5500 -4.3200 -0.5309 5089.3500 -2.0106 -4.0322
5090.1000 -0.5080 -0.0047 5090.9000 0.0090 -0.0078 5090.4000 0.4942 -0.0025
5090.5000 -0.3011 -0.5094 5090.5000 0.3075 -0.5042 5090.5000 -0.0001 0.4956
5091.1500 4.8854 -0.3277 5091.5500 4.9504 1.0403 5091.3500 -4.0166 2.4519
5092.1500 -1.1900 -3.5771 5092.5500 2.9680 3.7865 5092.3500 2.2408 3.5176
5093.1500 -4.8660 -3.3493 5093.5500 1.3866 -2.7606 5093.3500 1.1698 -4.2855
5094.1000 -0.5037 -0.0014 5094.9000 0.0025 -0.0090 5094.4000 0.5045 0.0018
5094.5000 -0.2979 -0.5078 5094.5000 0.2992 -0.5011 5094.5000 -0.0064 0.4913
5095.1500 -0.7033 3.4767 5095.5500 -4.1125 -1.6702 5095.3500 -3.1580 3.6734
5096.1500 1.3417 -1.8280 5096.5500 1.2372 -4.5698 5096.3500 -4.2438 2.7906
5097.1500 -3.1306 -3.9947 5097.5500 3.5699 3.6345 5097.3500 -4.7936 1.3557
5098.1500 3.9627 -0.8966 5098.5500 -2.6511 2.1169 5098.3500 2.3440 -1.9222
5099.1500 3.4872 -1.1211 5099.5500 -2.0583 -0.5686 5099.3500 0.9720 -4.8167
5100.1500 1.3189 -0.2499 5100.5500 4.9357 1.0895 5100.3500 -4.2354 0.9888
5101.1500 -3.8749 2.0369 5101.5500 1.5738 2.1168 5101.3500 -4.4331 -1.2264
5102.1500 -0.7524 -0.4757 5102.5500 1.1949 -2.1760 5102.3500 -2.3395 1.5808
5103.1500 -1.5262 3.9946 5103.5500 1.8098 1.9165 5103.3500 -0.4064 0.2881
5104.1500 -3.5073 -4.0718 5104.5500 3.7422 3.0424 5104.3500 4.0506 1.8943
5105.1500 -2.7040 1.9216 5105.5500 0.7934 3.3411 5105.3500 -4.8179 -2.2685
5106.1000 -0.4943 -0.0088 5106.9000 0.0018 -0.0024 5106.4000 0.4978 0.0056
5106.5000 -0.2943 -0.5037 5106.5000 0.2919 -0.5092 5106.5000 0.0055 0.4971
5107.1500 3.0615 -1.5441 5107.5500 -2.7071 4.4857 5107.3500 0.4335 -3.8459
5108.1500 4.1803 1.4988 5108.5500 -0.1433 3.1803 5108.3500 -0.6789 -4.7926
5109.1500 -1.4825 -0.3801 5109.5500 0.6909 1.2392 5109.3500 4.9888 -1.3960
5110.1000 -0.4916 -0.0067 5110.9000 0.0047 -0.0050 5110.4000 0.5050 0.0001
5110.5000 -0.3091 -0.5031 5110.5000 0.2930 -0.4987 5110.5000 -0.0039 0.4977
5111.1500 0.6837 2.9027 5111.5500 0.4415 2.0185 5111.3500 4.3750 2.8978
5112.1500 -2.1953 4.2209 5112.5500 4.6432 3.1564 5112.3500 -4.3348 -4.1026
5113.1500 -1.9311 0.9555 5113.5500 4.9322 0.1029 5113.3500 3.9037 2.3530
5114.1500 3.7881 1.3469 5114.5500 0.3293 -4.4092 5114.3500 -0.8479 -4.9064
5115.1500 -4.5985 -4.9116 5115.5500 -1.9621 -0.0775 5115.3500 -2.6453 -0.1982
5116.1000 -0.4997 0.0021 5116.9000 -0.0066 0.0052 5116.4000 0.4901 -0.0075
5116.5000 -0.3004 -0.4925 5116.5000 0.2995 -0.4956 5116.5000 0.0036 0.4939
5117.1500 2.7909 -2.0787 5117.5500 4.5416 -1.5984 5117.3500 -4.4000 1.5492
5118.1500 2.7034 -4.9640 5118.5500 2.2273 -1.3703 5118.3500 -2.4550 0.7763
5119.1500 -2.3068 -2.3757 5119.5500 -0.4911 3.9615 5119.3500 -1.8450 -1.4583
5120.1500 -3.7158 -2.6097 5120.5500 3.6026 4.2738 5120.3500 -1.6197 4.5843
5121.1000 -0.5015 -0.0072 5121.9000 0.0036 -0.0061 5121.4000 0.4986 -0.0060
5121.5000 -0.2971 -0.4932 5121.5000 0.3078 -0.5085 5121.5000 0.0051 0.4920
5122.1500 -0.2023 -3.5653 5122.5500 3.8895 1.1292 5122.3500 -4.5404 -4.3116
5123.1500 0.2759 0.2592 5123.5500 1.2798 2.1552 5123.3500 -2.0996 4.1813
5124.1500 1.9366 -0.9937 5124.5500 -1.7412 -2.2113 5124.3500 -3.8242 -1.4587
5125.1000 -0.4910 0.0036 5125.9000 -0.0017 0.0051 5125.4000 0.4915 0.0057
5125.5000 -0.3005 -0.4974 5125.5000 0.3020 -0.5071 5125.5000 0.0027 0.5037
5126.1500 0.7707 -0.5846 5126.5500 0.7991 2.9069 5126.3500 -4.7987 -3.8223
5127.1000 -0.5016 -0.0063 5127.9000 -0.0020 -0.0026 5127.4000 0.4907 -0.0059
5127.5000 -0.2972 -0.4934 5127.5000 0.2920 -0.5023 5127.5000 -0.0035 0.5091
5128.1500 3.5359 3.8006 5128.5500 2.5687 -3.5787 5128.3500 -2.6146 0.1226
5129.1500 -0.6257 0.1490 5129.5500 1.7411 2.2790 5129.3500 -4.3353 2.6133
5130.1500 4.5109 -1.6976 5130.5500 0.3624 1.8838 5130.3500 -0.6261 -4.2909
5131.1500 4.3924 2.9389 5131.5500 -4.7406 -3.5999 5131.3500 -1.8931 0.0945
5132.1500 -2.1273 1.6826 5132.5500 4.4223 -0.2572 5132.3500 -1.7721 4.1770
5133.1500 0.1051 -3.7732 5133.5500 -3.6328 1.2499 5133.3500 -0.4402 2.4880
5134.1500 3.7283 -1.2781 5134.5500 -2.8214 -4.2495 5134.3500 0.8293 -2.1194
5135.1500 -3.4671 4.6890 5135.5500 -3.0697 1.3700 5135.3500 1.7552 2.3556
5136.1500 1.3279 4.9609 5136.5500 -3.9651 -4.6672 5136.3500 1.0134 -1.1206
5137.1500 1.1664 0.9659 5137.5500 1.4735 -1.0640 5137.3500 0.6167 -1.5371
5138.1500 -2.6186 3.8142 5138.5500 0.1163 -3.5601 5138.3500 -0.6955 -4.0705
5139.1500 3.8364 3.2374 5139.5500 0.3830 -2.4802 5139.3500 3.8755 0.3869
5140.1500 3.6304 -1.1531 5140.5500 1.1086 -2.6478 5140.3500 -4.2625 -2.5563
5141.1000 -0.4926 -0.0032 5141.9000 0.0089 0.0058 5141.4000 0.5029 -0.0059
5141.5000 -0.2914 -0.5072 5141.5000 0.3080 -0.5078 5141.5000 0.0071 0.5085
5142.1500 -4.0074 -0.5286 5142.5500 2.2224 0.9819 5142.3500 4.3220 -2.7549
5143.1500 -0.2506 -2.3155 5143.5500 -3.8083 1.1327 5143.3500 4.0486 -0.7941
5144.1000 -0.4927 -0.0090 5144.9000 0.0085 0.0086 5144.4000 0.4997 0.0024
5144.5000 -0.2987 -0.4977 5144.5000 0.3089 -0.4916 5144.5000 -0.0096 0.4969
5145.1500 -1.9228 -2.5111 5145.5500 4.9222 4.7372 5145.3500 -3.2526 -3.3958
5146.1500 -2.9665 -3.9649 5146.5500 -2.2863 4.8447 5146.3500 0.9361 -2.7082
5147.1500 -3.7200 3.8243 5147.5500 1.3044 -3.3337 5147.3500 -1.3247 4.4771
5148.1500 2.2786 -4.0993 5148.5500 0.0753 4.8410 5148.3500 2.7743 0.5855
5149.1500 -3.7160 -1.5683 5149.5500 1.0279 1.2775 5149.3500 0.7152 4.7824
5150.1000 -0.4906 -0.0010 5150.9000 0.0046 0.0049 5150.4000 0.5064 -0.0070
5150.5000 -0.2905 -0.5003 5150.5000 0.2956 -0.5027 5150.5000 0.0021 0.4969
5151.1500 -4.5874 -1.6384 5151.5500 -4.6527 -2.5391 5151.3500 -2.3877 1.1358
5152.1000 -0.5082 -0.0008 5152.9000 -0.0017 0.0057 5152.4000 0.4996 0.0017
5152.5000 -0.3077 -0.4952 5152.5000 0.3025 -0.5085 5152.5000 0.0064 0.5045
5153.1000 -0.5096 -0.0025 5153.9000 0.0062 0.0089 5153.4000 0.5012 -0.0029
5153.5000 -0.3083 -0.5016 5153.5000 0.2939 -0.4914 5153.5000 -0.0046 0.4902
5154.1500 0.0859 -3.9349 5154.5500 2.5931 -3.7197 5154.3500 -2.3711 3.0421
5155.1500 0.4846 -2.9005 5155.5500 0.2183 -0.2323 5155.3500 2.0236 -1.8826
5156.1500 3.0623 -0.2202 5156.5500 -1.3514 -0.0538 5156.3500 0.7840 2.6410
5157.1500 -3.9796 -1.3507 5157.5500 4.6408 -0.9422 5157.3500 -3.5218 0.3786
5158.1500 0.0420 0.2797 5158.5500 0.2805 -0.7171 5158.3500 1.7474 3.2196
5159.1500 3.5299 1.0914 5159.5500 0.6579 -2.1542 5159.3500 -1.1150 3.9589
5160.1500 -4.5360 -3.1131 5160.5500 4.4484 4.1955 5160.3500 -2.6785 -0.3023
5161.1500 -2.0076 -4.8711 5161.5500 -0.4810 -2.2454 5161.3500 3.4544 -4.7080
5162.1500 2.3008 -4.4432 5162.5500 -2.5941 1.8605 5162.3500 1.2437 3.6852
5163.1500 -3.9849 3.0959 5163.5500 0.3764 4.4388 5163.3500 -4.8200 0.5173
5164.1500 -1.4619 3.7767 5164.5500 -2.5721 3.8424 5164.3500 1.9110 -2.6512
5165.1500 4.8359 -2.2467 5165.5500 4.2556 3.8883 5165.3500 -1.1588 -0.2525
5166.1000 -0.4978 0.0054 5166.9000 0.0058 -0.0028 5166.4000 0.5035 0.0011
5166.5000 -0.2983 -0.4969 5166.5000 0.2931 -0.5089 5166.5000 0.0004 0.5018
5167.1500 -1.9081 -2.7390 5167.5500 -2.4321 2.5718 5167.3500 -2.6661 3.5586
5168.1500 1.4634 -4.2243 5168.5500 -2.8466 -3.2710 5168.3500 -2.8299 2.6490
5169.1500 4.0892 4.4960 5169.5500 -0.1035 2.9127 5169.3500 3.5217 4.8877
5170.1500 -3.9728 -3.4790 5170.5500 -1.5443 -4.5916 5170.3500 -1.3016 -0.6137
5171.1500 4.8950 1.5605 5171.5500 -3.7511 2.9006 5171.3500 -3.0367 -2.1051
5172.1500 0.8272 -3.0193 5172.5500 0.8117 -2.5253 5172.3500 -3.6909 -0.0910
5173.1500 3.9849 -4.5345 5173.5500 -2.2719 -3.2813 5173.3500 -2.9554 2.6808
5174.1500 -4.1073 -2.0818 5174.5500 0.6191 -3.7778 5174.3500 -1.2023 2.3247
5175.1000 -0.5018 -0.0098 5175.9000 0.0016 -0.0069 5175.4000 0.4921 -0.0075
5175.5000 -0.2984 -0.5013 5175.5000 0.3074 -0.4926 5175.5000 0.0051 0.5042
5176.1500 -0.3857 1.3916 5176.5500 4.2921 -4.3628 5176.3500 3.2208 -4.4741
5177.1500 -3.9176 -3.4914 5177.5500 -0.3642 -2.8097 5177.3500 4.6022 1.8510
5178.1000 -0.4908 -0.0084 5178.9000 -0.0074 -0.0076 5178.4000 0.4905 0.0092
5178.5000 -0.2969 -0.4917 5178.5000 0.3095 -0.4907 5178.5000 0.0050 0.4917
5179.1500 1.7210 0.7485 5179.5500 2.0858 -1.7010 5179.3500 2.0754 -2.2573
5180.1000 -0.5025 -0.0012 5180.9000 0.0088 0.0074 5180.4000 0.5064 0.0069
5180.5000 -0.3039 -0.4988 5180.5000 0.3078 -0.4998 5180.5000 0.0100 0.5094
5181.1500 -4.5865 1.1801 5181.5500 1.1644 2.6345 5181.3500 1.5304 -0.4879
5182.1500 -2.5738 -2.7981 5182.5500 1.2414 2.6712 5182.3500 0.9941 -2.8158
5183.1500 -1.6282 4.5941 5183.5500 4.7838 3.1198 5183.3500 0.1531 -4.6430
5184.1500 0.6640 0.8002 5184.5500 4.5424 2.5351 5184.3500 -0.1281 -2.1578
5185.1500 -2.8595 1.4782 5185.5500 -2.7249 -3.4847 5185.3500 3.2395 -3.0341
5186.1500 3.1651 -0.9550 5186.5500 -2.0188 3.6469 5186.3500 4.0899 0.4131
5187.1500 -1.9992 3.0143 5187.5500 4.5304 -2.8251 5187.3500 2.8651 2.4000
5188.1500 -3.2339 -4.7909 5188.5500 -4.6979 -4.1095 5188.3500 -0.4717 -4.0592
5189.1500 2.2333 -3.7137 5189.5500 0.9107 0.2455 5189.3500 -3.6580 3.0704
5190.1500 -1.9720 -4.0373 5190.5500 3.8826 0.7338 5190.3500 -3.5988 -2.2004
5191.1500 -4.1560 -2.0608 5191.5500 -0.3045 -0.7145 5191.3500 4.5456 -3.4327
5192.1500 -3.9874 -3.8169 5192.5500 -0.4545 4.3987 5192.3500 0.3772 0.7875
5193.1500 3.6172 1.6453 5193.5500 1.8751 -2.6475 5193.3500 -0.3184 -3.2270
5194.1500 -0.8834 0.8804 5194.5500 -2.2067 -4.1533 5194.3500 1.7082 -1.7227
5195.1500 -2.6429 2.9710 5195.5500 1.8999 4.1495 5195.3500 -1.7195 -1.0288
5196.1500 -3.9187 -2.0740 5196.5500 3.3724 -3.8491 5196.3500 3.0139 -0.6766
5197.1500 1.0429 2.8124 5197.5500 1.1827 -4.2864 5197.3500 -1.1521 0.8917
5198.1500 -4.0587 0.0319 5198.5500 1.1925 4.3158 5198.3500 -3.8158 4.1209
5199.1500 -1.4881 -0.0909 5199.5500 -4.3046 3.8399 5199.3500 1.1334 3.8321
5200.1500 1.2484 -1.1966 5200.5500 1.1387 -3.3796 5200.3500 -1.2315 -3.5230
5201.1500 0.9982 -4.9753 5201.5500 1.1294 -0.9873 5201.3500 0.1511 -2.2195
5202.1500 1.9230 -4.9934 5202.5500 0.4566 4.5141 5202.3500 -4.5302 1.8721
5203.1500 -1.7557 -0.3663 5203.5500 1.7254 1.7046 5203.3500 1.7687 -4.5534
5204.1000 -0.4961 -0.0037 5204.9000 -0.0035 0.0099 5204.4000 0.5019 -0.0049
5204.5000 -0.3004 -0.4912 5204.5000 0.3021 -0.5027 5204.5000 -0.0089 0.4975
5205.1500 -1.2127 -1.9579 5205.5500 -4.6924 -4.2202 5205.3500 2.1881 -1.6806
5206.1500 1.4293 0.3921 5206.5500 2.3165 3.2642 5206.3500 1.4676 -3.6001
5207.1500 3.4972 0.6308 5207.5500 -0.0860 -3.3909 5207.3500 2.5619 4.1890
5208.1500 -3.8021 -0.2229 5208.5500 2.3358 3.4590 5208.3500 0.0357 0.4709
5209.1500 -1.7523 3.7814 5209.5500 -3.4022 -0.1146 5209.3500 -3.5119 3.1448
5210.1000 -0.5059 -0.0002 5210.9000 -0.0050 -0.0048 5210.4000 0.4993 -0.0021
5210.5000 -0.3011 -0.5068 5210.5000 0.2971 -0.5013 5210.5000 0.0063 0.4904
5211.1500 -1.4325 4.9381 5211.5500 0.4134 -4.8319 5211.3500 -2.0843 1.9824
5212.1500 0.0303 -3.7545 5212.5500 0.1066 -2.0684 5212.3500 -4.3654 3.3068
5213.1500 2.1988 1.3379 5213.5500 -0.8822 -0.3973 5213.3500 -1.1524 4.6659
5214.1500 -3.0613 -3.8631 5214.5500 4.1924 -3.0404 5214.3500 3.8926 -1.5441
5215.1500 -4.6574 -2.5372 5215.5500 0.4756 1.9650 5215.3500 -2.1113 3.4314
5216.1500 -2.5802 -0.6322 5216.5500 2.1336 -1.8143 5216.3500 -2.5943 4.5128
5217.1500 -2.1523 4.0530 5217.5500 -1.3330 3.5717 5217.3500 0.7990 -0.5924
5218.1500 4.8465 3.2890 5218.5500 -2.0371 -4.7478 5218.3500 4.2467 3.1410
5219.1500 3.5472 -1.5680 5219.5500 -2.0656 4.5515 5219.3500 -2.6159 -1.6391
5220.1500 1.4213 -0.5991 5220.5500 -2.6294 -0.6903 5220.3500 0.8621 4.3221
5221.1500 1.6340 1.3552 5221.5500 3.4241 -4.9142 5221.3500 -4.3665 4.0445
5222.1500 -1.6445 -1.5622 5222.5500 -3.8551 -0.3314 5222.3500 2.2545 -2.3821
5223.1500 2.8710 1.2006 5223.5500 -4.3506 -2.4428 5223.3500 -2.7864 1.1744
5224.1500 -0.2029 2.3069 5224.5500 -3.2106 -2.8288 5224.3500 -3.6452 2.6676
5225.1000 -0.5025 0.0005 5225.9000 0.0031 -0.0085 5225.4000 0.4988 -0.0078
5225.5000 -0.3061 -0.4930 5225.5000 0.2986 -0.5098 5225.5000 -0.0023 0.5019
5226.1500 2.9273 -4.3306 5226.5500 -1.3555 0.8602 5226.3500 -3.9155 0.7025
5227.1500 4.8007 0.0049 5227.5500 -4.2104 -4.5259 5227.3500 -2.9813 -1.8814
5228.1500 0.3956 1.0923 5228.5500 0.5348 -2.3203 5228.3500 0.1730 -3.2229
5229.1500 0.5780 3.0160 5229.5500 -1.0805 -1.1507 5229.3500 0.5379 -4.3441
5230.1500 -2.6217 3.7496 5230.5500 -3.7596 -3.2492 5230.3500 1.4197 -4.1865
5231.1500 4.8042 2.9232 5231.5500 3.8142 4.6798 5231.3500 -3.8965 1.6610
5232.1500 2.2053 0.2961 5232.5500 -0.5988 1.2179 5232.3500 1.8080 -4.2036
5233.1500 -2.1928 3.1375 5233.5500 3.4397 -0.6317 5233.3500 3.3953 1.5328
5234.1500 -3.1642 2.5127 5234.5500 -4.2466 1.4245 5234.3500 3.7682 1.1633
5235.1500 -3.9678 -1.0112 5235.5500 -0.8591 -4.1748 5235.3500 -3.7203 -0.5783
5236.1000 -0.4919 0.0057 5236.9000 -0.0084 0.0052 5236.4000 0.5005 0.0003
5236.5000 -0.3080 -0.5049 5236.5000 0.2964 -0.5001 5236.5000 -0.0073 0.5083
5237.1500 2.6046 -3.8272 5237.5500 2.6294 -1.0117 5237.3500 -3.1021 3.4678
5238.1500 -2.6953 -4.5459 5238.5500 2.0426 -2.3952 5238.3500 -3.1306 3.0008
5239.1500 0.0634 -0.0438 5239.5500 -3.8529 -2.8893 5239.3500 -1.2119 -2.6527
5240.1500 2.4344 -1.6697 5240.5500 -2.3082 -2.4953 5240.3500 1.9289 4.3071
5241.1500 -0.3916 1.4233 5241.5500 -1.1069 0.8194 5241.3500 4.4409 4.5410
5242.1500 -3.7209 2.7413 5242.5500 -0.3078 1.7265 5242.3500 4.3910 -2.5437
5243.1500 -4.2263 4.9760 5243.5500 3.2985 -2.6708 5243.3500 -2.6070 2.7925
5244.1500 -0.7568 4.6149 5244.5500 2.6942 -4.1741 5244.3500 4.9779 1.1035
5245.1500 -0.6129 -0.9335 5245.5500 -2.9483 -2.5259 5245.3500 -2.2918 -4.1317
5246.1000 -0.4997 0.0078 5246.9000 -0.0075 -0.0062 5246.4000 0.4905 -0.0012
5246.5000 -0.2935 -0.5094 5246.5000 0.3075 -0.5088 5246.5000 -0.0047 0.4923
5247.1500 -0.2812 -0.7195 5247.5500 0.3522 2.6100 5247.3500 -1.1728 -3.4522
5248.1000 -0.4917 -0.0049 5248.9000 -0.0093 0.0072 5248.4000 0.4942 -0.0059
5248.5000 -0.2937 -0.5065 5248.5000 0.2975 -0.4902 5248.5000 0.0092 0.4968
5249.1500 -0.8203 -2.4072 5249.5500 4.6460 4.9896 5249.3500 -1.2602 4.3685
5250.1500 -3.8627 -1.4107 5250.5500 -1.0841 -4.0103 5250.3500 -3.8140 3.5100
5251.1500 3.7267 0.2205 5251.5500 2.2031 2.1180 5251.3500 -3.7286 -1.7670
5252.1500 3.6497 -1.8168 5252.5500 4.8456 4.6742 5252.3500 -2.5078 3.0495
5253.1500 0.5681 -1.7146 5253.5500 -1.1525 -3.4765 5253.3500 0.0361 -4.4556
5254.1500 2.8840 -4.9909 5254.5500 1.0014 4.8623 5254.3500 -2.4531 3.6178
5255.1000 -0.4969 -0.0098 5255.9000 0.0004 -0.0052 5255.4000 0.4977 0.0090
5255.5000 -0.2956 -0.4981 5255.5000 0.2921 -0.5008 5255.5000 0.0018 0.5041
5256.1500 -3.2510 1.1996 5256.5500 2.6455 -1.6747 5256.3500 0.2221 3.3809
5257.1500 -1.2289 -4.5925 5257.5500 3.2511 3.7565 5257.3500 2.9507 3.8299
5258.1500 -3.5255 -2.8437 5258.5500 3.6543 3.0142 5258.3500 -1.5577 1.4643
5259.1000 -0.4978 0.0065 5259.9000 0.0045 0.0040 5259.4000 0.5083 0.0041
5259.5000 -0.2953 -0.4933 5259.5000 0.2955 -0.5026 5259.5000 -0.0041 0.4999
5260.1500 -1.2786 -0.2403 5260.5500 -4.1551 -0.0362 5260.3500 4.2758 2.6707
5261.1500 -1.2438 1.3997 5261.5500 4.7207 2.9134 5261.3500 3.7360 -1.7373
5262.1000 -0.4920 -0.0077 5262.9000 -0.0061 0.0081 5262.4000 0.5014 -0.0056
5262.5000 -0.2958 -0.5073 5262.5000 0.2971 -0.5082 5262.5000 0.0039 0.5030
5263.1500 -3.1316 -0.5851 5263.5500 2.5358 -1.6464 5263.3500 4.6900 -3.6419
5264.1500 -4.7299 -0.7771 5264.5500 2.6008 -0.4419 5264.3500 -1.1364 4.0501
5265.1500 -4.2300 -4.3367 5265.5500 3.1474 -1.0317 5265.3500 -3.0841 -3.8116
5266.1500 4.2436 -1.9155 5266.5500 4.4386 -1.4000 5266.3500 0.4594 -0.7062
5267.1000 -0.5011 0.0086 5267.9000 0.0092 0.0094 5267.4000 0.5010 -0.0080
5267.5000 -0.3001 -0.5093 5267.5000 0.3004 -0.5049 5267.5000 -0.0039 0.4934
5268.1500 0.5089 -1.1063 5268.5500 1.6787 -2.7527 5268.3500 2.5503 -2.6747
5269.1500 -1.0831 -4.5856 5269.5500 4.5176 0.7470 5269.3500 -1.2117 -0.1081
5270.1500 -1.4667 0.7083 5270.5500 1.2361 0.1399 5270.3500 -1.1245 3.8577
5271.1500 4.0153 -0.3858 5271.5500 -0.6326 -3.2084 5271.3500 -1.9072 -0.5637
5272.1500 3.6233 -0.2819 5272.5500 1.5008 0.5697 5272.3500 1.9535 3.6246
5273.1500 2.9453 -4.6852 5273.5500 -0.7633 3.8142 5273.3500 1.7362 -3.2370
5274.1500 4.9442 -3.7379 5274.5500 -1.0127 4.2610 5274.3500 2.0075 -0.8085
5275.1000 -0.5015 0.0009 5275.9000 -0.0036 0.0019 5275.4000 0.4991 -0.0062
5275.5000 -0.3053 -0.5047 5275.5000 0.2982 -0.5082 5275.5000 0.0036 0.5043
5276.1500 -3.3834 -1.5942 5276.5500 -1.3874 -0.9618 5276.3500 -3.7068 -3.9402
5277.1500 1.7746 0.8585 5277.5500 -1.1916 3.3699 5277.3500 -0.3307 0.5215
5278.1500 -3.6129 -1.8818 5278.5500 4.2324 0.1368 5278.3500 -2.9441 1.6901
5279.1000 -0.4908 0.0040 5279.9000 0.0056 -0.0070 5279.4000 0.4992 -0.0043
5279.5000 -0.3022 -0.5009 5279.5000 0.3047 -0.4960 5279.5000 0.0077 0.5042
5280.1500 0.5645 -4.8421 5280.5500 1.9362 3.1815 5280.3500 1.3127 -4.9577
5281.1500 -1.4200 1.0116 5281.5500 -3.8499 2.9132 5281.3500 -1.5507 -0.3851
5282.1500 -2.3792 1.6365 5282.5500 -0.0859 -0.1876 5282.3500 -3.9396 2.2692
5283.1000 -0.5061 0.0077 5283.9000 -0.0033 0.0037 5283.4000 0.4987 -0.0053
5283.5000 -0.2904 -0.5058 5283.5000 0.2952 -0.4948 5283.5000 -0.0035 0.4946
5284.1500 -0.3692 -0.1506 5284.5500 4.0790 0.5287 5284.3500 -4.1743 -1.0276
5285.1000 -0.4968 -0.0051 5285.9000 -0.0099 -0.0049 5285.4000 0.4987 -0.0080
5285.5000 -0.3071 -0.4979 5285.5000 0.3002 -0.5002 5285.5000 0.0063 0.4910
5286.1000 -0.4913 0.0095 5286.9000 0.0093 0.0049 5286.4000 0.4911 0.0035
5286.5000 -0.2932 -0.4914 5286.5000 0.2924 -0.4988 5286.5000 0.0044 0.4925
5287.1500 -3.6103 3.0122 5287.5500 -0.7311 -1.0239 5287.3500 0.2658 3.1586
5288.1000 -0.5028 -0.0096 5288.9000 -0.0081 -0.0081 5288.4000 0.5002 -0.0057
5288.5000 -0.3058 -0.5050 5288.5000 0.2933 -0.5061 5288.5000 0.0013 0.4987
5289.1500 -0.1102 -4.4713 5289.5500 -1.3660 -4.6685 5289.3500 0.7968 4.1748
5290.1500 -4.3992 2.9347 5290.5500 4.3039 4.2937 5290.3500 0.2096 -4.2117
5291.1500 2.3118 -1.8680 5291.5500 0.2319 2.5787 5291.3500 -2.0823 3.0143
5292.1500 0.4763 -2.4994 5292.5500 3.4134 4.2466 5292.3500 0.9746 -0.2549
5293.1500 -3.7961 1.4116 5293.5500 3.5033 -2.3152 5293.3500 3.4574 -1.0582
5294.1500 4.5573 0.7478 5294.5500 -1.5676 0.4332 5294.3500 4.3480 4.7517
5295.1000 -0.4901 -0.0031 5295.9000 0.0062 0.0009 5295.4000 0.4938 -0.0011
5295.5000 -0.2976 -0.4946 5295.5000 0.2913 -0.4965 5295.5000 0.0082 0.4916
5296.1500 -1.3321 -1.0271 5296.5500 -2.0842 -4.0377 5296.3500 1.2272 3.4669
5297.1500 -0.3529 0.5079 5297.5500 3.2327 1.0672 5297.3500 4.9319 3.7119
5298.1500 1.2925 -1.6660 5298.5500 -4.8864 4.1995 5298.3500 -1.1846 3.3150
5299.1500 3.0467 -1.7879 5299.5500 -0.8859 -4.8984 5299.3500 1.6557 -0.2781
5300.1000 -0.5086 -0.0038 5300.9000 0.0082 -0.0033 5300.4000 0.4957 -0.0084
5300.5000 -0.3093 -0.4907 5300.5000 0.3085 -0.4973 5300.5000 -0.0057 0.4926
5301.1500 -0.4277 0.2451 5301.5500 -0.6083 -3.5809 5301.3500 1.8571 2.2035
5302.1500 4.2933 1.9761 5302.5500 -1.2187 2.4088 5302.3500 3.9009 0.5849
5303.1500 -3.0284 2.2927 5303.5500 -3.9184 -4.9721 5303.3500 -3.2372 -0.3690
5304.1500 -4.7528 -0.1921 5304.5500 2.6420 1.7863 5304.3500 -3.9272 3.3222
5305.1000 -0.4951 -0.0037 5305.9000 -0.0046 0.0004 5305.4000 0.4991 -0.0097
5305.5000 -0.3097 -0.5020 5305.5000 0.2961 -0.5093 5305.5000 -0.0059 0.5077
5306.1500 2.9046 3.4955 5306.5500 4.5762 4.0946 5306.3500 -3.3535 3.5721
5307.1500 4.8816 4.6402 5307.5500 -3.2506 -3.5321 5307.3500 -1.4990 -4.2706
5308.1500 2.3257 2.5213 5308.5500 2.3471 1.8286 5308.3500 4.0929 -4.9878
5309.1500 -1.0829 4.2678 5309.5500 4.1834 -2.3952 5309.3500 -1.9155 0.4931
5310.1500 -4.0899 0.8583 5310.5500 -3.3100 -1.6133 5310.3500 -2.3566 1.0471
5311.1500 1.8727 -1.6541 5311.5500 -4.4426 -0.5777 5311.3500 -4.7236 1.4688
5312.1500 -3.8502 2.6703 5312.5500 -2.9661 2.2391 5312.3500 -3.7591 3.2518
5313.1500 -1.5356 0.3951 5313.5500 0.2162 -1.8186 5313.3500 4.5932 1.9043
5314.1500 2.2318 4.0962 5314.5500 4.4000 -0.7409 5314.3500 2.2775 3.8301
5315.1500 1.6605 -0.6259 5315.5500 0.3749 -0.1036 5315.3500 4.2626 2.9605
5316.1500 -1.0325 -3.6541 5316.5500 1.2177 3.1196 5316.3500 -3.6939 -4.9055
5317.1500 3.7075 -0.7745 5317.5500 4.7484 3.4655 5317.3500 -4.2821 1.2105
5318.1500 -3.0437 -3.7369 5318.5500 -1.5953 -1.7524 5318.3500 -2.3645 -1.5359
5319.1000 -0.4957 0.0046 5319.9000 0.0054 -0.0013 5319.4000 0.5088 0.0090
5319.5000 -0.3043 -0.4923 5319.5000 0.3083 -0.5005 5319.5000 -0.0051 0.4914
5320.1500 3.2206 -3.5317 5320.5500 -0.2586 3.0917 5320.3500 -3.9301 2.9913
5321.1500 3.2538 3.1191 5321.5500 0.1778 2.9601 5321.3500 3.9098 -4.1521
5322.1500 2.7614 -0.5263 5322.5500 -0.4800 3.2354 5322.3500 1.7012 -1.8111
5323.1000 -0.4983 0.0034 5323.9000 0.0036 0.0081 5323.4000 0.5087 0.0011
5323.5000 -0.3047 -0.5023 5323.5000 0.2968 -0.4913 5323.5000 0.0069 0.4911
5324.1500 0.1146 -0.1591 5324.5500 -0.0944 0.2598 5324.3500 -4.5666 -3.0505
5325.1500 1.1442 -4.6456 5325.5500 1.8521 -2.8641 5325.3500 -4.1888 1.6814
5326.1000 -0.5098 -0.0015 5326.9000 0.0029 0.0096 5326.4000 0.4971 0.0011
5326.5000 -0.3099 -0.5066 5326.5000 0.3074 -0.5049 5326.5000 -0.0053 0.5034
5327.1500 -1.2477 3.0787 5327.5500 -0.2440 4.2518 5327.3500 4.3098 -0.2888
5328.1500 -3.1365 0.6525 5328.5500 3.4608 -0.5455 5328.3500 2.1112 0.2024
5329.1500 4.4092 -0.8100 5329.5500 0.1199 2.1549 5329.3500 -2.6431 1.2955
5330.1500 0.6696 -0.6663 5330.5500 -3.3092 -2.4341 5330.3500 -0.8199 2.3813
5331.1500 0.5514 -1.4126 5331.5500 -3.8347 -2.1477 5331.3500 3.9465 3.6410
5332.1500 -4.9251 0.5728 5332.5500 -2.7345 3.1975 5332.3500 3.3734 4.6310
5333.1500 -2.2886 -2.0386 5333.5500 2.6822 -1.4622 5333.3500 4.3939 4.9646
5334.1500 -4.3174 4.2619 5334.5500 0.1852 1.6633 5334.3500 -2.2020 -0.7307
5335.1500 3.2446 1.3253 5335.5500 3.7866 2.8534 5335.3500 0.3268 1.0252
5336.1500 2.9118 3.8441 5336.5500 2.3280 -0.4010 5336.3500 1.3303 2.5409
5337.1500 -1.0283 -2.3479 5337.5500 -0.0278 1.2675 5337.3500 -2.9658 -2.0587
5338.1000 -0.5072 -0.0038 5338.9000 -0.0040 0.0002 5338.4000 0.5038 0.0007
5338.5000 -0.2946 -0.4983 5338.5000 0.3080 -0.5060 5338.5000 -0.0023 0.5021
5339.1500 4.8066 -3.5586 5339.5500 -3.7533 1.8616 5339.3500 -0.4058 3.6354
5340.1500 -0.7170 -4.1957 5340.5500 -3.1159 -0.9867 5340.3500 -4.8707 3.6512
5341.1500 -0.9724 -4.0531 5341.5500 -2.6943 2.4768 5341.3500 3.3369 -3.2684
5342.1500 1.4073 -2.9379 5342.5500 0.1623 -4.6144 5342.3500 -1.3494 3.0757
5343.1500 -0.6307 1.8057 5343.5500 -0.9585 2.8011 5343.3500 2.8875 -4.5403
5344.1500 4.3738 2.1523 5344.5500 3.1520 -1.4676 5344.3500 3.4940 1.8328
5345.1500 -0.3140 -3.6146 5345.5500 -3.0241 1.8296 5345.3500 -0.5484 2.0107
5346.1500 -2.5072 -0.7542 5346.5500 1.5847 0.8066 5346.3500 -1.9328 3.1741
5347.1500 -1.2674 2.4403 5347.5500 -2.4250 3.1763 5347.3500 0.4393 -1.9213
5348.1500 -3.9269 -2.3541 5348.5500 1.6805 -0.0270 5348.3500 3.1411 4.7983
5349.1500 2.6789 -4.5389 5349.5500 -3.6691 2.6702 5349.3500 -1.0800 3.9163
5350.1500 -1.5241 -2.1257 5350.5500 -0.8001 -1.0481 5350.3500 0.1567 -3.9411
5351.1500 -0.8503 -3.7313 5351.5500 -2.7203 -3.4469 5351.3500 0.1632 -4.9270
5352.1000 -0.4954 -0.0083 5352.9000 0.0066 -0.0016 5352.4000 0.5068 -0.0039
5352.5000 -0.2954 -0.4959 5352.5000 0.2906 -0.5090 5352.5000 -0.0020 0.5087
5353.1000 -0.5099 -0.0042 5353.9000 -0.0095 0.0094 5353.4000 0.5017 -0.0033
5353.5000 -0.2936 -0.5079 5353.5000 0.3090 -0.5037 5353.5000 0.0046 0.4936
5354.1500 -2.2798 1.3185 5354.5500 3.1900 -3.4294 5354.3500 1.7777 4.4088
5355.1500 1.4298 -0.7320 5355.5500 -3.2058 -2.0303 5355.3500 3.2376 -4.5120
5356.1500 1.4955 0.2445 5356.5500 -3.5149 2.2630 5356.3500 0.7394 3.4650
5357.1500 3.5700 -3.8984 5357.5500 -2.9612 3.4013 5357.3500 -1.1937 1.0355
5358.1500 4.6429 3.9737 5358.5500 1.3051 3.1734 5358.3500 -2.1211 -2.0719
5359.1500 -3.9351 -2.8370 5359.5500 -3.9600 0.6559 5359.3500 -4.1917 -4.2790
5360.1500 -3.4594 3.3369 5360.5500 1.7069 -2.2417 5360.3500 -4.7379 0.0361
5361.1000 -0.5049 0.0075 5361.9000 0.0079 -0.0026 5361.4000 0.4917 -0.0088
5361.5000 -0.3055 -0.5095 5361.5000 0.2942 -0.5047 5361.5000 -0.0094 0.5061
5362.1500 -2.2973 0.7927 5362.5500 -0.0750 1.0971 5362.3500 -0.3955 -0.2879
5363.1500 -2.5259 -3.4103 5363.5500 -2.3146 -4.5977 5363.3500 3.6709 -4.0674
5364.1500 -4.6507 -4.8243 5364.5500 -1.3349 4.2630 5364.3500 -3.2512 -3.1127
5365.1500 4.7302 3.8018 5365.5500 0.5468 1.6991 5365.3500 -4.3817 -2.0926
5366.1500 4.0849 -0.8279 5366.5500 3.0170 -2.2894 5366.3500 -4.2955 -3.3283
5367.1500 0.6362 -1.5417 5367.5500 -2.9243 4.8659 5367.3500 2.7395 2.4392
5368.1500 -4.0191 -3.5887 5368.5500 -4.5720 3.8532 5368.3500 1.3850 -2.3298
5369.1500 -2.1902 -2.4781 5369.5500 1.1234 2.3915 5369.3500 2.2843 4.9534
5370.1000 -0.4946 -0.0063 5370.9000 0.0018 -0.0023 5370.4000 0.4962 -0.0066
5370.5000 -0.2914 -0.4979 5370.5000 0.3084 -0.5085 5370.5000 0.0044 0.5008
5371.1500 2.6373 1.9240 5371.5500 0.8764 -1.6623 5371.3500 2.5506 3.9701
5372.1500 -2.1822 2.4293 5372.5500 3.8298 0.1912 5372.3500 -2.0834 -3.3663
5373.1000 -0.5023 -0.0088 5373.9000 0.0050 0.0080 5373.4000 0.4902 -0.0057
5373.5000 -0.2921 -0.4911 5373.5000 0.3055 -0.4960 5373.5000 0.0074 0.4997
5374.1500 4.9343 0.3855 5374.5500 0.1706 0.0821 5374.3500 4.7248 3.8379
5375.1500 -1.7424 -4.0284 5375.5500 -1.5747 0.4235 5375.3500 -1.2737 1.5423
5376.1500 4.6358 -2.5461 5376.5500 4.3176 0.4207 5376.3500 -2.4507 -2.6046
5377.1000 -0.4963 0.0032 5377.9000 0.0067 -0.0031 5377.4000 0.5021 -0.0087
5377.5000 -0.2949 -0.5084 5377.5000 0.2991 -0.4934 5377.5000 -0.0080 0.5074
5378.1500 0.6430 1.7457 5378.5500 2.0833 -2.2598 5378.3500 -3.4203 2.5652
5379.1500 -3.4794 3.1409 5379.5500 -2.2366 1.7470 5379.3500 0.1826 2.9663
5380.1500 -2.9991 3.6413 5380.5500 -2.0512 1.5621 5380.3500 -3.1966 1.4716
5381.1500 -2.9651 1.4027 5381.5500 2.5998 -4.6592 5381.3500 1.6839 3.4833
5382.1500 0.2015 -0.4372 5382.5500 1.9436 -0.5089 5382.3500 -2.8500 -1.1156
5383.1500 3.1037 -0.3325 5383.5500 -0.9386 -0.1289 5383.3500 -3.2069 -1.6160
5384.1500 2.4252 4.2404 5384.5500 -0.0322 -1.1296 5384.3500 -0.7076 2.1693
5385.1500 1.4996 -4.6176 5385.5500 4.4008 2.2482 5385.3500 -0.5383 3.0560
5386.1500 3.8689 0.7251 5386.5500 -1.5626 1.2322 5386.3500 -4.8210 4.6702
5387.1500 4.9195 3.8513 5387.5500 1.0217 -2.9337 5387.3500 3.5373 3.1176
5388.1500 -2.2525 -2.0506 5388.5500 -2.7965 -3.7682 5388.3500 -2.4633 2.6292
5389.1500 -2.3183 1.9159 5389.5500 3.2369 0.0260 5389.3500 4.9399 -1.6116
5390.1500 1.8571 0.7772 5390.5500 -0.7243 0.8132 5390.3500 0.6542 -1.5774
5391.1500 2.6502 -1.3143 5391.5500 -3.3170 -0.6961 5391.3500 3.0900 -3.4379
5392.1500 -2.5220 0.3765 5392.5500 2.4672 -3.0298 5392.3500 -2.7322 4.5319
5393.1500 4.9203 0.5631 5393.5500 -4.7954 3.6609 5393.3500 -4.0913 1.3887
5394.1000 -0.4940 0.0061 5394.9000 -0.0012 0.0081 5394.4000 0.4926 -0.0008
5394.5000 -0.2921 -0.4914 5394.5000 0.3036 -0.4959 5394.5000 0.0017 0.5010
5395.1500 3.3739 -2.6620 5395.5500 -0.8936 -0.6793 5395.3500 -2.9503 0.6993
5396.1500 4.3151 -1.9748 5396.5500 4.3758 2.4668 5396.3500 -4.4886 -2.9750
5397.1000 -0.4913 -0.0092 5397.9000 -0.0019 -0.0061 5397.4000 0.4930 0.0006
5397.5000 -0.3049 -0.5009 5397.5000 0.2912 -0.5074 5397.5000 -0.0017 0.4982
5398.1000 -0.5070 0.0040 5398.9000 -0.0055 -0.0097 5398.4000 0.5038 0.0096
5398.5000 -0.3034 -0.4936 5398.5000 0.2979 -0.4962 5398.5000 0.0074 0.4929
5399.1500 -4.6721 -3.2048 5399.5500 0.1621 -3.9376 5399.3500 -4.3166 -2.7702
5400.1500 0.9580 -0.5144 5400.5500 2.3002 -4.8676 5400.3500 3.3207 -3.7071
5401.1500 0.2811 4.8084 5401.5500 -3.9418 -2.0182 5401.3500 0.0511 -3.2158
5402.1500 -0.4459 2.4899 5402.5500 3.8799 2.9539 5402.3500 4.9787 -0.1213
5403.1000 -0.5016 0.0018 5403.9000 0.0060 -0.0054 5403.4000 0.5010 -0.0003
5403.5000 -0.2928 -0.4966 5403.5000 0.2924 -0.4951 5403.5000 -0.0020 0.5059
5404.1500 -4.7824 0.5727 5404.5500 -1.6845 4.4975 5404.3500 -4.8136 -0.8031
5405.1500 -0.0272 0.5518 5405.5500 3.5137 -2.2708 5405.3500 3.6517 -3.3668
5406.1500 -0.1093 3.0295 5406.5500 -3.8589 0.9503 5406.3500 0.5485 -0.7331
5407.1500 -1.8745 -0.2976 5407.5500 -2.8508 -4.2350 5407.3500 2.2033 0.8608
5408.1500 0.9395 0.3529 5408.5500 -0.8442 0.8356 5408.3500 2.6394 -0.0510
5409.1500 4.5811 2.5144 5409.5500 1.4967 3.3481 5409.3500 -2.6053 -1.9960
5410.1500 1.9074 2.8827 5410.5500 0.4446 2.8853 5410.3500 4.0757 1.7731
5411.1000 -0.5011 0.0099 5411.9000 -0.0045 -0.0056 5411.4000 0.4938 0.0087
5411.5000 -0.3093 -0.4946 5411.5000 0.3040 -0.5038 5411.5000 -0.0068 0.5038
5412.1500 -4.1656 0.1287 5412.5500 -2.0670 -0.7102 5412.3500 -0.8944 4.5341
5413.1500 0.1713 2.4369 5413.5500 -0.0615 2.3549 5413.3500 3.1843 -0.1700
5414.1000 -0.4927 0.0096 5414.9000 -0.0003 0.0073 5414.4000 0.4918 0.0071
5414.5000 -0.2909 -0.5054 5414.5000 0.2938 -0.5026 5414.5000 -0.0016 0.5076
5415.1500 -4.0727 -1.2390 5415.5500 -2.9142 3.3698 5415.3500 0.3490 -1.9324
5416.1000 -0.4995 -0.0068 5416.9000 0.0006 0.0090 5416.4000 0.5083 0.0074
5416.5000 -0.2909 -0.4978 5416.5000 0.3087 -0.5044 5416.5000 -0.0053 0.5057
5417.1500 -0.7290 4.4186 5417.5500 4.0157 -3.3159 5417.3500 0.9508 -3.9403
5418.1000 -0.5045 0.0042 5418.9000 0.0066 -0.0019 5418.4000 0.5026 0.0012
5418.5000 -0.2925 -0.4923 5418.5000 0.3014 -0.5031 5418.5000 0.0049 0.5070
5419.1500 4.5834 -0.2587 5419.5500 -0.9502 -2.4554 5419.3500 -1.1767 0.2273
5420.1500 2.4338 -2.0896 5420.5500 1.6452 1.1785 5420.3500 4.5612 3.8617
5421.1000 -0.5050 0.0013 5421.9000 0.0014 -0.0026 5421.4000 0.4977 -0.0001
5421.5000 -0.3095 -0.5052 5421.5000 0.2931 -0.4948 5421.5000 -0.0056 0.5001
5422.1500 2.7001 2.8489 5422.5500 -2.0411 2.1787 5422.3500 -0.8759 4.8322
5423.1500 -3.7423 3.4400 5423.5500 -4.0681 -0.9912 5423.3500 -3.3219 -4.9933
5424.1500 0.1060 -4.5151 5424.5500 2.5694 3.9754 5424.3500 3.9735 -4.9321
5425.1500 2.2847 3.5811 5425.5500 4.0973 -2.9832 5425.3500 -0.1603 -2.5297
5426.1500 3.7098 4.2151 5426.5500 -4.6324 1.6416 5426.3500 3.3929 -4.2376
5427.1500 -2.2336 -4.9435 5427.5500 -3.0453 1.3107 5427.3500 3.1417 1.7949
5428.1500 2.2850 1.4868 5428.5500 0.6028 1.9399 5428.3500 4.1086 -3.2484
5429.1500 1.4085 2.3246 5429.5500 3.1346 4.1931 5429.3500 -1.3241 -1.3521
5430.1500 2.4618 -2.9453 5430.5500 2.6254 -3.0191 5430.3500 3.2796 -2.1156
5431.1500 -2.7220 4.2657 5431.5500 -0.9282 -2.3447 5431.3500 -0.8511 -0.4018
5432.1500 4.0764 -1.2728 5432.5500 4.7787 2.7481 5432.3500 1.1769 4.6570
5433.1500 4.5614 -1.1697 5433.5500 4.0319 4.1161 5433.3500 2.0543 0.9552
5434.1500 1.2527 -1.7250 5434.5500 -3.5042 2.8596 5434.3500 0.6499 -1.2099
5435.1500 2.6549 -1.7400 5435.5500 1.6955 4.8405 5435.3500 3.8754 -0.2210
5436.1500 -2.7046 -1.8043 5436.5500 2.7764 4.3977 5436.3500 3.8792 3.7106
5437.1500 3.2358 -0.0748 5437.5500 -2.5469 -4.3983 5437.3500 3.3238 -0.7376
5438.1500 -3.0921 -4.3640 5438.5500 1.9573 0.5240 5438.3500 0.0640 3.7800
5439.1500 -2.9945 -0.5135 5439.5500 1.0556 1.7480 5439.3500 -3.0703 -4.0027
5440.1500 1.5236 -3.0115 5440.5500 -1.1196 3.1143 5440.3500 -2.2634 -2.1884
5441.1500 -0.0363 -0.9340 5441.5500 -3.9105 -0.5048 5441.3500 -1.5845 4.0487
5442.1500 -0.5502 -4.3466 5442.5500 3.9495 -2.4482 5442.3500 1.4139 -0.3282
5443.1000 -0.4983 0.0000 5443.9000 0.0057 0.0052 5443.4000 0.5053 -0.0038
5443.5000 -0.2916 -0.5010 5443.5000 0.3085 -0.4901 5443.5000 -0.0059 0.4957
5444.1500 -3.4560 -3.4094 5444.5500 0.4090 -4.3599 5444.3500 -1.5857 3.5104
5445.1500 -4.6798 3.0654 5445.5500 -0.7664 0.8980 5445.3500 3.4844 -2.5775
5446.1500 4.5585 -0.1732 5446.5500 -0.0866 -2.6461 5446.3500 -1.3949 -3.8691
5447.1500 1.4050 3.4793 5447.5500 1.5280 -0.1072 5447.3500 1.4120 1.7633
5448.1500 -1.5021 -4.8358 5448.5500 3.8941 -3.4360 5448.3500 0.6419 4.2089
5449.1500 1.5390 3.3318 5449.5500 0.8480 -0.6988 5449.3500 1.2528 -0.0368
5450.1500 -1.3382 -3.1132 5450.5500 -2.2733 2.0775 5450.3500 -3.6695 4.0016
5451.1500 -3.4865 -3.2357 5451.5500 -3.8196 2.2052 5451.3500 2.7458 2.1029
5452.1500 2.4343 -2.2540 5452.5500 1.8009 0.3591 5452.3500 1.8207 -0.9784
5453.1500 -1.4701 4.2932 5453.5500 2.3572 1.4644 5453.3500 0.4715 3.4396
5454.1000 -0.5099 0.0073 5454.9000 -0.0075 0.0067 5454.4000 0.5077 0.0097
5454.5000 -0.2903 -0.4937 5454.5000 0.2913 -0.4971 5454.5000 0.0012 0.5030
5455.1500 -3.5075 0.2658 5455.5500 -2.5869 -0.0201 5455.3500 -2.9764 -4.9144
5456.1000 -0.5082 -0.0033 5456.9000 -0.0036 0.0011 5456.4000 0.4986 0.0059
5456.5000 -0.2999 -0.4944 5456.5000 0.3094 -0.4968 5456.5000 -0.0094 0.4928
5457.1500 -0.1537 2.6085 5457.5500 -3.1684 -0.5321 5457.3500 -3.1742 0.8425
5458.1500 -3.9850 -4.0150 5458.5500 1.7912 4.7672 5458.3500 -0.2057 -1.9263
5459.1500 -2.5616 -0.4728 5459.5500 -3.4398 -1.1348 5459.3500 3.9586 3.8695
5460.1500 -0.0127 -1.5890 5460.5500 -2.2459 -2.6204 5460.3500 2.4727 -2.0707
5461.1500 -1.6949 -4.5059 5461.5500 -0.1822 -0.6768 5461.3500 2.7151 -1.5619
5462.1500 0.0654 4.4562 5462.5500 3.2982 1.1983 5462.3500 -2.9225 -1.6150
5463.1500 0.2914 -3.9755 5463.5500 1.1687 -2.7267 5463.3500 -0.6876 -3.4495
5464.1000 -0.4988 -0.0060 5464.9000 -0.0046 0.0085 5464.4000 0.5007 -0.0081
5464.5000 -0.3025 -0.5001 5464.5000 0.3098 -0.4907 5464.5000 0.0043 0.4965
5465.1500 -1.7186 -1.7473 5465.5500 1.7069 3.9629 5465.3500 -3.7447 -1.3202
5466.1500 3.2401 -2.8864 5466.5500 4.4817 0.0138 5466.3500 -2.1335 -0.7897
5467.1000 -0.4907 0.0004 5467.9000 0.0045 -0.0014 5467.4000 0.4990 -0.0049
5467.5000 -0.2961 -0.5091 5467.5000 0.2988 -0.5094 5467.5000 -0.0091 0.4987
5468.1500 1.7552 2.4246 5468.5500 -3.4075 -3.7154 5468.3500 1.1165 -0.3715
5469.1500 1.4258 3.3261 5469.5500 2.0696 -4.7342 5469.3500 -4.3342 2.6256
5470.1000 -0.4920 -0.0093 5470.9000 -0.0087 -0.0084 5470.4000 0.5063 -0.0030
5470.5000 -0.2923 -0.4945 5470.5000 0.3048 -0.5026 5470.5000 -0.0040 0.5064
5471.1500 3.0628 -3.5796 5471.5500 1.1730 0.4748 5471.3500 -4.2325 -3.8280
5472.1500 1.7634 1.4890 5472.5500 -4.5689 -3.4680 5472.3500 3.7180 0.0209
5473.1000 -0.5022 -0.0000 5473.9000 0.0030 0.0076 5473.4000 0.5070 0.0089
5473.5000 -0.2951 -0.4954 5473.5000 0.3091 -0.5093 5473.5000 -0.0007 0.5054
5474.1500 4.9549 -0.0718 5474.5500 -2.5818 -1.3945 5474.3500 -0.7437 -2.1201
5475.1000 -0.4905 0.0072 5475.9000 -0.0045 -0.0028 5475.4000 0.5004 -0.0063
5475.5000 -0.3016 -0.5021 5475.5000 0.3032 -0.4919 5475.5000 -0.0028 0.5031
5476.1500 1.9571 -4.1236 5476.5500 4.0209 1.4709 5476.3500 -1.9248 -1.7937
5477.1500 2.7799 -1.3936 5477.5500 -4.2587 2.4373 5477.3500 -2.5088 -2.4427
5478.1500 -0.3090 -0.6837 5478.5500 2.5142 -3.1994 5478.3500 -1.3291 -1.5179
5479.1500 -1.1719 -1.6541 5479.5500 2.6189 0.5940 5479.3500 3.8841 3.9304
5480.1500 -0.0916 0.8082 5480.5500 -3.8921 -2.2817 5480.3500 2.0213 -1.7752
5481.1000 -0.4931 0.0051 5481.9000 -0.0054 0.0088 5481.4000 0.4982 -0.0080
5481.5000 -0.3060 -0.4990 5481.5000 0.3040 -0.4902 5481.5000 -0.0026 0.5061
5482.1500 -0.6774 -2.4965 5482.5500 4.8757 1.1148 5482.3500 0.0902 4.8045
5483.1500 -1.3148 2.5888 5483.5500 -1.9304 1.1938 5483.3500 -1.4794 -2.5998
5484.1500 2.8435 1.6330 5484.5500 -4.0224 -4.0057 5484.3500 1.9502 2.0655
5485.1500 -1.9674 0.3999 5485.5500 -3.1881 4.8875 5485.3500 -1.2501 -1.6919
5486.1000 -0.4944 -0.0036 5486.9000 0.0095 -0.0094 5486.4000 0.5018 -0.0086
5486.5000 -0.3085 -0.4904 5486.5000 0.2916 -0.4931 5486.5000 0.0100 0.5028
5487.1500 2.3022 4.7775 5487.5500 0.5205 -4.9084 5487.3500 1.2946 3.3293
5488.1500 -2.0861 0.0815 5488.5500 -2.9833 0.7478 5488.3500 4.5760 2.5292
5489.1500 2.0234 -4.7295 5489.5500 2.7369 1.2185 5489.3500 2.0942 1.9399
5490.1500 1.7056 4.9308 5490.5500 2.7056 -0.6765 5490.3500 1.9369 2.7248
5491.1500 1.4189 -0.4327 5491.5500 0.9498 -0.3619 5491.3500 3.8466 -1.1156
5492.1500 1.1559 -0.7910 5492.5500 -0.3453 2.2870 5492.3500 -0.7568 2.3363
5493.1500 -4.2491 4.5739 5493.5500 -1.0519 3.8706 5493.3500 2.0584 -2.0542
5494.1500 -4.7799 -4.3584 5494.5500 -4.9281 0.8235 5494.3500 -1.3322 1.0938
5495.1500 -4.9039 -0.6233 5495.5500 3.2049 2.3272 5495.3500 -3.2804 4.3087
5496.1500 -1.0027 2.3723 5496.5500 3.2183 -4.4312 5496.3500 4.7395 -2.5398
5497.1500 4.1903 -2.1684 5497.5500 -4.9032 -3.0150 5497.3500 4.8220 0.9312
5498.1000 -0.4925 -0.0097 5498.9000 0.0008 0.0070 5498.4000 0.4970 -0.0001
5498.5000 -0.2906 -0.5065 5498.5000 0.2901 -0.5074 5498.5000 0.0023 0.4933
5499.1000 -0.4940 -0.0096 5499.9000 -0.0051 0.0069 5499.4000 0.4909 0.0029
5499.5000 -0.2908 -0.5057 5499.5000 0.2969 -0.5085 5499.5000 0.0044 0.5016
5500.1500 -3.7208 -4.0949 5500.5500 2.6967 1.3497 5500.3500 1.7422 -3.5873
5501.1000 -0.4997 -0.0088 5501.9000 0.0029 -0.0089 5501.4000 0.5088 0.0055
5501.5000 -0.3091 -0.4956 5501.5000 0.2947 -0.4962 5501.5000 0.0054 0.5069
5502.1500 3.6455 0.3090 5502.5500 1.4835 3.8009 5502.3500 -1.6353 -0.4409
5503.1500 -3.6067 1.6909 5503.5500 3.0149 -3.6921 5503.3500 1.8063 4.5877
5504.1500 1.5292 -1.9562 5504.5500 -4.0572 1.4515 5504.3500 1.8630 0.8288
5505.1500 4.5736 -4.2585 5505.5500 -2.7663 0.4313 5505.3500 4.1935 2.2555
5506.1000 -0.4994 -0.0081 5506.9000 0.0056 -0.0042 5506.4000 0.4915 0.0016
5506.5000 -0.2949 -0.5048 5506.5000 0.3070 -0.4991 5506.5000 -0.0091 0.4916
5507.1500 2.5405 -2.1958 5507.5500 0.5482 2.5785 5507.3500 -4.4877 -1.8826
5508.1500 3.0081 -0.0014 5508.5500 4.8683 -4.1055 5508.3500 -4.1526 0.0250
5509.1500 -0.1097 3.0810 5509.5500 -2.4518 3.5770 5509.3500 1.4134 -2.6658
5510.1500 4.3681 -3.0304 5510.5500 -1.7717 4.6578 5510.3500 -0.8520 -3.9327
5511.1500 -4.5471 -4.0190 5511.5500 4.5782 4.0718 5511.3500 -3.2745 4.0764
5512.1500 1.3542 4.9915 5512.5500 -4.5140 -1.0054 5512.3500 -2.1662 -3.9059
5513.1500 -0.5388 -1.9417 5513.5500 -4.0158 2.8748 5513.3500 3.3037 -4.2656
5514.1500 -0.9735 -0.4014 5514.5500 -4.2885 -2.9427 5514.3500 2.9528 -4.8889
5515.1500 -0.6384 -1.2971 5515.5500 4.0624 -2.9206 5515.3500 -2.2809 -3.2477
5516.1500 4.5181 -1.7474 5516.5500 -1.9973 1.1811 5516.3500 3.2452 4.8928
5517.1500 0.0584 3.0259 5517.5500 -1.3901 0.6793 5517.3500 -3.7814 -3.1124
5518.1500 -1.7938 -1.7538 5518.5500 -1.8609 -0.7456 5518.3500 3.5647 -3.8524
5519.1500 -2.0433 4.1978 5519.5500 1.9617 -3.4109 5519.3500 -1.6639 2.0975
5520.1500 3.2417 0.2364 5520.5500 -0.5358 0.0578 5520.3500 -2.0777 -0.1063
5521.1500 3.6155 -3.3213 5521.5500 -0.8878 -2.8047 5521.3500 -1.9615 -0.6251
5522.1500 -0.8652 -4.2154 5522.5500 -4.3367 -4.6429 5522.3500 3.0736 3.9882
5523.1000 -0.4968 -0.0009 5523.9000 0.0071 0.0033 5523.4000 0.4988 -0.0030
5523.5000 -0.2939 -0.5056 5523.5000 0.3068 -0.4918 5523.5000 -0.0024 0.5034
5524.1500 3.9601 -1.8430 5524.5500 -0.4552 -1.6610 5524.3500 -1.5670 0.7804
5525.1500 1.7524 -3.3838 5525.5500 2.4431 -3.4701 5525.3500 1.5064 3.4581
5526.1500 3.4462 0.8988 5526.5500 -0.2806 1.9171 5526.3500 -2.2049 -0.6122
5527.1500 -4.2498 -0.9855 5527.5500 -2.2996 0.3384 5527.3500 2.9515 0.1051
5528.1500 -3.8912 -3.2632 5528.5500 1.9592 -2.4385 5528.3500 4.5407 3.0680
5529.1500 0.4390 -4.4230 5529.5500 2.8569 4.7742 5529.3500 2.0377 1.2981
5530.1500 4.3387 -3.8801 5530.5500 2.5177 3.1220 5530.3500 -1.5858 -0.7178
5531.1500 -4.8272 2.3630 5531.5500 -2.9725 -0.6496 5531.3500 -0.6936 -3.7075
5532.1500 -3.4204 3.7096 5532.5500 3.0057 3.4243 5532.3500 4.6033 -0.2174
5533.1000 -0.5067 -0.0061 5533.9000 -0.0077 -0.0040 5533.4000 0.4924 0.0003
5533.5000 -0.2997 -0.5044 5533.5000 0.2984 -0.4992 5533.5000 -0.0096 0.4985
5534.1500 1.9761 -2.5791 5534.5500 1.1154 -1.7559 5534.3500 2.6182 -1.8863
5535.1500 -4.3574 4.8965 5535.5500 2.6675 -3.7457 5535.3500 -1.9645 1.7957
5536.1500 -0.8459 4.7743 5536.5500 0.4020 -2.0524 5536.3500 -0.9623 3.6317
5537.1500 -0.3091 4.3062 5537.5500 -1.9715 4.6319 5537.3500 0.5433 -4.6068
5538.1500 3.1618 -1.3298 5538.5500 -1.8837 4.1150 5538.3500 3.4002 -3.2826
5539.1500 1.3262 -3.6583 5539.5500 4.5579 -3.1184 5539.3500 3.8647 -1.4749
5540.1500 1.7509 -1.4962 5540.5500 -2.5398 -2.2147 5540.3500 -4.2806 -4.9012
5541.1500 2.1596 0.4747 5541.5500 3.8990 0.2137 5541.3500 -2.9188 -4.5150
5542.1500 1.3248 2.2840 5542.5500 2.0287 -0.9659 5542.3500 -1.3453 -1.2821
5543.1000 -0.4982 0.0008 5543.9000 0.0077 0.0017 5543.4000 0.4987 0.0066
5543.5000 -0.2980 -0.5089 5543.5000 0.2967 -0.5085 5543.5000 0.0011 0.5078
5544.1500 1.3536 3.5479 5544.5500 -0.9791 0.7396 5544.3500 -2.7501 -0.0026
5545.1500 0.8532 4.2919 5545.5500 -4.1484 -0.6759 5545.3500 -0.7633 1.9385
5546.1500 -2.5682 -2.4052 5546.5500 -1.2196 3.6035 5546.3500 3.2357 1.5691
5547.1500 -2.0438 -4.3495 5547.5500 -3.6552 -3.1672 5547.3500 -0.7735 -4.8103
5548.1500 -4.5824 -2.1076 5548.5500 -1.6619 1.6468 5548.3500 3.7826 4.3138
5549.1500 -0.9806 -3.6399 5549.5500 1.6267 -0.5070 5549.3500 -4.8658 -3.3170
5550.1500 2.8883 -3.9214 5550.5500 1.8620 -0.1802 5550.3500 2.5763 -3.8270
5551.1500 4.8908 -1.0171 5551.5500 3.2925 -2.6477 5551.3500 -3.9537 4.6503
5552.1500 0.0599 3.5898 5552.5500 -4.1651 1.3758 5552.3500 -1.2196 1.3380
5553.1500 1.2255 -3.2599 5553.5500 3.6163 2.9346 5553.3500 0.8111 -2.6771
5554.1500 -2.3036 2.8068 5554.5500 1.0486 0.4175 5554.3500 3.9596 1.6034
5555.1500 -2.8041 -1.9428 5555.5500 3.1990 0.4081 5555.3500 -2.6119 -3.8292
5556.1500 -3.4973 1.4432 5556.5500 2.8205 -3.5543 5556.3500 -1.1266 -0.0127
5557.1000 -0.4977 0.0008 5557.9000 0.0036 -0.0070 5557.4000 0.4910 0.0056
5557.5000 -0.2976 -0.5001 5557.5000 0.3051 -0.5072 5557.5000 0.0039 0.4953
5558.1500 -0.3668 -4.8041 5558.5500 1.3848 0.1238 5558.3500 -2.9127 0.0342
5559.1500 -3.9101 -2.2127 5559.5500 -3.4313 2.4324 5559.3500 -2.2135 -4.0883
5560.1500 -4.2718 -4.6392 5560.5500 4.6618 -1.3279 5560.3500 4.0168 3.8799
5561.1500 -0.2275 0.8941 5561.5500 -2.3722 -2.6079 5561.3500 1.7162 -2.5515
5562.1500 1.9264 -4.8856 5562.5500 3.2355 -4.2787 5562.3500 3.1262 1.8862
5563.1500 3.9150 0.1711 5563.5500 -1.1821 3.5610 5563.3500 -3.9354 3.0530
5564.1500 2.1738 0.0283 5564.5500 0.4722 -1.8434 5564.3500 4.3638 -4.8106
5565.1500 -3.2331 1.5565 5565.5500 -2.8511 2.3494 5565.3500 -0.8900 0.7017
5566.1500 1.4447 4.5443 5566.5500 3.6912 -2.0607 5566.3500 -3.1973 -1.0956
5567.1000 -0.4905 0.0095 5567.9000 -0.0058 0.0020 5567.4000 0.4952 -0.0040
5567.5000 -0.3013 -0.5044 5567.5000 0.3061 -0.5092 5567.5000 0.0015 0.5004
5568.1500 3.0730 2.5295 5568.5500 2.3743 -4.6483 5568.3500 -4.8285 3.6763
5569.1500 2.5096 -2.6045 5569.5500 2.2882 1.9299 5569.3500 -0.2481 0.3785
5570.1500 -0.3932 4.0884 5570.5500 1.0322 -1.5381 5570.3500 1.8398 -1.3251
5571.1500 -2.0269 1.4433 5571.5500 -1.2653 -4.4271 5571.3500 1.5724 -4.1993
5572.1500 1.0286 2.3978 5572.5500 4.5255 1.6437 5572.3500 -0.8380 1.0891
5573.1500 3.5047 -4.7185 5573.5500 2.3347 -4.6625 5573.3500 2.8892 4.7547
5574.1500 4.7592 -4.3406 5574.5500 -4.6905 -2.9515 5574.3500 -4.6007 1.4055
5575.1500 -2.1600 3.6853 5575.5500 -1.7667 -4.6804 5575.3500 2.3170 -4.1944
5576.1500 -2.7892 1.2295 5576.5500 2.5015 0.3717 5576.3500 2.5797 0.3986
5577.1500 4.7681 3.1138 5577.5500 -3.0313 -0.8516 5577.3500 -1.7316 -4.3082
5578.1500 0.9769 0.7284 5578.5500 -2.3158 1.1889 5578.3500 -4.7368 -1.2925
5579.1500 -2.4708 4.1752 5579.5500 1.6376 0.5040 5579.3500 3.1905 0.1392
5580.1500 0.0165 -1.3080 5580.5500 3.1620 -4.9937 5580.3500 3.0916 0.5409
5581.1500 1.5037 -1.0652 5581.5500 0.5139 -4.9050 5581.3500 4.8694 4.5483
5582.1500 4.5256 -1.0713 5582.5500 -2.0843 2.6094 5582.3500 3.1917 1.5912
5583.1500 -2.5219 -2.2679 5583.5500 0.4573 2.8232 5583.3500 -2.5934 0.9884
5584.1500 2.3950 2.6791 5584.5500 0.9769 -4.0305 5584.3500 4.9471 1.8602
5585.1500 -1.6279 -2.3195 5585.5500 -2.8840 -2.6057 5585.3500 2.1170 -1.4373
5586.1500 1.6528 3.6980 5586.5500 3.8432 1.7710 5586.3500 4.7648 4.2529
5587.1500 -2.3594 3.0419 5587.5500 -2.2811 0.9800 5587.3500 4.6220 -3.8338
5588.1500 -3.4538 -1.8721 5588.5500 -3.1006 -3.7690 5588.3500 1.8114 -0.6252
5589.1500 1.1347 0.7923 5589.5500 -4.6891 -4.1233 5589.3500 -3.5442 0.7039
5590.1500 -0.1760 -1.9728 5590.5500 2.6532 2.8149 5590.3500 -4.4189 -4.6382
5591.1000 -0.4994 0.0057 5591.9000 -0.0062 0.0079 5591.4000 0.5089 -0.0089
5591.5000 -0.2915 -0.5024 5591.5000 0.2954 -0.5064 5591.5000 0.0058 0.5055
5592.1500 -2.1431 -1.8670 5592.5500 2.2462 -3.5265 5592.3500 1.5251 3.2666
5593.1500 -4.9626 -1.2035 5593.5500 -1.2089 2.9119 5593.3500 4.5089 2.8890
5594.1500 -3.0153 2.2186 5594.5500 2.9533 -0.4827 5594.3500 -1.1644 1.1892
5595.1500 -0.5405 -4.7563 5595.5500 0.2770 3.4293 5595.3500 -1.2974 -4.2531
5596.1500 -3.4118 -3.5367 5596.5500 3.9941 -4.2048 5596.3500 -4.8356 4.3754
5597.1500 -1.9532 -3.5834 5597.5500 -3.9430 3.7159 5597.3500 1.0342 1.0500
5598.1500 -4.2820 -4.3532 5598.5500 -3.6394 4.2231 5598.3500 -2.4609 -2.9655
5599.1500 -1.9989 -1.5723 5599.5500 -0.2935 -3.8681 5599.3500 -0.1910 2.7957
5600.1500 2.3592 1.2387 5600.5500 -1.8801 2.8747 5600.3500 2.2066 0.2245
5601.1500 3.9701 -3.9095 5601.5500 1.3694 -4.1668 5601.3500 -3.3139 -1.7773
5602.1500 4.0486 0.9103 5602.5500 -3.2909 -2.3981 5602.3500 -1.7701 -1.2951
5603.1000 -0.4919 -0.0055 5603.9000 0.0051 0.0047 5603.4000 0.5010 -0.0095
5603.5000 -0.3085 -0.5036 5603.5000 0.3028 -0.5085 5603.5000 0.0045 0.5030
5604.1000 -0.4948 -0.0056 5604.9000 -0.0030 -0.0053 5604.4000 0.4978 0.0082
5604.5000 -0.2976 -0.5042 5604.5000 0.2943 -0.4922 5604.5000 0.0019 0.4963
5605.1000 -0.5019 -0.0007 5605.9000 0.0067 -0.0092 5605.4000 0.5000 -0.0041
5605.5000 -0.2936 -0.4988 5605.5000 0.2902 -0.5005 5605.5000 -0.0072 0.5028
5606.1500 -2.6668 4.4726 5606.5500 -1.9445 1.6274 5606.3500 2.9971 -4.6815
5607.1500 0.3338 -2.2969 5607.5500 1.8295 3.9959 5607.3500 0.1385 2.4065
5608.1500 -1.7532 3.5268 5608.5500 4.8156 -2.5998 5608.3500 4.9611 3.9809
5609.1500 4.6632 -3.3879 5609.5500 2.3092 0.3366 5609.3500 4.4032 4.0597
5610.1000 -0.5019 -0.0059 5610.9000 0.0073 -0.0092 5610.4000 0.4937 0.0072
5610.5000 -0.3053 -0.4972 5610.5000 0.2968 -0.4985 5610.5000 0.0003 0.4900
5611.1000 -0.4924 0.0081 5611.9000 -0.0069 0.0038 5611.4000 0.5097 0.0043
5611.5000 -0.3023 -0.5040 5611.5000 0.2956 -0.4965 5611.5000 0.0017 0.4958
5612.1500 -4.7266 3.2525 5612.5500 0.7968 0.9519 5612.3500 0.2709 3.8226
5613.1500 1.0941 -0.4338 5613.5500 -4.4057 3.4248 5613.3500 -3.8416 2.2205
5614.1500 -1.0231 3.1514 5614.5500 3.5401 -3.3267 5614.3500 4.6597 -3.1054
5615.1500 -3.7575 2.6423 5615.5500 0.3596 -1.8854 5615.3500 3.3627 -2.7080
5616.1500 3.6993 -4.5126 5616.5500 3.3240 3.3634 5616.3500 4.4953 -2.0606
5617.1500 2.2965 -3.6063 5617.5500 0.0531 2.5432 5617.3500 -3.3009 4.8934
5618.1000 -0.4998 -0.0070 5618.9000 0.0048 0.0027 5618.4000 0.5055 0.0028
5618.5000 -0.2919 -0.4938 5618.5000 0.2942 -0.4908 5618.5000 0.0046 0.5016
5619.1500 0.0447 4.7715 5619.5500 3.6245 2.7111 5619.3500 -3.6606 2.6829
5620.1500 -1.9034 0.8716 5620.5500 4.5733 -2.8596 5620.3500 3.8680 0.8373
5621.1500 2.4006 2.7419 5621.5500 -2.0351 -0.7037 5621.3500 -3.7198 2.8140
5622.1500 -3.5125 4.8354 5622.5500 -0.9447 1.5138 5622.3500 -1.4991 1.5218
5623.1500 -1.6668 2.5699 5623.5500 -0.0086 -3.1298 5623.3500 1.5920 0.6850
5624.1500 0.3914 3.2382 5624.5500 -3.3016 -1.4954 5624.3500 -3.8083 4.7190
5625.1500 3.9035 1.8124 5625.5500 4.9677 3.5726 5625.3500 3.0154 -2.3677
5626.1500 1.9436 -4.6307 5626.5500 4.0090 -1.0329 5626.3500 4.6053 1.3416
5627.1500 -0.0000 3.7706 5627.5500 4.4156 -3.6452 5627.3500 3.5517 0.1126
5628.1500 -3.1100 -1.1309 5628.5500 -1.7463 0.6324 5628.3500 -2.4616 1.3340
5629.1500 -2.4114 4.2207 5629.5500 0.1582 -1.2510 5629.3500 -2.6305 -3.3520
5630.1000 -0.4939 0.0031 5630.9000 -0.0060 0.0095 5630.4000 0.4909 -0.0076
5630.5000 -0.2939 -0.4990 5630.5000 0.3048 -0.4926 5630.5000 0.0077 0.4932
5631.1500 -0.1315 -2.8306 5631.5500 -1.2117 -0.4104 5631.3500 3.4595 3.4492
5632.1500 2.1514 -0.0781 5632.5500 -4.2342 1.4104 5632.3500 4.9208 4.8409
5633.1500 3.2150 -3.9253 5633.5500 -0.0320 -3.2866 5633.3500 2.4866 3.9358
5634.1000 -0.5010 -0.0014 5634.9000 0.0062 0.0022 5634.4000 0.5066 0.0091
5634.5000 -0.3000 -0.4922 5634.5000 0.3022 -0.5040 5634.5000 -0.0012 0.4957
5635.1500 -3.0811 1.7919 5635.5500 -0.0437 -2.4246 5635.3500 -2.7483 2.7480
5636.1500 -4.4858 -2.7840 5636.5500 2.9960 -4.4909 5636.3500 -4.1649 -2.3931
5637.1500 -3.0914 1.6258 5637.5500 -4.7708 -4.0901 5637.3500 -4.4140 2.5330
5638.1500 -2.7213 -4.3936 5638.5500 4.9178 0.6006 5638.3500 2.4809 0.6850
5639.1500 -1.5932 0.3225 5639.5500 -4.2439 -4.2201 5639.3500 -1.5488 4.3991
5640.1500 -2.6548 -3.1425 5640.5500 -4.4347 -3.9321 5640.3500 2.1527 0.6208
5641.1500 -4.9527 -2.2212 5641.5500 0.7159 4.3508 5641.3500 -2.7321 4.4695
5642.1500 4.2793 -4.8748 5642.5500 -0.6594 4.2740 5642.3500 0.0227 -3.8700
5643.1500 -4.6650 -3.1866 5643.5500 3.3245 0.1465 5643.3500 0.2686 4.7852
5644.1500 0.2993 -3.0524 5644.5500 -4.0545 3.5709 5644.3500 4.1306 -2.3841
5645.1500 -0.1903 -3.9314 5645.5500 1.7600 -3.9753 5645.3500 4.8571 2.3982
5646.1500 -3.8943 -2.1766 5646.5500 3.8941 4.1336 5646.3500 -2.6309 -0.0167
5647.1500 0.1900 -1.5440 5647.5500 -2.6884 3.5402 5647.3500 4.7606 1.2918
5648.1500 2.0139 -2.9811 5648.5500 0.0278 2.9739 5648.3500 -1.5428 -2.1898
5649.1500 -2.7808 -2.8830 5649.5500 -2.5726 -0.9536 5649.3500 1.3577 3.9275
5650.1500 3.4973 -1.5775 5650.5500 3.9814 -0.3578 5650.3500 4.5075 -2.2887
5651.1500 -4.5692 3.1228 5651.5500 1.9655 1.0697 5651.3500 2.3570 -0.3933
5652.1500 0.0623 0.1554 5652.5500 -0.1026 -1.4173 5652.3500 -4.4039 -4.5048
5653.1500 -0.4759 -2.1774 5653.5500 -1.5391 -3.0905 5653.3500 2.6459 4.2226
5654.1500 4.0565 4.7346 5654.5500 2.2611 3.1053 5654.3500 3.9998 3.5702
5655.1000 -0.5059 -0.0074 5655.9000 -0.0033 -0.0022 5655.4000 0.5023 -0.0080
5655.5000 -0.3094 -0.5066 5655.5000 0.2927 -0.4945 5655.5000 -0.0003 0.4962
5656.1500 -0.3132 4.0454 5656.5500 1.9653 -0.9160 5656.3500 -3.8274 0.7461
5657.1500 2.7892 -0.4326 5657.5500 -3.9972 -4.0761 5657.3500 -4.4050 -2.7085
5658.1500 4.8094 0.7090 5658.5500 -2.5664 2.7384 5658.3500 2.3906 4.6355
5659.1000 -0.5077 -0.0038 5659.9000 -0.0027 -0.0026 5659.4000 0.5040 0.0085
5659.5000 -0.2964 -0.4963 5659.5000 0.3073 -0.5069 5659.5000 0.0013 0.5037
5660.1500 -0.1036 -3.5740 5660.5500 -2.0762 -0.4879 5660.3500 -2.0208 2.2785
5661.1500 3.0788 -3.2819 5661.5500 -3.1268 -1.0609 5661.3500 2.4116 -3.4804
5662.1500 -2.5004 1.4303 5662.5500 2.9922 -0.0746 5662.3500 -4.9449 -2.9914
5663.1500 3.5069 3.9276 5663.5500 -3.9177 -2.8078 5663.3500 -3.5986 0.9065
5664.1500 -2.1707 3.7187 5664.5500 -2.3804 3.7513 5664.3500 -4.3314 3.2833
5665.1500 -4.6515 0.7012 5665.5500 3.7566 -4.9732 5665.3500 -2.2899 1.7733
5666.1500 -0.0245 -0.0368 5666.5500 1.7854 -4.7194 5666.3500 -2.1019 -3.3527
5667.1000 -0.5047 0.0052 5667.9000 0.0016 -0.0075 5667.4000 0.5038 0.0044
5667.5000 -0.2946 -0.5012 5667.5000 0.3099 -0.5064 5667.5000 0.0012 0.5046
5668.1500 -3.8947 4.6364 5668.5500 2.5937 4.9321 5668.3500 -2.7925 -1.5757
5669.1500 4.9910 -4.1654 5669.5500 -4.1081 1.4037 5669.3500 3.8418 -4.6736
5670.1500 -0.9948 -2.1715 5670.5500 0.8145 -0.8398 5670.3500 2.2554 1.0964
5671.1000 -0.4947 -0.0043 5671.9000 -0.0035 0.0028 5671.4000 0.5043 0.0045
5671.5000 -0.2965 -0.5038 5671.5000 0.2906 -0.5078 5671.5000 -0.0013 0.5038
5672.1500 1.5224 0.2826 5672.5500 -0.1925 -2.8307 5672.3500 3.6564 -2.4652
5673.1500 -4.6109 1.3060 5673.5500 0.5483 -0.1257 5673.3500 1.1732 4.2617
5674.1500 1.1105 4.2814 5674.5500 1.2974 -3.4859 5674.3500 0.2978 4.2169
5675.1500 4.5470 2.5332 5675.5500 -1.5988 -0.9820 5675.3500 -2.7898 -4.5379
5676.1000 -0.5040 -0.0055 5676.9000 0.0061 0.0017 5676.4000 0.5049 0.0029
5676.5000 -0.2966 -0.4963 5676.5000 0.2914 -0.4997 5676.5000 -0.0008 0.4955
5677.1500 2.6823 0.0455 5677.5500 -4.1362 0.6151 5677.3500 -0.5331 -3.8769
5678.1000 -0.5076 0.0051 5678.9000 -0.0012 0.0093 5678.4000 0.4959 0.0098
5678.5000 -0.2917 -0.5020 5678.5000 0.2961 -0.4914 5678.5000 -0.0052 0.4980
5679.1500 -2.0253 0.4383 5679.5500 -3.0105 -2.3498 5679.3500 -0.7528 -3.9551
5680.1500 0.8594 -2.6686 5680.5500 2.9111 3.0495 5680.3500 -1.2816 3.0076
5681.1500 -2.1780 2.9390 5681.5500 -0.8631 -0.7956 5681.3500 -0.8314 2.8000
5682.1500 1.5482 -2.8556 5682.5500 2.1739 3.0485 5682.3500 2.4825 0.2430
5683.1500 -4.1791 0.0551 5683.5500 2.5756 -0.0458 5683.3500 -4.4500 -3.7917
5684.1500 1.3744 0.4641 5684.5500 3.9316 4.5659 5684.3500 0.4553 0.4152
5685.1500 -4.7774 -3.4881 5685.5500 -2.9696 -2.5615 5685.3500 -0.5377 -3.3142
5686.1500 -3.5532 -3.4344 5686.5500 -1.1218 -3.8622 5686.3500 -2.5969 -2.6613
5687.1500 2.6259 4.9435 5687.5500 -3.6676 3.3096 5687.3500 -4.4812 -2.3560
5688.1000 -0.4970 0.0056 5688.9000 -0.0022 -0.0054 5688.4000 0.5047 0.0062
5688.5000 -0.3096 -0.4964 5688.5000 0.3069 -0.4983 5688.5000 -0.0083 0.5020
5689.1500 -1.7729 3.6651 5689.5500 -3.8506 2.4787 5689.3500 -0.2053 4.6425
5690.1500 -3.4027 4.3147 5690.5500 2.0096 3.8446 5690.3500 3.1639 -4.4902
5691.1500 3.6782 -3.4248 5691.5500 4.1517 2.4475 5691.3500 -3.3073 -1.5023
5692.1500 2.8844 -2.4481 5692.5500 4.3823 -0.8029 5692.3500 0.4092 -4.3165
5693.1000 -0.5040 -0.0025 5693.9000 0.0038 0.0083 5693.4000 0.5045 -0.0073
5693.5000 -0.2935 -0.4938 5693.5000 0.2929 -0.5066 5693.5000 -0.0085 0.4991
5694.1500 4.2283 -1.8711 5694.5500 3.4484 -2.0626 5694.3500 -1.4019 2.8503
5695.1500 3.4628 -4.0931 5695.5500 2.0479 3.8696 5695.3500 0.6646 4.3146
5696.1500 -3.0261 4.6213 5696.5500 -1.0175 -2.1626 5696.3500 2.0756 -3.4185
5697.1500 -1.6214 -1.5046 5697.5500 -4.1386 2.2230 5697.3500 4.8372 3.9868
5698.1500 -0.1616 0.3898 5698.5500 4.5081 2.8313 5698.3500 -3.2261 -4.5408
5699.1500 -3.9767 1.1136 5699.5500 2.3909 0.1394 5699.3500 -1.3814 -2.1693
5700.1500 3.1535 1.7066 5700.5500 1.5445 3.1835 5700.3500 0.6825 -0.1327
5701.1500 -1.3052 3.3489 5701.5500 0.8611 4.5144 5701.3500 3.4860 -3.1953
5702.1500 -0.4027 -2.2447 5702.5500 -3.8445 1.9833 5702.3500 1.8485 4.4426
5703.1500 -0.7612 -0.4367 5703.5500 -2.2627 3.5578 5703.3500 4.4622 -2.7434
5704.1000 -0.4946 -0.0099 5704.9000 -0.0059 0.0023 5704.4000 0.5073 -0.0062
5704.5000 -0.3090 -0.4962 5704.5000 0.2952 -0.5091 5704.5000 -0.0086 0.5007
5705.1500 1.1971 3.7528 5705.5500 1.5473 -2.1378 5705.3500 -3.0932 0.5893
5706.1500 -2.9446 -3.9536 5706.5500 -1.3441 4.0414 5706.3500 2.7053 0.7777
5707.1500 4.7846 4.5485 5707.5500 -1.4158 1.3673 5707.3500 -0.5013 4.4869
5708.1500 -3.3957 -2.3423 5708.5500 -0.7552 1.8170 5708.3500 2.6357 1.8459
5709.1500 2.3372 2.0877 5709.5500 2.0803 -3.8039 5709.3500 -0.7729 -4.2558
5710.1500 -3.8099 1.4253 5710.5500 -0.8901 3.9569 5710.3500 -1.4603 -0.7445
5711.1500 -1.6514 -1.0628 5711.5500 -0.9337 2.5089 5711.3500 -4.1227 -1.8218
5712.1500 4.0238 -2.3227 5712.5500 2.4653 4.9553 5712.3500 -3.0166 1.9196
5713.1000 -0.5052 -0.0016 5713.9000 0.0088 -0.0082 5713.4000 0.5022 0.0066
5713.5000 -0.2976 -0.5095 5713.5000 0.2902 -0.5042 5713.5000 -0.0015 0.5060
5714.1500 -3.1125 -0.2923 5714.5500 -3.6061 1.2496 5714.3500 0.8412 3.5226
5715.1500 -0.6017 -3.3567 5715.5500 1.2511 2.6916 5715.3500 -1.8698 0.8736
5716.1500 0.5701 4.5257 5716.5500 -2.9691 -4.6857 5716.3500 1.9105 -1.6912
5717.1500 -3.3351 4.9614 5717.5500 2.3538 2.4539 5717.3500 1.1010 3.6482
5718.1500 -1.3788 -1.4546 5718.5500 -3.1725 -4.6432 5718.3500 -2.5008 4.1496
5719.1500 2.6604 1.6417 5719.5500 -4.1410 1.9112 5719.3500 -2.0799 -3.9899
5720.1500 4.4390 -1.3445 5720.5500 -3.8048 4.9402 5720.3500 -1.7075 0.1951
5721.1500 -4.2441 0.6115 5721.5500 4.8144 0.2504 5721.3500 1.3904 2.4845
5722.1000 -0.5014 -0.0084 5722.9000 0.0077 0.0060 5722.4000 0.5019 -0.0008
5722.5000 -0.3012 -0.5023 5722.5000 0.2983 -0.4956 5722.5000 0.0089 0.4985
5723.1500 -0.0046 -4.6575 5723.5500 1.3733 4.0894 5723.3500 4.7208 3.9160
5724.1500 2.8287 4.4490 5724.5500 -1.8452 1.3955 5724.3500 -0.3384 -2.0615
5725.1500 -0.8690 2.7423 5725.5500 -2.3152 4.0001 5725.3500 2.2213 0.5229
5726.1500 4.9824 -1.1164 5726.5500 0.8122 4.9490 5726.3500 -0.7425 -4.4896
5727.1500 -2.3236 4.5247 5727.5500 -0.1196 3.7283 5727.3500 1.1532 1.7853
5728.1500 -4.9879 3.9618 5728.5500 -2.1830 2.9045 5728.3500 -3.4755 1.7175
5729.1500 0.6605 -3.5214 5729.5500 -3.9179 3.9945 5729.3500 4.0551 0.1629
5730.1500 0.7207 -4.9659 5730.5500 0.0038 3.7916 5730.3500 -4.4842 -3.0683
5731.1500 -1.1729 -1.1339 5731.5500 -4.8269 -1.6927 5731.3500 -1.1502 1.8957
5732.1500 4.3912 3.5058 5732.5500 -1.5531 -4.1262 5732.3500 -3.5489 -4.3494
5733.1500 -0.4326 -2.7665 5733.5500 4.5944 0.8381 5733.3500 -1.3285 2.8368
5734.1500 -2.9836 0.3575 5734.5500 1.3325 -3.8043 5734.3500 3.2570 -2.6606
5735.1500 0.8012 -4.8052 5735.5500 2.0557 2.2248 5735.3500 -2.0989 1.2709
5736.1500 -2.2064 -3.0921 5736.5500 2.6975 0.2382 5736.3500 -2.5910 -2.0811
5737.1000 -0.5059 0.0027 5737.9000 -0.0022 0.0073 5737.4000 0.5074 0.0025
5737.5000 -0.3001 -0.5062 5737.5000 0.3012 -0.4911 5737.5000 -0.0023 0.4967
5738.1500 1.8199 -0.9509 5738.5500 4.7935 0.0275 5738.3500 -3.0101 -4.0419
5739.1500 -1.4156 3.9773 5739.5500 -3.8209 -2.1223 5739.3500 1.3516 -1.3622
5740.1500 -2.7131 0.2430 5740.5500 -0.3507 -1.1099 5740.3500 -1.4447 4.1589
5741.1500 4.4731 4.4667 5741.5500 4.0038 -0.3713 5741.3500 0.8024 0.4829
5742.1500 1.2528 -1.1434 5742.5500 4.5341 3.6284 5742.3500 0.2330 4.7512
5743.1000 -0.5086 -0.0048 5743.9000 -0.0072 0.0096 5743.4000 0.5055 0.0090
5743.5000 -0.3072 -0.5008 5743.5000 0.3016 -0.5049 5743.5000 -0.0073 0.4923
5744.1500 -1.1909 1.4944 5744.5500 0.4780 0.0626 5744.3500 0.0037 -2.1527
5745.1500 2.7592 2.7661 5745.5500 0.5970 2.6103 5745.3500 -0.3086 -3.0601
5746.1500 -0.6526 3.6592 5746.5500 -1.0052 0.0155 5746.3500 3.4307 1.3710
5747.1500 0.6181 3.5007 5747.5500 -1.3209 0.6171 5747.3500 4.6965 -4.1901
5748.1500 4.2098 2.2888 5748.5500 -2.7215 -3.3307 5748.3500 0.4104 -4.3184
5749.1500 -1.4568 -1.5330 5749.5500 0.0463 2.4549 5749.3500 -2.5687 1.5381
5750.1500 2.2875 2.6479 5750.5500 0.9357 3.1006 5750.3500 4.6713 2.2418
5751.1000 -0.5032 0.0053 5751.9000 -0.0022 -0.0091 5751.4000 0.4971 0.0074
5751.5000 -0.3062 -0.5096 5751.5000 0.2970 -0.5065 5751.5000 -0.0098 0.5021
5752.1500 -3.2369 -3.0050 5752.5500 3.7312 3.9130 5752.3500 3.5413 -3.3026
5753.1500 1.4972 3.5730 5753.5500 1.5226 -1.5593 5753.3500 4.5468 0.7491
5754.1500 -3.9701 1.2307 5754.5500 4.2508 -1.6809 5754.3500 1.5474 -0.9156
5755.1500 2.6403 4.3348 5755.5500 2.8234 2.5335 5755.3500 -4.5310 4.3723
5756.1500 -1.1302 -0.5250 5756.5500 0.3553 -2.7952 5756.3500 -4.0571 -1.6594
5757.1500 2.5894 -0.9671 5757.5500 4.1418 -1.8850 5757.3500 0.9001 2.2634
5758.1500 4.1938 1.5150 5758.5500 4.3807 4.7060 5758.3500 -0.8353 -4.4569
5759.1500 2.1712 2.5502 5759.5500 -3.1843 -4.1002 5759.3500 -0.4594 4.9665
5760.1500 -1.2601 -2.2165 5760.5500 4.3640 1.5004 5760.3500 4.4697 0.0204
5761.1500 -4.5077 -2.7542 5761.5500 -4.6001 -0.3482 5761.3500 1.0096 -2.3509
5762.1500 4.6055 4.3813 5762.5500 -0.4537 3.1700 5762.3500 0.0587 1.9236
5763.1000 -0.5049 -0.0095 5763.9000 0.0001 -0.0043 5763.4000 0.4952 -0.0050
5763.5000 -0.2951 -0.4993 5763.5000 0.2940 -0.5099 5763.5000 0.0055 0.5078
5764.1500 1.0918 1.8895 5764.5500 4.6786 3.7235 5764.3500 2.2140 1.5570
5765.1500 -0.3856 4.2936 5765.5500 -4.4957 2.4854 5765.3500 -2.3662 -3.0474
5766.1500 4.1439 1.0768 5766.5500 2.0417 1.6805 5766.3500 0.8549 2.5191
5767.1500 4.4649 2.5391 5767.5500 4.1208 2.2224 5767.3500 2.7250 -1.2965
5768.1500 2.6306 -3.2632 5768.5500 1.6414 -3.1501 5768.3500 -3.6892 4.7686
5769.1500 4.4335 3.4426 5769.5500 -0.6251 0.7080 5769.3500 -0.1081 -1.1652
5770.1500 -4.3715 4.1882 5770.5500 1.7025 -0.7026 5770.3500 3.2096 -2.4111
5771.1500 -0.1523 -0.4407 5771.5500 -4.4029 -1.5443 5771.3500 1.8427 2.4262
5772.1500 0.2737 3.9996 5772.5500 -3.7898 -2.6027 5772.3500 0.4423 0.0590
5773.1500 3.1094 4.6016 5773.5500 2.9966 2.3782 5773.3500 -4.5069 -0.0196
5774.1500 -2.1934 -3.9109 5774.5500 -1.7574 -0.2256 5774.3500 -0.1918 -3.8526
5775.1500 1.9840 3.5903 5775.5500 1.8734 -3.8526 5775.3500 3.6384 -2.5416
5776.1500 -3.0729 -3.9108 5776.5500 -1.1920 1.0743 5776.3500 2.6784 0.9650
5777.1500 -4.7561 3.7336 5777.5500 -4.1566 -0.2863 5777.3500 -1.9591 -4.0144
5778.1500 2.9803 -4.5111 5778.5500 4.5496 -2.9181 5778.3500 -0.3325 2.6184
5779.1500 -4.2970 0.7205 5779.5500 1.8290 -0.8101 5779.3500 -0.5970 3.9342
5780.1500 -0.4051 -3.1839 5780.5500 1.9502 -0.7143 5780.3500 4.0153 4.8720
5781.1500 2.6274 -4.9431 5781.5500 -4.4245 4.1568 5781.3500 0.7851 0.4974
5782.1000 -0.4952 -0.0092 5782.9000 -0.0077 -0.0070 5782.4000 0.5054 -0.0096
5782.5000 -0.3010 -0.4904 5782.5000 0.2910 -0.4958 5782.5000 -0.0021 0.5091
5783.1500 -1.5794 -4.4052 5783.5500 -0.6481 3.0447 5783.3500 3.1683 -1.8509
5784.1500 2.5191 -0.0910 5784.5500 -0.8658 -1.3789 5784.3500 -1.8623 -3.7275
5785.1500 3.7383 -2.2745 5785.5500 -4.3297 2.0496 5785.3500 3.4406 4.4250
5786.1500 0.9624 2.7821 5786.5500 -2.4324 -4.8083 5786.3500 -4.6648 2.7420
5787.1500 4.0961 4.7809 5787.5500 -2.0691 1.2478 5787.3500 1.5667 2.5755
5788.1500 -2.5859 0.6584 5788.5500 -4.3672 -0.7879 5788.3500 -1.5651 3.1947
5789.1500 -1.2694 0.1081 5789.5500 -2.1694 -1.1548 5789.3500 -4.6426 -0.9921
5790.1500 1.7634 -4.2446 5790.5500 -4.8845 -2.1258 5790.3500 -1.6921 4.3555
5791.1500 -2.3943 1.7321 5791.5500 -2.0099 3.3683 5791.3500 2.8353 -4.3625
5792.1500 -1.8606 0.1534 5792.5500 -4.5927 -0.7018 5792.3500 3.1332 3.0153
5793.1500 3.0072 -2.6298 5793.5500 -4.6509 2.1058 5793.3500 -4.9795 0.7797
5794.1500 0.5193 -2.1165 5794.5500 -3.1752 2.7907 5794.3500 4.4615 -2.2965
5795.1500 2.1116 0.4297 5795.5500 1.7376 4.7678 5795.3500 -3.4675 -3.6507
5796.1500 -3.3577 -3.6268 5796.5500 1.4755 -0.1752 5796.3500 3.9851 0.4260
5797.1000 -0.5050 -0.0082 5797.9000 -0.0084 -0.0036 5797.4000 0.4942 -0.0048
5797.5000 -0.3029 -0.5073 5797.5000 0.3065 -0.5093 5797.5000 -0.0043 0.5085
5798.1500 0.6866 -2.3564 5798.5500 0.1148 2.7336 5798.3500 -2.8966 1.2780
5799.1500 -1.3622 2.5617 5799.5500 -4.6943 0.1287 5799.3500 2.7400 -3.9340
5800.1500 -4.0623 4.4349 5800.5500 -4.4081 4.2781 5800.3500 1.4029 2.4611
5801.1500 3.0369 1.8666 5801.5500 1.2177 1.8295 5801.3500 4.2487 -4.5730
5802.1000 -0.4988 0.0087 5802.9000 -0.0085 0.0058 5802.4000 0.5060 0.0008
5802.5000 -0.3064 -0.5030 5802.5000 0.2991 -0.5092 5802.5000 0.0003 0.4922
5803.1500 3.2459 3.0903 5803.5500 -1.7140 3.4966 5803.3500 3.4459 0.9641
5804.1500 -1.0807 1.7886 5804.5500 4.2765 -3.8914 5804.3500 1.7380 2.3364
5805.1500 4.5327 1.8273 5805.5500 1.3117 2.8217 5805.3500 3.6162 -2.8496
5806.1000 -0.5030 -0.0012 5806.9000 0.0084 0.0082 5806.4000 0.4948 0.0065
5806.5000 -0.2902 -0.5083 5806.5000 0.2983 -0.5054 5806.5000 0.0032 0.5070
5807.1500 -4.0775 -3.1749 5807.5500 -3.9446 3.7055 5807.3500 -1.5236 2.2435
5808.1000 -0.5022 0.0058 5808.9000 -0.0040 0.0075 5808.4000 0.4963 0.0013
5808.5000 -0.3028 -0.5023 5808.5000 0.3056 -0.5012 5808.5000 0.0016 0.5033
5809.1000 -0.5056 0.0049 5809.9000 0.0031 -0.0009 5809.4000 0.4976 0.0046
5809.5000 -0.2968 -0.4956 5809.5000 0.3058 -0.5023 5809.5000 -0.0037 0.4967
5810.1500 -2.1021 -4.7825 5810.5500 4.4602 -3.8738 5810.3500 3.6807 2.0931
5811.1500 2.2689 -3.2930 5811.5500 -1.5677 1.1695 5811.3500 -4.9174 2.5912
5812.1000 -0.4942 0.0050 5812.9000 0.0035 -0.0079 5812.4000 0.5064 -0.0065
5812.5000 -0.2985 -0.4903 5812.5000 0.3051 -0.5021 5812.5000 0.0039 0.4947
5813.1500 2.6927 -1.9706 5813.5500 4.5439 -2.2021 5813.3500 -3.2284 1.0186
5814.1500 -0.6127 -1.7541 5814.5500 -0.1896 0.9694 5814.3500 -3.3094 -1.2038
5815.1500 -3.0098 -2.4663 5815.5500 -3.6462 -1.2338 5815.3500 4.5341 -0.2438
5816.1500 -4.7389 2.0036 5816.5500 -4.6382 -3.0411 5816.3500 3.9531 4.3116
5817.1500 0.9323 1.3064 5817.5500 -3.2778 3.7800 5817.3500 -3.7433 4.1871
5818.1500 -2.9820 -0.1037 5818.5500 1.3298 -1.9188 5818.3500 -2.7509 1.7124
5819.1500 1.1221 3.1875 5819.5500 -0.1862 -4.1885 5819.3500 1.9643 2.7630
5820.1500 3.4592 3.6242 5820.5500 -3.6491 3.2677 5820.3500 3.4315 1.6760
5821.1500 -0.7072 3.7884 5821.5500 4.6693 1.2178 5821.3500 4.0921 -1.0621
5822.1500 2.6063 -4.3486 5822.5500 -1.4997 0.2263 5822.3500 -3.1688 -0.4719
5823.1500 2.5363 1.2020 5823.5500 -4.4087 3.4151 5823.3500 3.9118 1.0491
5824.1000 -0.4990 -0.0089 5824.9000 -0.0074 -0.0065 5824.4000 0.4905 -0.0055
5824.5000 -0.3018 -0.4902 5824.5000 0.3094 -0.4934 5824.5000 -0.0075 0.4908
5825.1500 -3.7433 4.9589 5825.5500 -2.4013 -0.2447 5825.3500 2.9836 3.4380
5826.1500 -4.3302 3.3079 5826.5500 0.5882 -1.3922 5826.3500 1.0854 -4.5008
5827.1500 0.4354 -3.4370 5827.5500 4.2659 -4.3488 5827.3500 -1.4537 4.7925
5828.1500 -2.4736 -1.3642 5828.5500 2.7811 1.5013 5828.3500 2.3968 -2.7045
5829.1500 2.6511 -3.4349 5829.5500 -0.7619 0.7661 5829.3500 0.6068 4.5928
5830.1500 -1.4194 3.5490 5830.5500 1.0775 2.7419 5830.3500 -4.9740 1.7549
5831.1500 0.6429 3.2032 5831.5500 -4.9158 -4.6086 5831.3500 -2.1333 -0.9588
5832.1000 -0.5084 -0.0085 5832.9000 0.0045 -0.0074 5832.4000 0.5000 -0.0096
5832.5000 -0.2980 -0.5011 5832.5000 0.3091 -0.5015 5832.5000 0.0018 0.5058
5833.1500 0.2011 -1.9633 5833.5500 2.8420 1.5396 5833.3500 -3.8774 2.8861
5834.1500 -3.1303 3.9229 5834.5500 4.7615 -0.8122 5834.3500 2.9946 2.0073
5835.1500 3.5636 -0.4634 5835.5500 -0.1006 4.8266 5835.3500 1.5969 4.0050
5836.1500 -0.2494 1.0931 5836.5500 1.5686 4.3765 5836.3500 0.2249 -4.2326
5837.1500 4.3658 3.3613 5837.5500 1.1924 4.6321 5837.3500 4.2383 -3.4078
5838.1500 4.7010 0.9529 5838.5500 1.4820 -2.1448 5838.3500 0.3903 4.7498
5839.1500 -4.2226 -4.7410 5839.5500 4.0269 -4.4870 5839.3500 -3.5180 -3.4275
5840.1500 -2.0220 -4.2872 5840.5500 -0.4499 -0.5453 5840.3500 -4.0527 -4.0878
5841.1500 1.5085 -0.1209 5841.5500 -1.5384 3.9354 5841.3500 -2.0462 -1.9521
5842.1500 -2.7941 -0.3278 5842.5500 1.8206 -4.7234 5842.3500 0.5419 2.8219
5843.1500 -0.9201 1.6689 5843.5500 4.3934 -0.3695 5843.3500 0.0921 -1.4552
5844.1500 -0.5238 4.3146 5844.5500 -4.4571 -1.7896 5844.3500 -3.9810 -3.2697
5845.1500 2.3713 2.3221 5845.5500 -0.7659 -3.1589 5845.3500 4.5079 0.7223
5846.1500 0.7662 -3.2745 5846.5500 4.7927 2.4250 5846.3500 3.5830 2.5135
5847.1500 2.7401 -3.9416 5847.5500 -4.0653 4.8893 5847.3500 1.3025 1.8394
5848.1000 -0.5015 0.0012 5848.9000 0.0077 0.0046 5848.4000 0.5076 0.0009
5848.5000 -0.2908 -0.5038 5848.5000 0.3082 -0.5060 5848.5000 0.0013 0.5055
5849.1500 -0.3940 3.3921 5849.5500 -0.2646 3.9696 5849.3500 1.6119 -2.0370
5850.1000 -0.5013 -0.0029 5850.9000 -0.0065 0.0065 5850.4000 0.4965 0.0024
5850.5000 -0.2929 -0.5068 5850.5000 0.2908 -0.4924 5850.5000 0.0048 0.4950
5851.1500 -4.0929 2.4319 5851.5500 -0.8345 -3.2102 5851.3500 -0.7940 -0.5629
5852.1500 -4.8894 -1.4012 5852.5500 3.9150 -2.3214 5852.3500 -0.4474 -0.8477
5853.1500 0.0169 -2.5406 5853.5500 1.6958 -2.6681 5853.3500 2.9119 1.5777
5854.1500 -2.2806 -0.3533 5854.5500 -3.2110 -2.7490 5854.3500 3.8838 3.4666
5855.1500 -4.4931 -1.4358 5855.5500 1.7545 4.4801 5855.3500 0.8464 1.8181
5856.1500 2.1752 3.5696 5856.5500 4.2506 -0.2854 5856.3500 -4.6379 1.4024
5857.1500 2.4850 2.8221 5857.5500 4.6069 2.2776 5857.3500 1.9169 -3.9957
5858.1000 -0.5041 0.0059 5858.9000 -0.0027 -0.0053 5858.4000 0.5063 -0.0076
5858.5000 -0.3039 -0.5036 5858.5000 0.3056 -0.4949 5858.5000 0.0005 0.5094
5859.1500 4.7947 -0.3180 5859.5500 -2.6495 0.9296 5859.3500 -4.1030 3.0570
5860.1500 -4.8698 3.1883 5860.5500 1.4428 3.9632 5860.3500 2.1770 4.5663
5861.1500 -1.8600 -2.9588 5861.5500 1.7994 -0.7135 5861.3500 -4.8182 4.6055
5862.1000 -0.5083 0.0051 5862.9000 0.0010 -0.0048 5862.4000 0.5073 0.0063
5862.5000 -0.3065 -0.5050 5862.5000 0.3042 -0.4905 5862.5000 0.0079 0.4967
5863.1500 -4.0176 2.2265 5863.5500 0.3072 -4.3710 5863.3500 -0.1017 -3.4236
5864.1500 -3.1887 3.7731 5864.5500 1.0159 1.1756 5864.3500 1.2458 -4.5965
5865.1500 -1.1227 -1.7414 5865.5500 0.8920 1.5054 5865.3500 -4.5931 -0.3193
5866.1500 3.6108 -1.6832 5866.5500 -2.8157 -2.7760 5866.3500 3.5521 -2.1340
5867.1500 -2.4943 4.4922 5867.5500 -2.6981 1.5708 5867.3500 3.1618 2.7589
5868.1500 1.1425 2.2867 5868.5500 1.5311 4.2036 5868.3500 -2.9289 3.3596
5869.1500 -1.5709 -2.1279 5869.5500 3.3786 4.0979 5869.3500 2.9348 0.5429
5870.1500 -4.0026 0.7075 5870.5500 0.8364 -1.3065 5870.3500 -2.6784 -1.4440
5871.1500 0.3953 0.3505 5871.5500 -1.6534 -0.5341 5871.3500 -0.6230 1.1618
5872.1500 -0.3032 -0.0527 5872.5500 3.2211 4.4409 5872.3500 4.8942 -0.3611
5873.1500 1.2766 -1.0590 5873.5500 -0.3448 -0.3704 5873.3500 -2.4573 -3.0369
5874.1500 1.0710 1.4743 5874.5500 0.5742 -1.5949 5874.3500 -4.7965 2.6585
5875.1500 -2.8700 3.0264 5875.5500 3.1109 -2.1205 5875.3500 1.2618 -3.2554
5876.1000 -0.4969 0.0098 5876.9000 -0.0095 -0.0040 5876.4000 0.5071 -0.0048
5876.5000 -0.3073 -0.5014 5876.5000 0.2984 -0.4977 5876.5000 -0.0007 0.4910
5877.1500 -3.6909 -2.0624 5877.5500 -2.9792 2.1137 5877.3500 0.6038 2.4780
5878.1500 2.6388 -4.9970 5878.5500 4.2412 -1.5132 5878.3500 -1.6621 -3.9455
5879.1500 -3.9262 -0.8476 5879.5500 3.2953 3.2487 5879.3500 3.2651 -4.3730
5880.1500 -3.7585 -2.2422 5880.5500 -4.8366 3.8487 5880.3500 -2.8014 -3.7859
5881.1500 -0.5326 -4.3796 5881.5500 3.9079 -0.6472 5881.3500 0.6513 -2.2519
5882.1500 -1.6273 2.9160 5882.5500 -1.0952 1.0333 5882.3500 -4.1282 -3.2791
5883.1500 1.5500 3.5743 5883.5500 -2.6674 2.9143 5883.3500 1.3966 -0.7493
5884.1500 -2.3297 1.5243 5884.5500 4.3736 -2.4307 5884.3500 3.9353 -3.9846
5885.1000 -0.4928 0.0094 5885.9000 0.0038 0.0061 5885.4000 0.4913 -0.0011
5885.5000 -0.2947 -0.4905 5885.5000 0.2928 -0.4925 5885.5000 -0.0065 0.5036
5886.1500 -3.6377 -4.9422 5886.5500 3.8776 -0.3270 5886.3500 -1.7886 0.7411
5887.1000 -0.4996 -0.0054 5887.9000 -0.0022 -0.0053 5887.4000 0.4921 0.0000
5887.5000 -0.3053 -0.5036 5887.5000 0.3000 -0.4979 5887.5000 0.0015 0.5025
5888.1500 4.9030 2.2328 5888.5500 3.3319 2.2349 5888.3500 -0.4029 -3.2885
5889.1500 -4.9987 1.8388 5889.5500 -4.0695 -1.7165 5889.3500 -0.9001 -3.6859
5890.1500 -2.9241 -3.1452 5890.5500 0.1099 1.8535 5890.3500 0.8515 -2.7773
5891.1500 -3.6803 -4.0602 5891.5500 -2.8367 -2.5509 5891.3500 3.6203 -0.8920
5892.1500 4.7210 -0.0709 5892.5500 -1.4963 3.1528 5892.3500 -2.1399 -4.2097
5893.1500 1.9537 -3.1263 5893.5500 -1.8479 1.3058 5893.3500 1.2809 1.6200
5894.1500 1.3936 0.3125 5894.5500 1.4611 4.3714 5894.3500 3.6185 1.8656
5895.1500 -4.8918 -1.2770 5895.5500 4.8829 -2.1757 5895.3500 -3.6372 -2.3081
5896.1000 -0.4937 0.0044 5896.9000 -0.0065 0.0066 5896.4000 0.4984 -0.0097
5896.5000 -0.3098 -0.5059 5896.5000 0.3032 -0.5035 5896.5000 -0.0002 0.5054
5897.1500 -3.0868 0.6303 5897.5500 -2.0070 -2.0920 5897.3500 3.0285 4.9865
5898.1500 3.8118 1.4713 5898.5500 -3.0495 1.2561 5898.3500 -0.9182 0.9419
5899.1500 -0.0512 -4.4261 5899.5500 3.4834 0.1789 5899.3500 -0.2870 -3.3458
5900.1500 -3.2504 2.5738 5900.5500 0.0650 2.3442 5900.3500 -0.3648 -1.2320
5901.1500 -2.3906 4.7357 5901.5500 -2.1594 1.2541 5901.3500 4.2117 2.9905
5902.1000 -0.5076 -0.0013 5902.9000 -0.0058 0.0097 5902.4000 0.4997 -0.0097
5902.5000 -0.3020 -0.4933 5902.5000 0.2931 -0.4908 5902.5000 -0.0015 0.5094
5903.1500 -4.6878 -4.5003 5903.5500 2.4197 -0.7802 5903.3500 -3.1496 2.0170
5904.1500 2.9207 -0.2013 5904.5500 -1.7114 1.0539 5904.3500 2.5462 -4.4933
5905.1000 -0.5030 0.0048 5905.9000 -0.0090 -0.0078 5905.4000 0.5057 -0.0063
5905.5000 -0.3046 -0.4965 5905.5000 0.3083 -0.4940 5905.5000 -0.0008 0.5013
5906.1500 2.4376 1.9155 5906.5500 -1.2868 -1.0475 5906.3500 -2.0602 3.1565
5907.1500 -1.6054 1.2341 5907.5500 -3.9273 -0.6230 5907.3500 0.5224 -1.2085
5908.1500 -1.8150 3.8790 5908.5500 -4.7111 -4.3849 5908.3500 1.2755 2.3095
5909.1500 -0.8654 4.9969 5909.5500 -3.2431 -2.4728 5909.3500 -3.8998 2.6125
5910.1500 4.3114 -4.9616 5910.5500 2.3472 -2.6026 5910.3500 -4.4349 -3.6671
5911.1500 -1.8012 1.9691 5911.5500 -4.0104 -4.2763 5911.3500 -2.8369 1.6241
5912.1500 4.6473 2.2053 5912.5500 1.0492 -4.7835 5912.3500 0.7450 -3.5977
5913.1500 0.4755 4.4385 5913.5500 -2.2243 -2.8033 5913.3500 2.7881 0.2279
5914.1500 -1.4296 3.2488 5914.5500 -3.5587 -1.5425 5914.3500 -3.2019 -4.3527
5915.1500 2.2334 2.8255 5915.5500 0.5345 -0.6367 5915.3500 -0.6138 1.6971
5916.1500 4.2704 1.6381 5916.5500 -0.7732 1.4152 5916.3500 4.9500 1.7304
5917.1500 -1.4322 3.9303 5917.5500 -1.9105 -0.8376 5917.3500 4.0038 4.6842
5918.1500 -4.4353 2.3205 5918.5500 2.1126 -0.6016 5918.3500 2.8296 4.8450
5919.1500 4.6115 0.3307 5919.5500 -0.9472 -3.2541 5919.3500 4.3956 -4.4760
5920.1500 -4.4720 1.5542 5920.5500 -1.8622 1.8499 5920.3500 -4.6617 2.6855
5921.1500 1.7943 -1.3433 5921.5500 2.3145 -4.9453 5921.3500 1.1360 -3.5256
5922.1500 -3.8360 -0.4615 5922.5500 -1.1922 -0.9775 5922.3500 4.8514 3.9617
5923.1500 -0.4290 0.4639 5923.5500 2.2866 -2.8677 5923.3500 0.2530 -4.6006
5924.1000 -0.5052 0.0027 5924.9000 0.0009 0.0070 5924.4000 0.4920 -0.0047
5924.5000 -0.2967 -0.5025 5924.5000 0.2902 -0.4931 5924.5000 -0.0052 0.4941
5925.1500 3.1601 -1.8536 5925.5500 -3.4507 -4.5969 5925.3500 -0.2471 -3.8874
5926.1500 -1.0391 4.3704 5926.5500 0.8511 3.2016 5926.3500 -4.1099 -0.0766
5927.1500 2.1122 -0.1831 5927.5500 2.5525 -0.7995 5927.3500 -1.7230 -1.4508
5928.1500 3.9690 -1.7647 5928.5500 -2.0656 -4.6759 5928.3500 0.4081 -0.6328
5929.1500 3.4202 3.7526 5929.5500 -2.3203 1.7864 5929.3500 -3.7760 -4.7302
5930.1500 -3.4204 4.9947 5930.5500 4.6092 -4.6670 5930.3500 2.6494 -0.6835
5931.1500 3.0109 0.4425 5931.5500 2.2282 4.6772 5931.3500 -2.3495 4.1486
5932.1500 -0.2163 -4.9626 5932.5500 -0.7833 4.0389 5932.3500 -1.5179 -0.3843
5933.1000 -0.5021 0.0051 5933.9000 -0.0026 0.0026 5933.4000 0.4997 -0.0008
5933.5000 -0.2975 -0.4934 5933.5000 0.3046 -0.5016 5933.5000 -0.0009 0.5040
5934.1000 -0.5054 0.0038 5934.9000 0.0060 -0.0019 5934.4000 0.4926 0.0071
5934.5000 -0.3024 -0.5001 5934.5000 0.3011 -0.4911 5934.5000 0.0047 0.5088
5935.1500 3.7421 -2.8901 5935.5500 2.1124 -0.6455 5935.3500 2.6111 2.0593
5936.1000 -0.4978 0.0071 5936.9000 -0.0011 0.0001 5936.4000 0.5048 -0.0023
5936.5000 -0.2998 -0.5040 5936.5000 0.2948 -0.4968 5936.5000 -0.0011 0.5050
5937.1000 -0.4997 -0.0069 5937.9000 0.0012 -0.0053 5937.4000 0.5010 -0.0050
5937.5000 -0.3010 -0.5008 5937.5000 0.2984 -0.5023 5937.5000 -0.0018 0.5090
5938.1500 1.7234 4.3603 5938.5500 3.1423 -4.6781 5938.3500 -1.0215 4.8080
5939.1000 -0.5030 0.0067 5939.9000 -0.0007 -0.0070 5939.4000 0.4938 0.0057
5939.5000 -0.2934 -0.4992 5939.5000 0.3005 -0.5066 5939.5000 -0.0086 0.5075
5940.1500 4.8413 -2.5579 5940.5500 1.6470 3.7894 5940.3500 4.5921 -0.4710
5941.1500 4.7392 3.7997 5941.5500 -2.4312 0.1965 5941.3500 -1.7644 -2.8674
5942.1500 -2.0103 -3.8474 5942.5500 4.2024 -3.3440 5942.3500 -2.9022 -1.7355
5943.1500 4.8717 3.0361 5943.5500 -4.4114 -1.0365 5943.3500 -1.0412 0.4541
5944.1500 -2.6209 1.1800 5944.5500 2.7263 -3.0011 5944.3500 -1.0342 0.7007
5945.1500 2.5090 -4.8450 5945.5500 4.7353 -2.2414 5945.3500 0.1321 -0.5830
5946.1500 -2.8496 -4.0212 5946.5500 1.6637 -0.2758 5946.3500 2.8027 -0.1125
5947.1500 -1.9783 3.4391 5947.5500 1.3443 3.7618 5947.3500 2.5281 4.0489
5948.1000 -0.5063 0.0094 5948.9000 0.0075 0.0086 5948.4000 0.5092 -0.0073
5948.5000 -0.3094 -0.5043 5948.5000 0.3072 -0.5021 5948.5000 0.0014 0.4968
5949.1500 -3.2089 0.1779 5949.5500 3.2904 -4.6041 5949.3500 -4.7333 -1.5863
5950.1500 2.6761 3.4292 5950.5500 3.1945 -0.4972 5950.3500 0.8593 0.0243
5951.1500 -2.9155 -3.4650 5951.5500 4.9904 -3.2058 5951.3500 -2.1770 3.4042
5952.1500 4.9639 4.8731 5952.5500 -3.4146 0.3556 5952.3500 3.6415 4.2197
5953.1000 -0.4941 0.0025 5953.9000 -0.0028 -0.0020 5953.4000 0.5023 -0.0051
5953.5000 -0.2916 -0.5026 5953.5000 0.2923 -0.5093 5953.5000 -0.0091 0.5010
5954.1500 0.3869 -4.1181 5954.5500 0.5957 0.2173 5954.3500 3.5221 -0.4505
5955.1500 -0.4582 -1.7954 5955.5500 -0.3203 3.3176 5955.3500 -3.4350 1.1058
5956.1000 -0.4945 0.0022 5956.9000 0.0077 0.0052 5956.4000 0.4916 0.0000
5956.5000 -0.2964 -0.5082 5956.5000 0.2927 -0.4980 5956.5000 -0.0031 0.5033
5957.1500 1.6457 -2.7037 5957.5500 -3.3168 3.0875 5957.3500 1.1194 2.3556
5958.1500 -4.0891 -2.1266 5958.5500 -1.4868 -0.8546 5958.3500 -0.9882 3.6936
5959.1500 4.5007 0.7854 5959.5500 3.7038 -3.5869 5959.3500 -1.9382 -2.3214
5960.1500 -3.6451 -1.3357 5960.5500 1.0749 -1.1371 5960.3500 0.0188 1.0732
5961.1500 -0.8376 -0.1783 5961.5500 2.2519 -2.5523 5961.3500 -3.4698 -3.9192
5962.1500 -4.1743 -3.8302 5962.5500 -0.0587 1.9256 5962.3500 3.5031 0.0080
5963.1500 3.5867 -0.7215 5963.5500 -2.2408 2.0560 5963.3500 0.3887 3.8730
5964.1500 1.1429 -0.5649 5964.5500 -2.2506 -2.0338 5964.3500 2.4098 -4.4673
5965.1500 1.3618 -0.9394 5965.5500 -3.5881 -4.8235 5965.3500 0.2212 -0.7697
5966.1500 3.3856 -4.7504 5966.5500 -3.3723 3.0237 5966.3500 -4.7536 0.9313
5967.1500 2.4398 -4.7572 5967.5500 -3.7451 -0.2973 5967.3500 4.5829 -4.2316
5968.1500 -1.8814 4.0221 5968.5500 3.7610 -4.7113 5968.3500 -0.2331 3.9138
5969.1500 1.2912 -2.7320 5969.5500 0.4093 -2.3477 5969.3500 1.5494 2.3614
5970.1500 4.7652 0.2934 5970.5500 -4.9505 -2.7184 5970.3500 -2.6946 -0.1595
5971.1500 4.7936 -1.7719 5971.5500 -4.8530 -2.9407 5971.3500 2.9015 0.2580
5972.1500 4.5441 -3.0783 5972.5500 -1.9544 4.4436 5972.3500 -0.4578 -4.6148
5973.1000 -0.5002 0.0057 5973.9000 0.0054 0.0023 5973.4000 0.4984 -0.0034
5973.5000 -0.3067 -0.5057 5973.5000 0.3031 -0.5088 5973.5000 0.0004 0.4943
5974.1500 0.0505 -1.2330 5974.5500 -2.7639 3.5100 5974.3500 1.3774 1.6704
5975.1500 0.8235 1.5688 5975.5500 -2.7913 -2.3820 5975.3500 2.9776 1.0844
5976.1500 1.5150 -1.3218 5976.5500 -0.0783 4.6891 5976.3500 -4.4202 0.9109
5977.1500 -0.7716 3.9039 5977.5500 1.2550 2.9226 5977.3500 3.7303 -2.4567
5978.1500 -0.5925 0.3121 5978.5500 3.8463 3.2996 5978.3500 0.3557 0.4046
5979.1500 -0.0353 1.7021 5979.5500 -0.9198 -2.8801 5979.3500 4.9401 -0.0996
5980.1000 -0.5036 -0.0037 5980.9000 -0.0078 0.0052 5980.4000 0.5019 -0.0043
5980.5000 -0.3018 -0.4927 5980.5000 0.2983 -0.4926 5980.5000 -0.0073 0.5015
5981.1500 -4.4722 2.2536 5981.5500 -3.8916 4.0428 5981.3500 -1.6567 1.3649
5982.1000 -0.4930 0.0015 5982.9000 0.0046 0.0030 5982.4000 0.5094 0.0076
5982.5000 -0.3036 -0.5005 5982.5000 0.3058 -0.5002 5982.5000 0.0094 0.5029
5983.1500 -4.9441 -0.8964 5983.5500 4.4098 -4.1832 5983.3500 -2.6827 -3.7362
5984.1500 0.8589 1.5354 5984.5500 0.8395 1.1262 5984.3500 2.4864 0.2692
5985.1500 3.2638 -3.5279 5985.5500 3.2828 1.6604 5985.3500 0.3858 -3.2856
5986.1500 0.1328 -1.0434 5986.5500 -3.9610 1.2470 5986.3500 2.6276 -3.6630
5987.1500 -1.5779 -2.6085 5987.5500 -2.7702 1.7318 5987.3500 2.7517 2.1493
5988.1500 0.7092 -4.3705 5988.5500 1.9441 2.7028 5988.3500 -2.9331 -3.0316
5989.1000 -0.4919 -0.0081 5989.9000 0.0084 0.0003 5989.4000 0.5014 -0.0037
5989.5000 -0.3030 -0.5024 5989.5000 0.3092 -0.5056 5989.5000 -0.0095 0.5060
5990.1500 0.9797 2.9504 5990.5500 0.2050 -0.5536 5990.3500 -4.6517 1.7702
5991.1500 3.8306 -1.3300 5991.5500 2.6792 2.3279 5991.3500 2.8223 -4.2527
5992.1500 -1.6111 3.2729 5992.5500 -3.3011 2.8765 5992.3500 -0.2643 0.8122
5993.1500 -0.4462 3.1453 5993.5500 1.3897 -2.8940 5993.3500 1.8074 -0.4361
5994.1000 -0.4913 -0.0078 5994.9000 0.0068 -0.0027 5994.4000 0.4907 -0.0034
5994.5000 -0.2941 -0.4961 5994.5000 0.2996 -0.4961 5994.5000 -0.0005 0.4988
5995.1500 1.0777 -3.8272 5995.5500 -0.1516 1.5071 5995.3500 -2.8522 1.0769
5996.1500 -1.2680 4.3112 5996.5500 -0.3597 3.2368 5996.3500 3.8211 -0.0536
5997.1000 -0.5040 -0.0009 5997.9000 0.0048 0.0074 5997.4000 0.4987 -0.0004
5997.5000 -0.2994 -0.5004 5997.5000 0.3057 -0.4992 5997.5000 0.0049 0.4977
5998.1500 -1.5102 -1.9287 5998.5500 0.1059 -3.3634 5998.3500 0.0905 -2.0474
5999.1000 -0.4966 0.0100 5999.9000 -0.0037 -0.0098 5999.4000 0.4932 0.0025
5999.5000 -0.2982 -0.5091 5999.5000 0.3048 -0.4967 5999.5000 0.0075 0.5044
6000.1500 -1.2858 4.6676 6000.5500 -0.1975 2.6805 6000.3500 -2.3376 -0.4822
6001.1500 -2.5167 -3.5891 6001.5500 -0.8938 -3.2206 6001.3500 -4.1843 -2.9842
6002.1500 -1.0006 -1.8990 6002.5500 -4.3058 3.6344 6002.3500 -3.0528 0.0747
6003.1500 4.4739 -1.8948 6003.5500 -3.3431 -0.7644 6003.3500 -2.2816 -2.0453
6004.1500 -0.4400 2.0828 6004.5500 -1.6302 -1.6019 6004.3500 -4.9019 -1.2809
6005.1500 4.0938 0.9699 6005.5500 -1.9096 3.1534 6005.3500 -2.6766 2.0602
6006.1500 3.1246 -4.9180 6006.5500 -4.1465 -3.7361 6006.3500 -1.1312 -4.1686
6007.1000 -0.4986 -0.0048 6007.9000 0.0020 -0.0054 6007.4000 0.5034 0.0035
6007.5000 -0.3055 -0.4926 6007.5000 0.2987 -0.4973 6007.5000 0.0046 0.5090
6008.1000 -0.5011 -0.0073 6008.9000 0.0070 0.0098 6008.4000 0.4980 -0.0062
6008.5000 -0.2987 -0.4923 6008.5000 0.2981 -0.5004 6008.5000 -0.0072 0.5038
6009.1500 1.8174 4.6715 6009.5500 -2.1877 -0.3664 6009.3500 -3.9152 -0.5900
6010.1500 -0.0190 2.6686 6010.5500 4.2874 4.8008 6010.3500 -3.2350 -4.9957
6011.1000 -0.4917 0.0013 6011.9000 0.0062 -0.0070 6011.4000 0.4910 -0.0084
6011.5000 -0.2995 -0.5090 6011.5000 0.2929 -0.5077 6011.5000 -0.0007 0.4958
6012.1500 0.1621 -0.6026 6012.5500 0.0857 -2.4527 6012.3500 -4.1607 -3.7322
6013.1500 3.3786 -3.3926 6013.5500 1.1101 2.8971 6013.3500 -1.2168 -3.8828
6014.1500 3.3156 -0.3619 6014.5500 -0.1009 -2.0697 6014.3500 -0.6263 -0.1454
6015.1500 1.1937 2.4465 6015.5500 4.0074 -4.5171 6015.3500 -2.2787 -3.0441
6016.1500 -1.1052 0.9822 6016.5500 0.9137 -1.6729 6016.3500 -0.7577 -4.6089
6017.1500 -0.8772 2.6198 6017.5500 -2.1760 -1.0276 6017.3500 -0.0825 4.9900
6018.1500 -0.1025 1.4714 6018.5500 3.0309 4.4821 6018.3500 0.6362 2.2482
6019.1500 -1.5164 1.5982 6019.5500 4.7047 -0.2789 6019.3500 0.4932 0.4004
6020.1500 -1.4808 4.8578 6020.5500 -4.9647 1.6664 6020.3500 -0.1796 -4.2612
6021.1500 -3.1111 1.0379 6021.5500 3.1670 -1.5940 6021.3500 4.4328 -0.0716
6022.1500 -0.9419 2.1747 6022.5500 -0.3995 -3.9539 6022.3500 2.5797 2.2228
6023.1500 2.2119 1.1157 6023.5500 -0.3685 0.0701 6023.3500 2.6242 -2.7591
6024.1500 2.8346 3.2726 6024.5500 -0.5431 -3.0952 6024.3500 2.7648 -1.8481
6025.1500 1.4250 -1.6087 6025.5500 -0.3654 -0.8337 6025.3500 -3.8235 0.0308
6026.1500 -1.9861 -1.1568 6026.5500 -0.1503 -4.2180 6026.3500 0.4953 4.8753
6027.1500 1.9492 4.7310 6027.5500 -0.8202 3.2764 6027.3500 0.0788 -4.8390
6028.1500 -2.4721 -4.4140 6028.5500 -3.5070 2.3952 6028.3500 -2.5309 2.8164
6029.1500 -0.0213 3.3361 6029.5500 -3.1795 -3.9728 6029.3500 -4.2027 4.6470
6030.1000 -0.5032 -0.0025 6030.9000 0.0053 0.0021 6030.4000 0.4954 -0.0033
6030.5000 -0.3077 -0.5051 6030.5000 0.3093 -0.5055 6030.5000 0.0077 0.4936
6031.1500 -4.6874 -3.0875 6031.5500 0.0776 1.3373 6031.3500 -4.9694 -1.4202
6032.1500 -2.1300 -0.8314 6032.5500 -1.9967 1.4004 6032.3500 4.0068 2.3502
6033.1000 -0.5020 -0.0037 6033.9000 0.0033 0.0044 6033.4000 0.5061 0.0011
6033.5000 -0.2973 -0.4955 6033.5000 0.2972 -0.5006 6033.5000 0.0018 0.5037
6034.1000 -0.4979 0.0010 6034.9000 0.0022 0.0007 6034.4000 0.4950 -0.0071
6034.5000 -0.3041 -0.4917 6034.5000 0.2962 -0.4949 6034.5000 -0.0098 0.5016
6035.1000 -0.4997 -0.0081 6035.9000 -0.0083 -0.0067 6035.4000 0.5090 0.0037
6035.5000 -0.2914 -0.4947 6035.5000 0.3038 -0.4916 6035.5000 -0.0044 0.5051
6036.1500 1.8023 0.4031 6036.5500 1.2098 -0.6600 6036.3500 3.7275 3.1644
6037.1500 4.7618 4.2636 6037.5500 3.4061 1.2387 6037.3500 -4.8748 1.3225
6038.1000 -0.5046 0.0044 6038.9000 -0.0012 -0.0090 6038.4000 0.5067 -0.0060
6038.5000 -0.3015 -0.4939 6038.5000 0.3016 -0.5011 6038.5000 -0.0096 0.4987
6039.1500 0.6385 -2.2459 6039.5500 2.9351 1.6381 6039.3500 -1.5328 -0.0810
6040.1500 1.7015 -0.8175 6040.5500 3.7385 -1.6181 6040.3500 1.2463 -1.6644
6041.1500 -4.0048 1.6385 6041.5500 -0.5848 4.6117 6041.3500 2.8567 -3.4387
6042.1500 2.7907 -0.1342 6042.5500 3.0918 -2.8554 6042.3500 -4.2355 -0.9506
6043.1500 -4.5002 -4.5471 6043.5500 -0.1649 3.5526 6043.3500 -3.0974 2.0347
6044.1500 -2.0057 0.8570 6044.5500 4.8561 3.3679 6044.3500 0.0794 -2.2903
6045.1000 -0.4954 -0.0097 6045.9000 -0.0008 0.0012 6045.4000 0.5052 0.0048
6045.5000 -0.3030 -0.5052 6045.5000 0.3056 -0.5018 6045.5000 0.0051 0.5031
6046.1000 -0.4988 -0.0092 6046.9000 -0.0081 -0.0016 6046.4000 0.5071 0.0085
6046.5000 -0.2928 -0.4952 6046.5000 0.3063 -0.5075 6046.5000 -0.0040 0.5066
6047.1500 4.0812 -3.8732 6047.5500 -3.7954 -4.7098 6047.3500 -3.4342 -4.9972
6048.1500 -4.3800 -0.3484 6048.5500 -1.7091 -3.5130 6048.3500 4.8160 -1.6646
6049.1500 -4.1418 1.4150 6049.5500 2.3448 -2.9260 6049.3500 4.3947 4.4331
6050.1500 -4.3613 -0.2218 6050.5500 2.8813 2.9445 6050.3500 -4.2336 -4.9773
6051.1500 0.2658 1.8112 6051.5500 -3.9225 -3.3298 6051.3500 1.4124 -3.1209
6052.1500 3.6903 2.8404 6052.5500 2.0960 -4.9752 6052.3500 -3.9149 -2.6062
6053.1500 3.3775 -3.3844 6053.5500 3.2114 -1.6093 6053.3500 0.1409 2.0838
6054.1000 -0.5065 0.0005 6054.9000 -0.0052 0.0019 6054.4000 0.5011 0.0014
6054.5000 -0.2984 -0.5011 6054.5000 0.3077 -0.4940 6054.5000 0.0002 0.4993
6055.1500 4.0601 -3.2876 6055.5500 -2.5753 -2.3400 6055.3500 -4.8158 -0.4558
6056.1000 -0.5073 -0.0096 6056.9000 0.0070 0.0015 6056.4000 0.4975 0.0039
6056.5000 -0.3082 -0.4967 6056.5000 0.2930 -0.5026 6056.5000 0.0090 0.4948
6057.1500 0.4053 -3.5473 6057.5500 2.4428 -2.2060 6057.3500 -0.6598 4.7852
6058.1500 3.2438 -0.8340 6058.5500 -3.1437 -1.1280 6058.3500 -2.7954 3.6382
6059.1500 3.4107 4.7641 6059.5500 3.4928 1.2298 6059.3500 1.5294 -3.0499
6060.1500 -1.6181 -4.0906 6060.5500 -4.2000 -3.4640 6060.3500 4.2201 3.1935
6061.1500 -0.5793 -1.2670 6061.5500 4.8090 -3.0094 6061.3500 -4.5336 1.5170
6062.1500 -1.3185 -3.5588 6062.5500 0.0012 -4.0404 6062.3500 1.1369 0.6182
6063.1000 -0.5068 -0.0066 6063.9000 -0.0029 -0.0037 6063.4000 0.4957 -0.0045
6063.5000 -0.3013 -0.4946 6063.5000 0.2990 -0.5039 6063.5000 0.0000 0.4913
6064.1000 -0.4930 -0.0083 6064.9000 -0.0093 -0.0029 6064.4000 0.5069 -0.0027
6064.5000 -0.2947 -0.5033 6064.5000 0.2956 -0.5047 6064.5000 0.0004 0.5033
6065.1500 3.3405 -2.2252 6065.5500 -2.0497 2.6924 6065.3500 4.3315 -0.3899
6066.1500 -1.1139 -3.6178 6066.5500 3.7115 3.1242 6066.3500 -4.5160 0.4963
6067.1500 4.9543 -0.9391 6067.5500 -4.8672 -2.3700 6067.3500 4.2712 -3.1323
6068.1500 4.1024 -0.5999 6068.5500 4.2489 4.3125 6068.3500 -0.5713 -2.2020
6069.1500 -4.4966 -0.0127 6069.5500 -3.2358 -1.2637 6069.3500 0.0985 -3.4161
6070.1500 4.5537 3.0595 6070.5500 -4.6658 -3.1321 6070.3500 0.3211 -0.6438
6071.1000 -0.5067 -0.0098 6071.9000 0.0076 -0.0086 6071.4000 0.4952 0.0052
6071.5000 -0.2928 -0.4975 6071.5000 0.2904 -0.4954 6071.5000 -0.0055 0.5042
6072.1500 -1.4072 1.4187 6072.5500 1.1136 -0.7912 6072.3500 0.0739 -1.4323
6073.1500 -3.7025 -4.7789 6073.5500 3.3322 -4.7511 6073.3500 0.4380 -3.6312
6074.1500 3.1222 0.0780 6074.5500 -1.7746 -1.8643 6074.3500 -3.3886 1.1832
6075.1500 -4.6046 -3.6175 6075.5500 4.8527 3.8845 6075.3500 -3.3726 -3.7068
6076.1500 -0.0125 1.3386 6076.5500 4.9048 -0.1660 6076.3500 3.7742 -1.6078
6077.1500 1.2885 -4.6587 6077.5500 -2.9485 4.5022 6077.3500 -1.9796 4.8534
6078.1000 -0.4969 -0.0045 6078.9000 0.0083 -0.0047 6078.4000 0.5047 0.0033
6078.5000 -0.3079 -0.4974 6078.5000 0.2942 -0.5093 6078.5000 0.0040 0.4979
6079.1500 0.9164 1.3060 6079.5500 -2.7242 3.6386 6079.3500 -3.2248 4.9304
6080.1500 -4.2692 4.6293 6080.5500 -4.0203 3.5732 6080.3500 0.4409 3.8527
6081.1500 -3.5190 -4.0277 6081.5500 1.9931 0.7680 6081.3500 -2.3489 -0.9257
6082.1500 -3.0467 4.7090 6082.5500 -4.1955 2.9638 6082.3500 -2.3824 1.7153
6083.1500 0.3133 -2.8348 6083.5500 2.6635 -2.7677 6083.3500 3.6956 0.8459
6084.1500 3.2978 -1.8410 6084.5500 -1.2241 3.1712 6084.3500 3.4677 -2.1231
6085.1500 -0.3519 -1.0255 6085.5500 2.2494 4.2695 6085.3500 2.9089 -0.3529
6086.1500 4.0570 -3.6994 6086.5500 -1.7788 -2.7588 6086.3500 -2.7448 -2.8790
6087.1500 1.4304 3.4572 6087.5500 -3.6660 -0.9745 6087.3500 2.9154 2.4284
6088.1500 -4.7896 1.7999 6088.5500 -1.5784 4.0622 6088.3500 -0.4392 4.8671
6089.1500 -3.2702 0.1298 6089.5500 4.0724 0.5449 6089.3500 3.0530 -4.7727
6090.1500 4.5848 2.4158 6090.5500 1.2754 -4.6572 6090.3500 -0.1645 0.2927
6091.1500 4.3285 -2.0382 6091.5500 4.4648 -2.4463 6091.3500 3.5523 1.4673
6092.1500 -1.1339 0.7651 6092.5500 -4.3525 -4.4276 6092.3500 0.7030 -4.9923
6093.1500 -0.0507 3.0264 6093.5500 -1.1378 0.4615 6093.3500 0.0107 -3.3985
6094.1500 0.5545 4.2688 6094.5500 2.5000 -1.1290 6094.3500 -3.4638 -4.1094
6095.1500 4.9331 0.9396 6095.5500 2.3797 -0.0485 6095.3500 1.4616 -3.8425
6096.1500 -1.2550 1.5958 6096.5500 2.3924 -0.2160 6096.3500 0.4170 1.1634
6097.1000 -0.4910 -0.0098 6097.9000 -0.0032 0.0027 6097.4000 0.4923 0.0092
6097.5000 -0.3099 -0.5051 6097.5000 0.3092 -0.5009 6097.5000 0.0073 0.5036
6098.1500 -4.5752 2.2190 6098.5500 4.7924 -2.4206 6098.3500 -2.2962 -1.8698
6099.1500 3.3125 -3.7286 6099.5500 -2.5117 0.3659 6099.3500 -4.5981 -1.7054
6100.1500 1.0063 0.8433 6100.5500 1.1585 2.0520 6100.3500 -2.6802 -1.0168
6101.1500 4.7327 2.3396 6101.5500 -4.3217 -1.6725 6101.3500 -3.8600 -3.0343
6102.1500 0.4271 -0.3895 6102.5500 -1.2239 0.1964 6102.3500 -2.9160 -3.3959
6103.1500 2.3165 1.5612 6103.5500 0.8870 -3.3813 6103.3500 -4.3322 3.1365
6104.1500 4.0626 -1.7038 6104.5500 -2.8570 1.8810 6104.3500 -4.8431 -3.6097
6105.1500 -0.3881 0.1044 6105.5500 -0.2659 -3.2830 6105.3500 3.5240 4.0721
6106.1500 -0.9070 4.4021 6106.5500 1.0881 -4.8011 6106.3500 -0.4335 3.1498
6107.1500 -1.6879 -2.8307 6107.5500 1.0653 -1.0815 6107.3500 4.3844 1.0067
6108.1500 1.8883 -1.0995 6108.5500 3.9586 0.1686 6108.3500 1.5747 2.5085
6109.1500 0.0875 -0.4513 6109.5500 -2.1538 -0.8121 6109.3500 0.9534 -3.2898
6110.1500 -4.3165 -1.6465 6110.5500 4.1966 -4.4070 6110.3500 2.8500 3.7450
6111.1500 2.6498 4.9520 6111.5500 -1.2161 2.0067 6111.3500 3.5941 -4.3089
6112.1500 0.7967 -4.7983 6112.5500 2.9129 -0.6106 6112.3500 0.7824 -0.2388
6113.1500 -0.1244 -2.3116 6113.5500 1.4690 -1.2003 6113.3500 -1.7322 -2.4553
6114.1500 -0.7820 1.0440 6114.5500 -3.1778 -3.6575 6114.3500 0.6205 2.5308
6115.1500 0.8609 -3.5715 6115.5500 -1.2225 2.1475 6115.3500 4.4360 -3.0947
6116.1500 0.6188 2.4775 6116.5500 0.7193 1.6378 6116.3500 -0.5482 -0.8105
6117.1500 -2.1036 3.4555 6117.5500 -0.0493 0.9822 6117.3500 1.8767 4.3870
6118.1500 0.4006 4.1863 6118.5500 4.7989 2.8910 6118.3500 2.2495 -2.0558
6119.1500 -3.9230 -2.4493 6119.5500 0.0204 3.1073 6119.3500 -0.3262 -2.8588
6120.1500 -0.6842 -0.3773 6120.5500 2.5317 3.9309 6120.3500 4.8749 2.0379
6121.1500 1.1980 4.4395 6121.5500 -1.1458 1.1125 6121.3500 -2.2132 0.3797
6122.1500 0.3672 1.7851 6122.5500 -1.0911 0.1824 6122.3500 2.2500 1.4986
6123.1500 0.9650 1.5508 6123.5500 -3.9726 -4.6023 6123.3500 0.9875 -0.4231
6124.1500 3.9768 -4.9618 6124.5500 -2.3985 3.7369 6124.3500 0.8538 -4.5173
6125.1500 4.7471 -3.7397 6125.5500 0.9006 -1.3370 6125.3500 2.7773 -1.8712
6126.1500 -1.1839 -4.2507 6126.5500 -3.0089 4.2813 6126.3500 2.6763 -0.8771
6127.1500 2.4002 -0.5218 6127.5500 -3.4142 1.2623 6127.3500 3.9596 -1.1656
6128.1500 4.1780 2.8711 6128.5500 0.7127 -3.8638 6128.3500 2.5134 -4.3974
6129.1500 -2.2899 -2.3426 6129.5500 3.9542 3.9121 6129.3500 4.0646 -2.0849
6130.1500 -2.6715 0.1718 6130.5500 -2.0379 -4.2342 6130.3500 1.3882 -4.2209
6131.1500 0.8393 -1.9724 6131.5500 1.3023 0.2908 6131.3500 -3.5424 -2.6769
6132.1500 -0.3104 -0.9952 6132.5500 -2.2099 4.3401 6132.3500 4.9831 0.0359
6133.1500 -3.9642 4.0248 6133.5500 2.1801 -3.3776 6133.3500 0.9630 -3.3880
6134.1500 -3.9892 -3.9804 6134.5500 -3.0019 0.7523 6134.3500 -4.9136 1.9322
6135.1500 -0.9474 -2.0611 6135.5500 0.8527 -3.9303 6135.3500 0.8388 1.0379
6136.1500 -1.9127 2.1665 6136.5500 -1.3755 -4.5534 6136.3500 -3.0692 4.2662
6137.1500 2.7683 -2.9208 6137.5500 0.8593 2.9559 6137.3500 -4.7455 2.2682
6138.1500 1.1244 0.4560 6138.5500 -3.3543 4.4704 6138.3500 2.9430 -0.4580
6139.1500 -2.9798 -1.4826 6139.5500 -2.7008 0.9415 6139.3500 2.3165 0.6172
6140.1500 1.6370 3.1962 6140.5500 0.2643 3.2405 6140.3500 1.2344 4.7087
6141.1500 -0.0837 -4.0471 6141.5500 -1.0804 -4.9644 6141.3500 4.4592 2.4203
6142.1500 -3.7341 3.9484 6142.5500 -1.0782 0.2980 6142.3500 3.6016 1.2314
6143.1000 -0.5044 -0.0067 6143.9000 0.0083 0.0031 6143.4000 0.5074 0.0043
6143.5000 -0.2999 -0.4932 6143.5000 0.3084 -0.4999 6143.5000 0.0041 0.4990
6144.1500 -2.9711 0.8448 6144.5500 0.7240 -2.6066 6144.3500 2.9226 4.3855
6145.1500 4.2463 -1.5134 6145.5500 -1.2110 1.6554 6145.3500 1.6357 -1.2841
6146.1000 -0.4921 0.0022 6146.9000 -0.0083 0.0081 6146.4000 0.4959 0.0023
6146.5000 -0.3052 -0.5048 6146.5000 0.2904 -0.5057 6146.5000 0.0054 0.5087
6147.1500 0.6247 4.9200 6147.5500 2.7962 4.2691 6147.3500 3.3424 -1.5677
6148.1500 -4.8855 -1.2309 6148.5500 -2.4742 -2.0854 6148.3500 -2.5855 0.2229
6149.1500 -3.4554 -3.0587 6149.5500 -2.0172 1.6318 6149.3500 -3.7665 1.9640
6150.1500 -3.5769 -0.2146 6150.5500 -2.9944 -1.9935 6150.3500 -3.1340 3.9883
6151.1500 0.3409 -1.3984 6151.5500 -1.4577 -0.1678 6151.3500 -1.3928 1.9306
6152.1500 1.6871 0.3739 6152.5500 1.1020 3.1878 6152.3500 2.6247 -1.6678
6153.1000 -0.4964 0.0089 6153.9000 -0.0064 -0.0065 6153.4000 0.4926 0.0042
6153.5000 -0.2957 -0.4999 6153.5000 0.3070 -0.5003 6153.5000 0.0006 0.5049
6154.1500 -3.8892 2.1138 6154.5500 3.0012 -3.2461 6154.3500 -0.9431 -2.8189
6155.1500 4.9164 -1.5572 6155.5500 -2.3110 -2.2336 6155.3500 1.2831 0.8411
6156.1500 3.6913 -3.0364 6156.5500 2.7375 4.5938 6156.3500 -0.7599 -2.4974
6157.1500 0.3303 -3.9283 6157.5500 4.9035 2.7195 6157.3500 -3.8866 -3.2200
6158.1500 -0.1786 3.2598 6158.5500 0.0012 -0.4525 6158.3500 3.6898 -1.0659
6159.1500 -4.9645 -0.9227 6159.5500 0.5292 -3.0327 6159.3500 -1.7261 -4.8507
6160.1500 -2.9413 4.7482 6160.5500 -4.1157 -1.6556 6160.3500 -3.8170 0.0848
6161.1500 -4.0013 1.0005 6161.5500 -1.1423 2.6609 6161.3500 3.3072 -0.8615
6162.1500 2.9605 2.9688 6162.5500 -3.1658 1.9189 6162.3500 1.9834 0.3744
6163.1500 -2.7680 0.9333 6163.5500 -2.6915 2.4981 6163.3500 2.8627 3.4926
6164.1000 -0.5016 -0.0059 6164.9000 -0.0044 -0.0024 6164.4000 0.4988 0.0077
6164.5000 -0.3024 -0.4990 6164.5000 0.2938 -0.5005 6164.5000 -0.0046 0.5042
6165.1500 2.7729 1.4049 6165.5500 0.4662 4.3442 6165.3500 -2.4191 -2.6405
6166.1500 -2.4683 -3.3971 6166.5500 4.3137 -2.0508 6166.3500 -2.2390 -1.4302
6167.1500 -4.0552 4.0086 6167.5500 -3.2985 1.2344 6167.3500 -1.8052 1.3643
6168.1500 -4.0429 -2.1057 6168.5500 -0.8762 4.0303 6168.3500 1.3964 -2.9609
6169.1000 -0.5096 -0.0085 6169.9000 0.0042 0.0072 6169.4000 0.5098 -0.0099
6169.5000 -0.2931 -0.5003 6169.5000 0.2919 -0.5013 6169.5000 -0.0016 0.4941
6170.1500 -2.7024 3.1742 6170.5500 3.3360 2.1581 6170.3500 -1.8474 3.5518
6171.1500 -0.7348 4.2214 6171.5500 2.1688 4.8096 6171.3500 -0.9840 -3.6941
6172.1500 0.0241 -2.5234 6172.5500 0.0659 -0.5835 6172.3500 -0.5319 -0.0738
6173.1500 3.3672 -1.5569 6173.5500 -0.4227 -0.5630 6173.3500 3.6810 0.9917
6174.1500 -3.3249 2.8034 6174.5500 3.4129 0.4144 6174.3500 -2.0052 -1.9733
6175.1500 -2.6080 1.7265 6175.5500 -2.0034 -4.8565 6175.3500 0.5100 1.4461
6176.1500 2.5349 -0.1077 6176.5500 1.3636 -4.8494 6176.3500 -0.9715 0.4983
6177.1500 -0.0364 -0.4627 6177.5500 -3.8894 -0.6928 6177.3500 -4.7153 -4.7293
6178.1500 -2.2686 0.6531 6178.5500 -4.8886 1.8999 6178.3500 -2.3002 0.3623
6179.1500 4.5781 -0.5833 6179.5500 0.8210 -4.9319 6179.3500 4.4300 3.4354
6180.1500 1.6445 -4.2902 6180.5500 -2.5531 1.9655 6180.3500 -3.7777 -4.4193
6181.1500 -1.5097 4.7479 6181.5500 1.8656 1.6338 6181.3500 0.1062 -4.0507
6182.1500 -1.7104 1.5642 6182.5500 -3.3429 4.6100 6182.3500 -3.3597 3.8800
6183.1500 4.9901 -0.9215 6183.5500 2.4475 -4.4866 6183.3500 1.5484 -2.1699
6184.1500 4.3762 -0.6007 6184.5500 0.9306 -1.2891 6184.3500 -2.6281 -1.3802
6185.1500 2.4690 4.9731 6185.5500 -0.3798 -3.1560 6185.3500 -2.4463 0.3055
6186.1500 -3.8661 -2.7098 6186.5500 -3.2888 -1.1823 6186.3500 0.0179 -3.5300
6187.1500 2.3677 3.9333 6187.5500 2.4258 3.4943 6187.3500 -0.4639 -2.5185
6188.1500 1.9726 0.1329 6188.5500 2.1853 1.3056 6188.3500 -3.1811 0.8115
6189.1500 3.9481 -0.4117 6189.5500 -3.0555 -4.6747 6189.3500 -1.6732 0.3012
6190.1500 -4.3733 2.4118 6190.5500 -3.0163 -3.6166 6190.3500 -4.8579 1.7282
6191.1500 4.7115 -2.7811 6191.5500 2.2946 4.1203 6191.3500 3.1962 -3.7846
6192.1500 -1.0095 -4.0393 6192.5500 -3.9003 -4.7162 6192.3500 2.8801 2.8315
6193.1000 -0.4934 0.0036 6193.9000 0.0060 -0.0088 6193.4000 0.5017 0.0098
6193.5000 -0.2921 -0.5077 6193.5000 0.3085 -0.5071 6193.5000 0.0098 0.5097
6194.1000 -0.4912 -0.0096 6194.9000 -0.0099 -0.0025 6194.4000 0.5031 -0.0064
6194.5000 -0.3020 -0.4919 6194.5000 0.3014 -0.4991 6194.5000 0.0049 0.4982
6195.1000 -0.5020 -0.0083 6195.9000 -0.0007 0.0098 6195.4000 0.5042 -0.0037
6195.5000 -0.3049 -0.5054 6195.5000 0.2998 -0.5057 6195.5000 0.0048 0.4937
6196.1500 -4.2427 4.6388 6196.5500 0.3725 4.2843 6196.3500 -1.2453 1.8915
6197.1500 1.7358 -3.4943 6197.5500 4.2792 1.7835 6197.3500 1.2395 -3.4282
6198.1500 4.7362 4.7034 6198.5500 -2.9794 2.5036 6198.3500 -2.0812 -4.6382
6199.1500 -3.0869 4.9215 6199.5500 1.3370 -0.8109 6199.3500 -1.5477 -3.6960
6200.1500 -3.0124 -3.1308 6200.5500 -3.2290 0.8352 6200.3500 0.0044 -1.1150
6201.1500 -4.2925 -3.0803 6201.5500 -3.5452 1.9142 6201.3500 4.5851 0.9471
6202.1500 -4.1005 -4.2293 6202.5500 1.1517 0.6553 6202.3500 -0.8148 -0.3297
6203.1500 3.7197 2.0949 6203.5500 2.3479 0.9220 6203.3500 2.5171 4.7123
6204.1500 2.9837 4.9366 6204.5500 1.6513 0.4570 6204.3500 3.0174 -3.3671
6205.1500 2.5716 3.2736 6205.5500 -0.7421 2.4485 6205.3500 0.9764 -0.9013
6206.1500 0.1864 -2.4289 6206.5500 3.2266 0.0351 6206.3500 1.3852 -2.0019
6207.1500 3.9108 3.7500 6207.5500 -3.2054 -1.7219 6207.3500 4.1696 -2.3973
6208.1500 -4.5994 3.1318 6208.5500 -4.4239 -4.5767 6208.3500 -4.3628 -4.2590
6209.1500 4.4524 -4.6716 6209.5500 1.9826 -1.6359 6209.3500 -0.6608 -4.4661
6210.1500 2.1376 0.4718 6210.5500 1.1136 -2.8238 6210.3500 4.5176 -4.1954
6211.1000 -0.5006 -0.0031 6211.9000 -0.0060 0.0017 6211.4000 0.4917 -0.0006
6211.5000 -0.3013 -0.5018 6211.5000 0.2962 -0.5089 6211.5000 0.0062 0.5002
6212.1500 -0.2640 -1.5128 6212.5500 -1.8129 -1.6020 6212.3500 -4.5103 2.8659
6213.1500 -2.4095 1.9171 6213.5500 1.1424 -1.3231 6213.3500 0.6000 -1.4079
6214.1500 1.9788 -4.2608 6214.5500 0.7870 1.5412 6214.3500 -3.2621 -1.2809
6215.1500 0.9056 2.1778 6215.5500 -3.9109 -0.7593 6215.3500 3.6852 -2.2635
6216.1500 2.9302 3.4594 6216.5500 -3.4817 3.3264 6216.3500 0.1590 0.6159
6217.1500 2.3215 4.6279 6217.5500 -1.3965 -0.4302 6217.3500 0.3260 -2.6332
6218.1500 3.6560 0.4229 6218.5500 3.1266 -0.3876 6218.3500 3.2928 2.1991
6219.1500 -1.1628 3.8077 6219.5500 -2.8555 -2.4783 6219.3500 -1.4627 0.4902
6220.1500 -2.9272 -0.1762 6220.5500 3.0385 -0.9651 6220.3500 0.0247 -2.2100
6221.1500 -3.0946 -2.6615 6221.5500 -4.7653 -1.6884 6221.3500 -4.9154 -4.7975
6222.1500 0.1421 -0.7923 6222.5500 -4.0089 2.2647 6222.3500 4.1595 4.6461
6223.1500 -3.7821 3.7188 6223.5500 -2.1016 -3.7886 6223.3500 1.4473 -0.4673
6224.1500 1.0190 -2.6663 6224.5500 3.8612 0.8984 6224.3500 0.0223 3.2613
6225.1500 -3.8548 0.4284 6225.5500 -2.5310 3.2501 6225.3500 1.6533 -0.0407
6226.1500 2.6210 -1.0370 6226.5500 -4.3981 -4.0929 6226.3500 1.9659 1.0292
6227.1500 -2.9964 -4.6020 6227.5500 -0.9253 2.2839 6227.3500 0.9424 3.7464
6228.1500 -2.3884 -1.9015 6228.5500 0.0162 -1.1882 6228.3500 -1.0523 1.9988
6229.1500 -0.5755 -0.8365 6229.5500 -2.9770 -1.2440 6229.3500 4.0494 1.2290
6230.1500 -0.1051 -0.9830 6230.5500 4.0681 1.4053 6230.3500 1.6331 2.3383
6231.1500 -0.9802 1.4371 6231.5500 3.8447 -3.3581 6231.3500 -0.9160 -4.0098
6232.1000 -0.5060 0.0032 6232.9000 0.0015 -0.0020 6232.4000 0.4939 -0.0013
6232.5000 -0.2920 -0.4978 6232.5000 0.3017 -0.5077 6232.5000 -0.0022 0.5041
6233.1500 2.9692 -0.3313 6233.5500 2.7712 4.9401 6233.3500 0.3478 -2.0236
6234.1500 0.3761 -1.3088 6234.5500 -0.1123 -4.8357 6234.3500 1.5674 1.2592
6235.1000 -0.5036 0.0004 6235.9000 0.0096 -0.0055 6235.4000 0.5012 0.0100
6235.5000 -0.3021 -0.4951 6235.5000 0.2966 -0.4958 6235.5000 -0.0010 0.5068
6236.1000 -0.4942 -0.0066 6236.9000 0.0040 -0.0075 6236.4000 0.4943 -0.0012
6236.5000 -0.2987 -0.5053 6236.5000 0.3042 -0.5001 6236.5000 0.0019 0.5046
6237.1500 3.5807 1.8382 6237.5500 0.7912 -2.6510 6237.3500 -3.0983 0.8269
6238.1000 -0.4934 0.0067 6238.9000 -0.0035 -0.0016 6238.4000 0.4930 -0.0091
6238.5000 -0.2994 -0.5024 6238.5000 0.2900 -0.4980 6238.5000 0.0018 0.4974
6239.1500 -4.0053 3.5136 6239.5500 3.3467 1.9875 6239.3500 2.5861 -4.1156
6240.1500 -1.1528 -4.3052 6240.5500 -0.2963 -0.2420 6240.3500 -1.3063 1.7438
6241.1500 -3.4452 -2.4334 6241.5500 3.3447 4.4903 6241.3500 3.5158 0.4466
6242.1500 -4.2288 -0.1047 6242.5500 2.5804 3.2117 6242.3500 4.6600 -4.9226
6243.1500 -4.5947 -4.9754 6243.5500 -1.9280 0.7148 6243.3500 -1.9114 3.1863
6244.1500 2.8803 -2.0856 6244.5500 -4.7564 -2.3519 6244.3500 -4.1470 1.1404
6245.1500 2.0032 0.3461 6245.5500 2.1160 2.0717 6245.3500 -1.3382 1.2304
6246.1500 3.0414 4.1764 6246.5500 3.1223 -4.2510 6246.3500 0.9180 -1.8379
6247.1500 3.3193 -4.1200 6247.5500 -4.2757 -3.6704 6247.3500 0.2372 3.3184
6248.1500 -1.6479 2.2090 6248.5500 3.3312 -1.8847 6248.3500 -4.4150 0.6910
6249.1500 1.5012 -3.0685 6249.5500 -3.3926 -4.5716 6249.3500 1.6963 -0.4208
6250.1500 -0.6376 -3.0937 6250.5500 -2.1049 -2.9776 6250.3500 2.6645 3.2917
6251.1500 -1.5344 -2.6424 6251.5500 3.5802 2.8604 6251.3500 1.2224 -3.2584
6252.1500 -4.4891 -1.7630 6252.5500 1.5207 -4.8202 6252.3500 -4.7525 2.6175
6253.1000 -0.5069 -0.0001 6253.9000 -0.0066 -0.0068 6253.4000 0.4994 0.0067
6253.5000 -0.2969 -0.4990 6253.5000 0.2909 -0.5042 6253.5000 0.0048 0.4977
6254.1500 3.4434 -2.3170 6254.5500 -1.2256 -0.7177 6254.3500 2.8412 2.3772
6255.1500 2.5265 3.4392 6255.5500 3.7371 -0.9435 6255.3500 -2.8256 -1.3656
6256.1500 1.9626 -1.4046 6256.5500 -2.0990 1.9124 6256.3500 2.2511 3.3556
6257.1500 -1.9005 2.4194 6257.5500 4.5074 4.6856 6257.3500 -3.4445 2.4146
6258.1500 0.5493 3.6296 6258.5500 -2.9523 1.8405 6258.3500 -2.3901 -2.8853
6259.1500 -4.9251 -4.9604 6259.5500 -2.3371 -3.4548 6259.3500 4.3070 1.7478
6260.1500 0.8565 3.8097 6260.5500 -0.1935 2.3921 6260.3500 -2.0443 -2.4484
6261.1500 0.4194 -2.3563 6261.5500 -1.7177 -0.2334 6261.3500 4.3374 1.7415
6262.1500 3.4434 -4.7379 6262.5500 -2.3149 3.0575 6262.3500 -4.9341 -1.2837
6263.1500 -1.9034 3.9593 6263.5500 -3.7132 2.2203 6263.3500 -1.1022 3.6890
6264.1500 -3.2955 -2.4737 6264.5500 4.6729 -1.9433 6264.3500 -3.7595 -4.8631
6265.1500 0.1049 -0.0981 6265.5500 -1.6180 0.4835 6265.3500 1.2226 3.5892
6266.1500 3.9203 1.4297 6266.5500 -2.1067 -4.8548 6266.3500 2.3963 -1.2582
6267.1500 3.9984 4.4952 6267.5500 3.7991 2.8873 6267.3500 -0.1224 3.2969
6268.1500 -4.1753 1.2445 6268.5500 3.2743 -2.2141 6268.3500 -2.7100 0.0960
6269.1500 3.7020 0.7243 6269.5500 -4.3504 1.1839 6269.3500 -2.3279 -0.9976
6270.1500 3.6707 3.7872 6270.5500 2.3948 -1.4002 6270.3500 4.6021 -3.9520
6271.1500 -1.5598 3.6106 6271.5500 -4.3803 2.2391 6271.3500 1.0535 3.2849
6272.1500 3.1902 4.7590 6272.5500 -2.1694 2.8062 6272.3500 -0.2636 2.4120
6273.1500 -3.9062 -4.9748 6273.5500 -2.2458 -0.5805 6273.3500 -1.0948 -0.3367
6274.1500 4.1821 -3.8965 6274.5500 1.6863 3.3207 6274.3500 1.1189 0.5852
6275.1500 2.5093 2.4536 6275.5500 4.1564 1.3233 6275.3500 -0.2391 -4.5407
6276.1500 -0.1534 -3.7853 6276.5500 -1.6064 -1.0387 6276.3500 4.4783 -0.7594
6277.1500 -3.3007 -0.6116 6277.5500 2.5845 1.9974 6277.3500 -2.9953 4.2461
6278.1500 -4.9921 -3.3603 6278.5500 2.5751 3.4828 6278.3500 2.2940 -0.0590
6279.1500 4.9663 -2.5694 6279.5500 -3.3645 1.5850 6279.3500 0.7102 -1.9388
6280.1500 3.4007 -2.7012 6280.5500 -1.1172 1.8222 6280.3500 -1.2021 -4.2525
6281.1500 -3.5906 -2.9764 6281.5500 1.2135 2.6210 6281.3500 -0.9843 3.3314
6282.1500 -2.4682 2.8845 6282.5500 3.2047 -2.0533 6282.3500 0.0447 1.7162
6283.1500 0.6389 -4.2958 6283.5500 -1.9480 0.7110 6283.3500 -0.9217 -3.9333
6284.1500 -4.5722 4.5264 6284.5500 3.0699 -1.3279 6284.3500 1.5041 -2.1058
6285.1500 0.3057 -2.1035 6285.5500 -0.7944 -0.7945 6285.3500 4.9744 -3.0345
6286.1500 -2.8522 -4.5060 6286.5500 -4.2728 1.6096 6286.3500 0.7988 -0.5768
6287.1500 -3.6201 2.4081 6287.5500 2.4101 3.8287 6287.3500 0.1191 3.7423
6288.1500 -1.7304 -1.3489 6288.5500 -1.6621 -2.2953 6288.3500 2.3580 -4.6587
6289.1500 1.6913 -0.4204 6289.5500 4.1575 -1.8585 6289.3500 4.2823 -0.8517
6290.1500 -0.8681 -4.4358 6290.5500 -1.3945 3.0100 6290.3500 4.7966 1.5760
6291.1500 1.7975 3.6335 6291.5500 -0.5511 -1.6961 6291.3500 2.7011 0.1105
6292.1500 3.4370 4.4205 6292.5500 2.6180 -4.4016 6292.3500 -3.9655 -4.7369
6293.1500 0.8629 -2.6909 6293.5500 2.0415 2.2559 6293.3500 0.2120 4.9757
6294.1000 -0.5022 -0.0054 6294.9000 -0.0021 -0.0062 6294.4000 0.5043 0.0033
6294.5000 -0.2995 -0.5022 6294.5000 0.3019 -0.4907 6294.5000 -0.0013 0.5014
6295.1500 -0.6875 -4.0550 6295.5500 -0.4978 3.1226 6295.3500 0.4755 0.1845
6296.1500 -0.1201 4.1526 6296.5500 -0.4372 2.2695 6296.3500 -2.5356 -4.1736
6297.1500 2.2352 -0.4544 6297.5500 -1.5882 4.5332 6297.3500 2.9060 1.0301
6298.1500 2.5434 1.5946 6298.5500 0.2900 -1.9335 6298.3500 -1.4891 -4.8451
6299.1500 -2.6177 -3.3911 6299.5500 -3.5814 -1.0759 6299.3500 4.3375 -1.4705
6300.1000 -0.5013 -0.0015 6300.9000 -0.0055 0.0066 6300.4000 0.5095 -0.0012
6300.5000 -0.2960 -0.4901 6300.5000 0.3044 -0.4919 6300.5000 0.0069 0.4917
6301.1500 -3.7723 1.8927 6301.5500 4.3083 2.3216 6301.3500 1.6638 0.5000
6302.1500 -0.2377 3.6925 6302.5500 -4.4706 -2.2040 6302.3500 -0.8398 4.2458
6303.1500 -2.3110 0.2901 6303.5500 2.9703 3.5469 6303.3500 4.8067 2.8389
6304.1500 -3.5217 2.2121 6304.5500 4.2487 -4.3455 6304.3500 0.9094 4.5294
6305.1500 -4.8101 -4.2579 6305.5500 -0.7304 4.7916 6305.3500 0.6985 0.6416
6306.1000 -0.4960 0.0085 6306.9000 -0.0052 0.0033 6306.4000 0.4994 0.0051
6306.5000 -0.2971 -0.5006 6306.5000 0.3027 -0.4903 6306.5000 0.0084 0.5082
6307.1500 -3.0613 -1.5388 6307.5500 -0.9450 0.3509 6307.3500 3.6109 2.3907
6308.1500 -0.8143 -1.2385 6308.5500 -0.8463 -3.6851 6308.3500 4.8572 2.0002
6309.1500 -1.0759 1.7445 6309.5500 -0.5360 -4.6331 6309.3500 4.6468 2.2300
6310.1500 -0.6218 1.4615 6310.5500 3.5168 3.3771 6310.3500 4.2781 -0.2124
6311.1000 -0.5035 -0.0006 6311.9000 -0.0027 0.0042 6311.4000 0.5076 0.0050
6311.5000 -0.2923 -0.5059 6311.5000 0.3047 -0.5047 6311.5000 0.0011 0.5056
6312.1500 3.5287 -0.3133 6312.5500 3.8743 -1.2652 6312.3500 3.6808 -4.2820
6313.1500 -1.1656 -1.0919 6313.5500 -2.6199 0.0544 6313.3500 -3.3598 2.8819
6314.1500 -4.9704 -1.2903 6314.5500 -0.8043 2.9802 6314.3500 -0.4865 1.5500
6315.1500 -2.4567 1.5035 6315.5500 2.1094 1.5057 6315.3500 -0.7132 -2.2462
6316.1500 -4.4810 -1.4353 6316.5500 -1.1568 3.9207 6316.3500 4.5081 -2.2013
6317.1500 1.7783 3.5839 6317.5500 3.0863 -1.5044 6317.3500 1.9035 -4.9155
6318.1000 -0.5049 0.0065 6318.9000 0.0084 -0.0088 6318.4000 0.5076 0.0048
6318.5000 -0.3040 -0.4906 6318.5000 0.3099 -0.4945 6318.5000 -0.0025 0.4971
6319.1500 -1.8071 -2.9191 6319.5500 0.5359 1.1730 6319.3500 3.9394 -0.9303
6320.1500 4.5654 -0.1684 6320.5500 0.3087 -3.5553 6320.3500 1.2587 -0.0219
6321.1500 -0.8235 2.7375 6321.5500 -1.9890 0.3072 6321.3500 -3.1711 -0.9465
6322.1500 1.4501 3.5018 6322.5500 1.5252 3.8511 6322.3500 0.4273 -3.3309
6323.1500 3.3950 2.0382 6323.5500 -1.7150 -3.0438 6323.3500 2.2610 2.0995
6324.1500 -4.0780 -1.8237 6324.5500 0.7854 0.4620 6324.3500 -2.8355 4.9276
6325.1500 3.0236 -1.7390 6325.5500 0.8872 0.9099 6325.3500 -4.2472 -4.2554
6326.1500 -3.5217 2.8109 6326.5500 -3.0434 -0.8783 6326.3500 -0.0726 3.0889
6327.1500 2.5423 -0.6195 6327.5500 -1.9209 -0.0628 6327.3500 0.1550 -1.1347
6328.1500 -1.5302 -2.7542 6328.5500 1.6213 3.6632 6328.3500 -4.7120 -1.7065
6329.1000 -0.5036 -0.0047 6329.9000 0.0060 -0.0091 6329.4000 0.4919 0.0016
6329.5000 -0.3064 -0.5068 6329.5000 0.2942 -0.4953 6329.5000 -0.0093 0.4958
6330.1500 1.4061 -4.5733 6330.5500 -4.7141 2.5003 6330.3500 2.7798 1.5611
6331.1500 2.7862 1.7420 6331.5500 3.3142 -3.3932 6331.3500 -2.6546 -2.0079
6332.1500 4.5130 -1.3570 6332.5500 3.5636 -4.0981 6332.3500 3.9079 0.4810
6333.1500 4.9457 -1.2040 6333.5500 -1.2407 -0.4172 6333.3500 4.1827 -2.8110
6334.1500 -4.3778 3.9860 6334.5500 -0.4892 -1.5887 6334.3500 3.9616 1.7580
6335.1500 4.0984 0.5027 6335.5500 4.3157 4.8682 6335.3500 0.2085 -0.4804
6336.1000 -0.5099 0.0003 6336.9000 -0.0081 0.0084 6336.4000 0.5000 0.0002
6336.5000 -0.3060 -0.5027 6336.5000 0.3004 -0.5096 6336.5000 0.0083 0.5014
6337.1500 4.2649 -2.2350 6337.5500 -1.3523 -1.2374 6337.3500 -3.7058 2.4943
6338.1500 -0.9479 3.3444 6338.5500 -2.9974 -3.2772 6338.3500 2.9828 3.0250
6339.1500 1.7759 1.2714 6339.5500 -0.4703 3.2291 6339.3500 4.2900 2.9117
6340.1500 3.3232 1.3296 6340.5500 -2.5273 2.5062 6340.3500 4.7499 -2.4523
6341.1500 -2.7685 -4.9140 6341.5500 -4.5058 2.2003 6341.3500 1.2451 1.8157
6342.1500 0.6870 0.2603 6342.5500 0.4714 0.2471 6342.3500 -1.7976 -4.4514
6343.1500 -2.8941 -0.8224 6343.5500 1.1918 2.4914 6343.3500 1.2422 -4.2309
6344.1500 2.5268 1.1489 6344.5500 -0.2127 -0.1707 6344.3500 1.7013 -4.8802
6345.1500 0.6381 -4.1584 6345.5500 -0.4824 2.4358 6345.3500 -0.4259 -4.1073
6346.1500 -1.7977 1.8172 6346.5500 3.5529 1.7147 6346.3500 -3.1785 0.4126
6347.1500 -3.9004 2.4918 6347.5500 1.6917 3.4522 6347.3500 -1.2948 3.4988
6348.1500 1.0280 -1.2005 6348.5500 0.1444 -2.5753 6348.3500 2.9178 -4.5703
6349.1500 2.1004 1.3965 6349.5500 -4.6382 -4.5038 6349.3500 -2.3289 3.2752
6350.1500 2.6500 -0.9043 6350.5500 -4.1435 2.7430 6350.3500 -0.3784 2.3869
6351.1000 -0.4929 0.0069 6351.9000 -0.0088 0.0063 6351.4000 0.4992 -0.0031
6351.5000 -0.2901 -0.5021 6351.5000 0.2906 -0.5074 6351.5000 -0.0033 0.5020
6352.1000 -0.4974 0.0027 6352.9000 -0.0011 -0.0004 6352.4000 0.4995 0.0090
6352.5000 -0.2954 -0.5083 6352.5000 0.3055 -0.5055 6352.5000 0.0053 0.4931
6353.1000 -0.4983 0.0052 6353.9000 0.0008 0.0026 6353.4000 0.5018 0.0087
6353.5000 -0.2918 -0.5037 6353.5000 0.3007 -0.4975 6353.5000 0.0084 0.4900
6354.1500 -2.5356 -4.8379 6354.5500 2.6500 -2.6328 6354.3500 -3.3874 -2.6876
6355.1500 3.9140 -0.3682 6355.5500 -3.5405 0.6595 6355.3500 -2.4209 -3.5090
6356.1500 2.9447 1.5709 6356.5500 -3.0036 4.0048 6356.3500 -0.9211 -3.8897
6357.1500 -4.8949 -4.8373 6357.5500 1.8000 -3.1676 6357.3500 4.5141 2.5623
6358.1500 0.0647 -1.8726 6358.5500 -2.6365 -1.6788 6358.3500 2.3919 -3.3342
6359.1500 3.2776 -0.7863 6359.5500 -0.5794 -1.3805 6359.3500 3.6968 -3.9066
6360.1500 3.7169 -4.1094 6360.5500 -0.1150 0.5785 6360.3500 -2.2314 -1.0459
6361.1500 3.6772 -0.4852 6361.5500 4.1605 3.0008 6361.3500 -3.7580 -4.4243
6362.1500 -0.0320 -4.2264 6362.5500 0.4344 4.6617 6362.3500 -1.5349 -4.9139
6363.1500 4.5342 -0.9276 6363.5500 -3.0327 3.1492 6363.3500 0.3691 -4.6430
6364.1500 -4.9589 -0.2803 6364.5500 -2.2425 4.2162 6364.3500 -3.1032 0.0869
6365.1500 -3.7616 -1.9339 6365.5500 1.5607 -1.5306 6365.3500 -4.9593 -4.4742
6366.1500 2.6557 -0.2279 6366.5500 -3.8762 4.4207 6366.3500 4.4959 -0.5204
6367.1500 1.8257 2.6808 6367.5500 1.3074 -1.7098 6367.3500 1.7891 -4.5983
6368.1500 -3.2323 4.1248 6368.5500 -1.3522 -2.7514 6368.3500 -2.0187 -4.9170
6369.1000 -0.4965 0.0053 6369.9000 -0.0064 0.0033 6369.4000 0.5013 -0.0073
6369.5000 -0.2993 -0.5069 6369.5000 0.3026 -0.5086 6369.5000 -0.0064 0.4990
6370.1500 -1.6906 -4.4537 6370.5500 -0.5157 3.2882 6370.3500 0.9433 3.7895
6371.1500 -3.8649 -0.5268 6371.5500 -2.3323 3.1698 6371.3500 1.4208 1.2897
6372.1500 0.9660 0.7487 6372.5500 -0.3914 1.9775 6372.3500 -4.8984 -4.6686
6373.1000 -0.5054 -0.0089 6373.9000 -0.0062 -0.0083 6373.4000 0.5063 0.0074
6373.5000 -0.3088 -0.5039 6373.5000 0.3069 -0.5044 6373.5000 -0.0097 0.5089
6374.1500 1.6225 0.7867 6374.5500 -1.8279 4.4195 6374.3500 -0.5707 -1.2462
6375.1000 -0.5071 0.0059 6375.9000 0.0011 -0.0037 6375.4000 0.4990 0.0085
6375.5000 -0.2955 -0.4911 6375.5000 0.2942 -0.4999 6375.5000 0.0056 0.5023
6376.1500 -3.9732 -0.9721 6376.5500 -0.7780 3.8855 6376.3500 1.2209 2.5842
6377.1500 -2.9159 4.4051 6377.5500 4.1116 -3.8106 6377.3500 -4.1976 3.8105
6378.1500 2.0342 1.5413 6378.5500 -3.6836 -0.9254 6378.3500 -1.7294 1.5645
6379.1500 -1.5089 -2.6145 6379.5500 -3.4208 -1.9002 6379.3500 3.1678 1.8129
6380.1500 3.0725 -3.6826 6380.5500 -4.1991 -4.3311 6380.3500 -1.2117 -3.8358
6381.1500 1.0522 -3.9861 6381.5500 3.9447 -2.4376 6381.3500 3.2723 2.0461
6382.1500 3.7582 -1.1552 6382.5500 3.4189 0.3638 6382.3500 0.5608 -2.4076
6383.1500 0.7782 2.7994 6383.5500 -2.7426 0.6684 6383.3500 -4.6289 0.8520
6384.1000 -0.5088 0.0022 6384.9000 -0.0095 -0.0083 6384.4000 0.5087 -0.0059
6384.5000 -0.2968 -0.4995 6384.5000 0.2993 -0.5073 6384.5000 0.0057 0.4983
6385.1500 2.5103 4.2685 6385.5500 1.1798 2.6586 6385.3500 3.1364 -0.8862
6386.1500 -1.4418 0.7174 6386.5500 -1.6323 3.9893 6386.3500 1.6853 2.5321
6387.1500 4.9849 0.2705 6387.5500 -1.7659 -0.3710 6387.3500 4.3222 -2.3071
6388.1500 -1.8311 -4.4423 6388.5500 -4.2054 -1.8709 6388.3500 -4.3543 1.3216
6389.1500 1.9612 -4.5103 6389.5500 -3.1370 3.2676 6389.3500 2.7331 -0.4771
6390.1500 0.5489 0.6804 6390.5500 4.1647 -3.3949 6390.3500 2.7666 -4.9027
6391.1500 -1.3593 -4.9486 6391.5500 -1.0487 -2.9768 6391.3500 -1.3160 4.4246
6392.1500 -2.3058 4.0512 6392.5500 2.1167 -2.5429 6392.3500 4.0465 -2.1497
6393.1500 1.0782 -4.6784 6393.5500 1.3124 -4.8827 6393.3500 -2.5135 -0.6188
6394.1000 -0.4908 -0.0003 6394.9000 0.0019 0.0026 6394.4000 0.5093 -0.0024
6394.5000 -0.2921 -0.5022 6394.5000 0.2946 -0.5070 6394.5000 0.0087 0.4913
6395.1500 1.9900 2.3149 6395.5500 1.5482 4.4184 6395.3500 -3.6536 1.6377
6396.1500 -2.4483 -1.5237 6396.5500 -2.6231 -1.6823 6396.3500 4.5993 0.8259
6397.1500 -3.0126 -1.5352 6397.5500 0.9874 3.0314 6397.3500 2.2917 0.9301
6398.1500 -2.3021 1.9202 6398.5500 3.8602 -2.4980 6398.3500 1.3823 1.3012
6399.1500 3.6166 0.1128 6399.5500 -1.6531 1.2711 6399.3500 2.6075 -3.0946
6400.1500 3.8486 3.5321 6400.5500 3.2685 2.3879 6400.3500 -1.8809 -4.9405
6401.1500 0.1448 3.1537 6401.5500 -3.4805 2.6754 6401.3500 -3.6387 -4.4554
6402.1500 3.6906 -1.8851 6402.5500 2.8419 2.3416 6402.3500 -3.9356 -2.9756
6403.1500 -2.3436 3.7650 6403.5500 4.6965 4.4643 6403.3500 -1.1399 -0.9833
6404.1500 0.9170 -1.9940 6404.5500 -2.0004 -0.3740 6404.3500 3.7785 -2.5958
6405.1500 -4.7587 1.2962 6405.5500 -0.3273 -4.8770 6405.3500 1.2777 -2.1512
6406.1500 1.2721 4.9893 6406.5500 -2.8736 2.2393 6406.3500 1.3717 4.7244
6407.1000 -0.4980 0.0069 6407.9000 -0.0059 -0.0021 6407.4000 0.5070 0.0090
6407.5000 -0.2932 -0.4937 6407.5000 0.3040 -0.4966 6407.5000 -0.0017 0.5019
6408.1500 4.1766 4.3882 6408.5500 2.0700 0.2604 6408.3500 1.1737 1.8410
6409.1500 0.0596 -0.7648 6409.5500 -2.6175 2.9673 6409.3500 0.9453 -0.1995
6410.1500 4.5213 -0.4718 6410.5500 -3.2193 -2.2297 6410.3500 -0.7323 -2.1996
6411.1500 -0.4926 -1.3050 6411.5500 3.9309 4.4302 6411.3500 2.0886 2.3252
6412.1500 -3.4276 4.6537 6412.5500 -1.8648 -1.9579 6412.3500 0.3926 3.6146
6413.1500 -2.0602 1.6559 6413.5500 3.1047 0.9058 6413.3500 -4.1916 -4.7051
6414.1500 -2.5754 0.5942 6414.5500 -0.9618 -2.4365 6414.3500 -2.6835 -0.8961
6415.1500 -2.4705 -3.5406 6415.5500 -3.7378 0.5270 6415.3500 1.9612 4.0280
6416.1500 -3.9063 0.3663 6416.5500 -2.8754 1.4770 6416.3500 -1.5310 1.4419
6417.1500 -3.6537 2.5882 6417.5500 -4.4825 2.7824 6417.3500 2.1913 3.9177
6418.1500 2.7451 4.7637 6418.5500 2.3999 -3.9425 6418.3500 0.6276 -0.3493
6419.1500 -4.2429 3.4174 6419.5500 -0.9871 0.5664 6419.3500 4.3526 -0.9042
6420.1500 -3.9703 4.0754 6420.5500 2.5895 -1.3030 6420.3500 -3.6359 0.5638
6421.1500 -4.4534 -3.5216 6421.5500 -1.2169 1.6061 6421.3500 3.1580 4.1880
6422.1500 -2.7938 -0.2108 6422.5500 -2.9430 0.7982 6422.3500 2.2516 -1.1999
6423.1500 -0.7700 -2.8550 6423.5500 -0.4166 -1.8773 6423.3500 0.0423 3.0956
6424.1500 4.4375 0.2005 6424.5500 -2.5358 -2.5775 6424.3500 3.3800 -4.1532
6425.1000 -0.4983 -0.0085 6425.9000 0.0091 -0.0062 6425.4000 0.4912 0.0071
6425.5000 -0.2967 -0.5049 6425.5000 0.2964 -0.5092 6425.5000 0.0085 0.4996
6426.1500 -1.4236 -1.8564 6426.5500 1.2522 -2.4660 6426.3500 -2.3509 -2.0356
6427.1500 2.0244 0.9184 6427.5500 1.8797 3.3710 6427.3500 -2.0594 0.2971
6428.1500 -4.6384 -1.9485 6428.5500 0.4480 0.2854 6428.3500 4.8419 4.2651
6429.1000 -0.5006 0.0010 6429.9000 0.0098 0.0086 6429.4000 0.5012 0.0043
6429.5000 -0.2969 -0.5050 6429.5000 0.2959 -0.4983 6429.5000 -0.0073 0.4923
6430.1500 -1.1686 0.3881 6430.5500 4.5821 0.6045 6430.3500 -2.3865 -3.6601
6431.1500 -2.3214 3.0044 6431.5500 0.6056 1.3585 6431.3500 -2.4660 3.2601
6432.1500 1.1119 2.8182 6432.5500 4.9506 -0.0811 6432.3500 -0.2457 0.0495
6433.1500 -0.9477 2.7965 6433.5500 4.2832 3.4395 6433.3500 -3.8713 -2.8434
6434.1500 1.0620 -0.5315 6434.5500 1.2234 -3.5941 6434.3500 -1.1980 -2.3058
6435.1500 2.7228 4.6158 6435.5500 3.1887 4.3479 6435.3500 4.4762 1.6478
6436.1500 -0.0136 -2.2461 6436.5500 2.5017 -3.8066 6436.3500 1.3721 -1.2357
6437.1500 1.6250 -3.9686 6437.5500 3.8765 -2.9554 6437.3500 -1.8026 1.8119
6438.1500 1.6176 2.8484 6438.5500 1.7203 4.5371 6438.3500 -1.2770 4.4154
6439.1500 3.8566 4.0800 6439.5500 1.2311 -1.7023 6439.3500 -4.8554 -1.4743
6440.1000 -0.5012 -0.0023 6440.9000 0.0037 0.0021 6440.4000 0.5090 0.0089
6440.5000 -0.2923 -0.5033 6440.5000 0.2935 -0.5035 6440.5000 0.0030 0.4916
6441.1500 -0.7185 3.9805 6441.5500 -1.0038 -0.6771 6441.3500 2.3277 -3.7476
6442.1500 3.7729 -3.3048 6442.5500 -0.4170 1.3975 6442.3500 -1.3239 1.3530
6443.1500 4.8883 3.0154 6443.5500 -1.4582 1.7880 6443.3500 0.8646 -1.6886
6444.1000 -0.4973 -0.0020 6444.9000 0.0066 0.0089 6444.4000 0.4931 -0.0011
6444.5000 -0.2902 -0.4960 6444.5000 0.2982 -0.5043 6444.5000 -0.0060 0.4966
6445.1000 -0.5059 -0.0091 6445.9000 0.0042 -0.0090 6445.4000 0.4996 0.0039
6445.5000 -0.3006 -0.5071 6445.5000 0.2980 -0.4923 6445.5000 0.0041 0.4998
6446.1500 0.9102 -3.0924 6446.5500 0.7802 -1.2455 6446.3500 0.4690 2.9451
6447.1500 3.5090 3.6009 6447.5500 -3.3338 2.7880 6447.3500 -4.2528 3.6515
6448.1000 -0.5082 -0.0056 6448.9000 0.0042 0.0074 6448.4000 0.5097 -0.0032
6448.5000 -0.3052 -0.5083 6448.5000 0.2926 -0.5044 6448.5000 0.0050 0.4932
6449.1500 2.9618 -0.5192 6449.5500 -2.8482 2.7958 6449.3500 1.6794 -2.3707
6450.1500 3.7650 2.9556 6450.5500 -4.9302 4.4407 6450.3500 0.4650 -1.2743
6451.1000 -0.4928 0.0057 6451.9000 0.0047 -0.0026 6451.4000 0.4961 0.0054
6451.5000 -0.3033 -0.4939 6451.5000 0.3006 -0.5032 6451.5000 0.0016 0.4937
6452.1500 -4.7992 0.8034 6452.5500 -0.5294 -0.7912 6452.3500 4.5018 1.1463
6453.1500 0.1731 2.6716 6453.5500 4.5369 1.1964 6453.3500 1.0030 -0.2283
6454.1500 -3.6326 -4.1595 6454.5500 -1.5286 3.1696 6454.3500 4.6972 -1.1572
6455.1500 1.2724 -2.9898 6455.5500 -1.0966 -0.6572 6455.3500 1.7742 3.0529
6456.1500 -0.8918 -1.2034 6456.5500 -0.0738 -0.0542 6456.3500 -3.9222 1.6254
6457.1500 -0.9664 4.9949 6457.5500 -3.0917 4.2981 6457.3500 -2.3390 3.5562
6458.1500 -2.0226 0.6240 6458.5500 3.8788 0.2471 6458.3500 4.5355 3.7280
6459.1500 -4.3716 1.2483 6459.5500 2.9028 1.1334 6459.3500 1.2733 1.4719
6460.1500 1.7678 4.6526 6460.5500 2.7889 -4.7888 6460.3500 -3.2474 -4.9160
6461.1500 -3.1558 -2.9802 6461.5500 -4.2580 3.7580 6461.3500 0.5190 4.2613
6462.1500 -3.0829 0.9744 6462.5500 -4.2773 -3.3736 6462.3500 -3.1655 4.7721
6463.1500 0.7293 2.5485 6463.5500 2.4688 0.9509 6463.3500 3.7228 -2.0815
6464.1500 -1.2585 -0.3820 6464.5500 1.6459 -1.6402 6464.3500 -0.5828 4.4712
6465.1500 -1.4444 -1.7775 6465.5500 -4.5628 3.9488 6465.3500 -4.7788 4.7553
6466.1500 0.0486 -0.8668 6466.5500 -1.8523 3.7094 6466.3500 0.2364 2.0540
6467.1500 -0.9702 -3.6579 6467.5500 -4.8086 -1.9909 6467.3500 -2.6612 4.4053
6468.1500 -1.9026 1.9406 6468.5500 1.5524 -1.5542 6468.3500 -2.4938 -1.1586
6469.1500 0.8141 -4.5851 6469.5500 -1.0147 -4.5122 6469.3500 4.7784 -1.3461
6470.1500 -0.1751 -0.6107 6470.5500 2.6657 -2.2757 6470.3500 1.9233 0.6517
6471.1500 -4.8238 -0.8764 6471.5500 -0.7760 4.6684 6471.3500 -3.7839 4.9389
6472.1500 -4.0027 -4.2523 6472.5500 -0.6057 -1.0321 6472.3500 -2.6952 -1.7202
6473.1500 -2.7489 4.3728 6473.5500 4.4119 -3.3777 6473.3500 3.8419 2.2366
6474.1500 -4.9335 0.2438 6474.5500 2.0264 0.3270 6474.3500 4.9247 2.3070
6475.1500 -2.8755 2.1525 6475.5500 3.1537 1.1910 6475.3500 0.1980 2.3787
6476.1500 -3.5599 4.2241 6476.5500 -1.1372 -1.6836 6476.3500 1.3852 3.9254
6477.1500 1.6339 2.0564 6477.5500 3.1658 2.6188 6477.3500 -0.2640 4.0380
6478.1500 -0.4420 3.7073 6478.5500 -1.3696 -2.7436 6478.3500 3.5922 -1.4782
6479.1500 4.6014 -2.8711 6479.5500 -0.8457 -3.9359 6479.3500 -3.5281 2.2423
6480.1500 -0.2588 -2.7002 6480.5500 -1.1016 2.9796 6480.3500 -2.4495 -3.3800
6481.1500 2.5805 4.7460 6481.5500 -4.5512 3.7607 6481.3500 4.4557 1.7160
6482.1000 -0.4911 0.0095 6482.9000 0.0001 -0.0068 6482.4000 0.5057 0.0080
6482.5000 -0.3077 -0.5008 6482.5000 0.3059 -0.4907 6482.5000 0.0006 0.4924
6483.1500 4.5840 0.0901 6483.5500 1.8081 4.1515 6483.3500 3.6520 -3.3502
6484.1000 -0.4993 -0.0075 6484.9000 0.0095 0.0095 6484.4000 0.5006 0.0042
6484.5000 -0.2949 -0.4906 6484.5000 0.2957 -0.5031 6484.5000 0.0023 0.5017
6485.1500 -0.2487 -1.3943 6485.5500 0.0524 -0.6365 6485.3500 -2.8646 -1.9941
6486.1000 -0.4925 -0.0035 6486.9000 0.0019 0.0030 6486.4000 0.4999 -0.0028
6486.5000 -0.2977 -0.5059 6486.5000 0.2905 -0.4917 6486.5000 0.0084 0.5013
6487.1500 1.9025 1.6919 6487.5500 0.0024 4.1128 6487.3500 -1.9072 -0.0139
6488.1500 -0.0481 2.8208 6488.5500 -2.1391 -1.0393 6488.3500 -2.5511 -0.2612
6489.1500 -1.8000 -0.5320 6489.5500 4.2032 3.6149 6489.3500 1.6466 3.1885
6490.1500 -3.4388 2.5533 6490.5500 -3.8806 3.1207 6490.3500 -0.3665 -0.1701
6491.1500 -1.4611 -0.4940 6491.5500 -1.1565 3.8832 6491.3500 4.4310 4.2480
6492.1500 0.4592 -1.8418 6492.5500 3.3597 2.7338 6492.3500 2.5886 -4.2496
6493.1500 -2.1629 -1.9685 6493.5500 -2.4460 4.0064 6493.3500 3.9187 -3.7937
6494.1500 0.9724 -2.6852 6494.5500 -0.6211 -3.5586 6494.3500 -3.5368 2.1401
6495.1500 1.6640 -1.0352 6495.5500 1.1880 -3.8825 6495.3500 2.8124 -1.5242
6496.1500 3.1896 2.3867 6496.5500 -4.6512 -1.2700 6496.3500 -0.7938 4.6885
6497.1500 1.2972 -0.9494 6497.5500 0.9868 3.8457 6497.3500 -1.7528 -2.8218
6498.1500 0.8055 1.8063 6498.5500 -4.1493 -3.4506 6498.3500 -4.2767 0.5400
6499.1500 -2.2244 -3.2887 6499.5500 -2.0905 3.4570 6499.3500 4.4770 -4.2554
6500.1500 -2.8165 4.3200 6500.5500 -3.1558 -0.3858 6500.3500 -0.7645 2.3896
6501.1500 -0.6526 -0.0811 6501.5500 3.3084 3.8372 6501.3500 2.8450 -1.3047
6502.1500 -0.3403 2.1339 6502.5500 2.6843 -3.7847 6502.3500 -4.2087 -1.9327
6503.1500 -3.0185 -3.5718 6503.5500 -2.8403 -4.9208 6503.3500 0.4965 4.8186
6504.1000 -0.5065 0.0012 6504.9000 -0.0083 0.0085 6504.4000 0.4904 -0.0001
6504.5000 -0.3096 -0.4913 6504.5000 0.2905 -0.4984 6504.5000 0.0031 0.4937
6505.1500 -0.7384 0.5814 6505.5500 1.7218 0.9428 6505.3500 -2.9940 3.2888
6506.1500 2.5419 -2.0782 6506.5500 -0.6686 1.9399 6506.3500 0.4390 -1.6406
6507.1500 -2.5543 -2.1323 6507.5500 4.2198 -3.9906 6507.3500 -4.8923 -4.7163
6508.1500 -1.2059 -2.1980 6508.5500 3.5941 -2.4791 6508.3500 -0.2937 -1.7873
6509.1500 3.3634 3.0513 6509.5500 2.5222 -3.6266 6509.3500 -3.7503 -1.2682
6510.1500 1.1810 3.0430 6510.5500 4.5015 -3.0147 6510.3500 -1.7248 0.9028
6511.1500 2.1849 -2.5459 6511.5500 -3.4896 2.6067 6511.3500 -1.4034 -2.8140
6512.1500 2.4199 -1.7865 6512.5500 4.9664 -3.2423 6512.3500 -1.3326 -1.5963
6513.1500 -3.3111 4.9016 6513.5500 -3.5401 -0.5933 6513.3500 4.1810 -2.2154
6514.1500 1.1553 4.3835 6514.5500 3.9198 -1.6571 6514.3500 4.9012 2.6217
6515.1500 2.0505 0.2664 6515.5500 2.0703 2.6494 6515.3500 -1.2453 -3.4419
6516.1500 4.5502 -2.9090 6516.5500 1.9727 -0.1449 6516.3500 -2.1532 -0.5029
6517.1500 2.5616 0.8577 6517.5500 0.8125 -4.5704 6517.3500 -2.4790 0.1549
6518.1000 -0.5093 -0.0093 6518.9000 -0.0013 -0.0070 6518.4000 0.4913 0.0079
6518.5000 -0.2999 -0.4913 6518.5000 0.2990 -0.5061 6518.5000 -0.0059 0.5054
6519.1500 -1.2007 3.1867 6519.5500 -0.4636 2.1326 6519.3500 2.3175 0.2052
6520.1500 -1.3386 4.8153 6520.5500 0.0187 3.0687 6520.3500 -4.5808 -4.7650
6521.1500 -1.5053 1.2801 6521.5500 3.5185 3.3574 6521.3500 0.2032 -2.5149
6522.1500 -2.4198 -2.0284 6522.5500 -4.2049 -3.8612 6522.3500 -2.7278 -3.1547
6523.1500 0.6829 -2.7368 6523.5500 -4.2921 -4.3819 6523.3500 1.6283 4.3854
6524.1500 3.4111 -1.4883 6524.5500 0.5256 -0.3527 6524.3500 -4.3473 2.6189
6525.1500 2.8224 0.0300 6525.5500 3.1885 -3.7791 6525.3500 1.6557 -0.2522
6526.1500 3.5096 -3.3338 6526.5500 4.5023 1.3357 6526.3500 2.2762 2.8724
6527.1000 -0.5056 -0.0057 6527.9000 0.0071 0.0039 6527.4000 0.5097 -0.0023
6527.5000 -0.3013 -0.4993 6527.5000 0.3051 -0.4919 6527.5000 -0.0063 0.4947
6528.1500 -2.7323 -4.2234 6528.5500 -2.2827 -4.1940 6528.3500 2.3349 -3.5458
6529.1500 3.9342 -0.5115 6529.5500 -1.3241 -0.9468 6529.3500 -3.2848 -4.1267
6530.1500 1.3057 3.1146 6530.5500 -3.0055 -0.4242 6530.3500 4.8298 2.3301
6531.1500 -1.7069 -1.6278 6531.5500 1.8907 1.7324 6531.3500 4.6067 1.4838
6532.1500 -4.9944 3.0985 6532.5500 -3.0146 3.7400 6532.3500 0.3757 3.4016
6533.1500 -1.4892 3.7567 6533.5500 -4.9297 2.6649 6533.3500 0.8598 -0.8054
6534.1500 -4.5090 -1.4837 6534.5500 -3.0466 -1.5084 6534.3500 -0.0383 1.9125
6535.1500 4.9029 -0.0209 6535.5500 -4.7272 4.9766 6535.3500 -1.7658 3.5527
6536.1500 3.7477 -0.3736 6536.5500 2.6727 3.4700 6536.3500 1.9458 0.6451
6537.1500 -4.7667 -4.8704 6537.5500 0.3261 -3.0152 6537.3500 3.9298 1.6004
6538.1000 -0.4916 -0.0020 6538.9000 -0.0054 0.0088 6538.4000 0.5016 0.0061
6538.5000 -0.2921 -0.5074 6538.5000 0.3072 -0.5028 6538.5000 0.0005 0.5068
6539.1500 -3.7162 -3.8480 6539.5500 1.8896 -3.8118 6539.3500 -4.1722 1.1158
6540.1500 -0.1819 3.8675 6540.5500 3.5636 1.1424 6540.3500 3.6981 2.2601
6541.1500 -0.6515 -4.8761 6541.5500 -4.5806 0.8566 6541.3500 -1.6108 -4.5917
6542.1500 -3.8195 -3.8215 6542.5500 4.1968 1.5326 6542.3500 -4.8839 -2.7932
6543.1500 1.5643 3.3849 6543.5500 -3.6556 -1.5032 6543.3500 -4.9772 -3.2391
6544.1000 -0.4954 0.0081 6544.9000 0.0016 -0.0039 6544.4000 0.5056 0.0031
6544.5000 -0.2984 -0.5096 6544.5000 0.3028 -0.5091 6544.5000 -0.0017 0.5038
6545.1000 -0.4999 0.0070 6545.9000 0.0067 0.0045 6545.4000 0.4963 -0.0049
6545.5000 -0.2942 -0.5023 6545.5000 0.3073 -0.4933 6545.5000 0.0057 0.5003
6546.1000 -0.5006 0.0001 6546.9000 -0.0001 -0.0016 6546.4000 0.4947 0.0094
6546.5000 -0.2939 -0.4905 6546.5000 0.3078 -0.4946 6546.5000 0.0092 0.4995
6547.1500 -0.1347 3.3638 6547.5500 1.5394 3.4541 6547.3500 4.8423 0.6547
6548.1500 -4.8204 -1.7014 6548.5500 -4.2868 -2.6050 6548.3500 1.6002 -1.5419
6549.1500 -2.8877 0.8628 6549.5500 -1.5656 -2.4694 6549.3500 -1.4785 -4.0239
6550.1500 1.6029 -0.0740 6550.5500 4.6830 0.3856 6550.3500 2.9875 1.2266
6551.1500 -0.1115 -1.8138 6551.5500 1.4692 2.5717 6551.3500 -1.5181 -0.1972
6552.1500 3.4601 3.0983 6552.5500 -2.6882 -1.9486 6552.3500 2.3489 -4.1882
6553.1500 -4.3949 3.3483 6553.5500 0.1612 0.5883 6553.3500 2.1838 -2.2409
6554.1500 -4.1757 2.0116 6554.5500 0.6817 4.3897 6554.3500 0.9121 -0.6647
6555.1500 4.0674 4.2870 6555.5500 2.0316 -4.3238 6555.3500 -3.5855 -2.2092
6556.1500 4.8875 2.8284 6556.5500 -3.5378 -3.0596 6556.3500 3.2885 -1.8135
6557.1000 -0.5045 0.0043 6557.9000 -0.0046 -0.0022 6557.4000 0.4929 0.0063
6557.5000 -0.2944 -0.4976 6557.5000 0.2953 -0.4995 6557.5000 -0.0094 0.5019
6558.1500 0.4561 3.9844 6558.5500 1.7310 -4.4627 6558.3500 0.8970 -4.8571
6559.1000 -0.4957 -0.0051 6559.9000 0.0083 -0.0073 6559.4000 0.5045 0.0084
6559.5000 -0.3047 -0.5055 6559.5000 0.3007 -0.5069 6559.5000 -0.0072 0.4916
6560.1500 -1.6947 0.3347 6560.5500 3.1308 -3.9046 6560.3500 0.9484 1.4850
6561.1500 -2.3505 0.2987 6561.5500 0.5359 -0.2645 6561.3500 -1.9243 -3.5723
6562.1500 -2.2360 1.6179 6562.5500 4.9953 -3.7732 6562.3500 3.6324 2.1318
6563.1000 -0.4914 -0.0074 6563.9000 -0.0052 0.0082 6563.4000 0.4936 -0.0061
6563.5000 -0.2920 -0.5077 6563.5000 0.2920 -0.4928 6563.5000 0.0011 0.4980
6564.1500 -3.0590 -2.9342 6564.5500 -2.7933 -3.4089 6564.3500 1.1690 -0.6707
6565.1500 1.8446 2.7474 6565.5500 4.6357 -0.2784 6565.3500 0.4448 0.1953
6566.1500 1.1143 -2.6263 6566.5500 1.7930 2.3235 6566.3500 -2.9283 1.3746
6567.1000 -0.4964 -0.0053 6567.9000 -0.0030 0.0064 6567.4000 0.5028 0.0006
6567.5000 -0.3098 -0.5046 6567.5000 0.2919 -0.4995 6567.5000 0.0096 0.4908
6568.1500 -4.8801 -4.2440 6568.5500 3.2228 1.2009 6568.3500 2.4959 3.6539
6569.1000 -0.4939 -0.0025 6569.9000 0.0086 0.0068 6569.4000 0.4942 0.0022
6569.5000 -0.2904 -0.5089 6569.5000 0.3096 -0.4995 6569.5000 0.0037 0.5086
6570.1000 -0.5058 -0.0026 6570.9000 0.0037 -0.0075 6570.4000 0.5055 0.0022
6570.5000 -0.3023 -0.5067 6570.5000 0.3010 -0.4970 6570.5000 -0.0022 0.5041
6571.1500 -1.5657 -3.8068 6571.5500 1.2594 3.7985 6571.3500 -3.8916 -0.9634
6572.1500 -4.4749 4.3628 6572.5500 -1.7734 -0.0685 6572.3500 -0.7528 1.3629
6573.1500 -2.1250 3.1669 6573.5500 -4.4356 -0.9309 6573.3500 3.0708 -3.6800
6574.1500 0.5889 -2.0328 6574.5500 -2.6365 -2.1593 6574.3500 -1.7982 -0.4117
6575.1500 4.4917 -2.1799 6575.5500 -4.0764 3.4975 6575.3500 -3.6783 -2.0453
6576.1500 3.8243 -1.9408 6576.5500 3.3178 -2.3702 6576.3500 -3.9764 -2.3751
6577.1500 -2.4327 -1.4699 6577.5500 0.5682 2.7809 6577.3500 -4.3014 -4.0925
6578.1500 0.3992 -3.2545 6578.5500 -3.9035 -3.0157 6578.3500 -1.0680 2.9701
6579.1500 -2.1802 1.4157 6579.5500 2.7144 -3.7346 6579.3500 -4.0617 2.8917
6580.1500 4.3231 4.8497 6580.5500 1.9594 1.4496 6580.3500 -2.7267 2.8542
6581.1000 -0.5094 -0.0047 6581.9000 -0.0086 -0.0021 6581.4000 0.5057 -0.0062
6581.5000 -0.3064 -0.4950 6581.5000 0.3047 -0.4948 6581.5000 0.0034 0.5040
6582.1500 -1.4128 3.7525 6582.5500 0.3397 0.9528 6582.3500 -0.8360 3.4359
6583.1500 -3.5882 -1.6001 6583.5500 -1.8434 -4.9869 6583.3500 3.6201 0.4265
6584.1500 -4.4053 -0.7681 6584.5500 -0.5632 4.5951 6584.3500 -0.9015 -0.6998
6585.1500 1.6555 -1.0192 6585.5500 2.0312 1.7520 6585.3500 0.4721 0.6980
6586.1500 -4.9456 1.2706 6586.5500 -0.8590 0.9201 6586.3500 -0.1571 4.7635
6587.1500 4.4166 -3.6858 6587.5500 3.4143 -3.6666 6587.3500 -0.4109 4.0188
6588.1500 2.5680 0.5006 6588.5500 4.8558 -0.3841 6588.3500 -2.5025 -0.3213
6589.1500 2.3621 1.7213 6589.5500 -0.3748 3.5428 6589.3500 -2.4731 2.7370
6590.1500 1.9706 -3.3579 6590.5500 0.7885 -1.5932 6590.3500 -0.2441 3.6374
6591.1500 3.9371 2.6866 6591.5500 -0.3461 4.0044 6591.3500 -2.0976 -2.1461
6592.1000 -0.5052 -0.0060 6592.9000 0.0080 -0.0033 6592.4000 0.4995 -0.0092
6592.5000 -0.2919 -0.5048 6592.5000 0.2969 -0.4959 6592.5000 0.0061 0.5052
6593.1500 -0.2593 -2.6987 6593.5500 -4.4457 -0.9077 6593.3500 -1.6935 1.6454
6594.1500 -2.1583 -4.2826 6594.5500 -4.4328 -2.8429 6594.3500 2.1599 2.4786
6595.1500 -4.0207 3.0763 6595.5500 0.5882 0.7881 6595.3500 -1.4640 1.2109
6596.1500 -4.0185 -3.4724 6596.5500 -3.1869 4.0936 6596.3500 -1.0509 2.3247
6597.1500 2.0601 4.1787 6597.5500 -1.1349 0.8973 6597.3500 4.5778 -2.7264
6598.1500 4.1745 -3.3786 6598.5500 -3.8862 4.2537 6598.3500 -0.0091 3.3534
6599.1500 -1.4027 -3.0688 6599.5500 2.1732 0.5944 6599.3500 0.8732 -4.0818
6600.1000 -0.4904 0.0017 6600.9000 0.0043 -0.0097 6600.4000 0.5048 -0.0026
6600.5000 -0.2991 -0.5020 6600.5000 0.2943 -0.5053 6600.5000 -0.0023 0.5091
6601.1000 -0.4912 -0.0031 6601.9000 0.0092 0.0042 6601.4000 0.4950 0.0015
6601.5000 -0.2943 -0.5039 6601.5000 0.3068 -0.5074 6601.5000 -0.0090 0.4990
6602.1500 0.7905 3.1429 6602.5500 -3.4638 0.3555 6602.3500 -1.4103 -3.3584
6603.1500 1.8155 0.1314 6603.5500 0.6957 1.3050 6603.3500 -3.9805 -1.7175
6604.1500 -2.1606 0.4623 6604.5500 -0.4713 -1.1941 6604.3500 -3.7893 2.0368
6605.1500 -1.9468 -1.6634 6605.5500 -1.7479 0.7888 6605.3500 3.1073 -3.6210
6606.1000 -0.5020 0.0085 6606.9000 -0.0067 0.0044 6606.4000 0.5036 0.0026
6606.5000 -0.2901 -0.5060 6606.5000 0.3033 -0.4983 6606.5000 0.0035 0.4923
6607.1000 -0.5100 0.0048 6607.9000 -0.0074 -0.0093 6607.4000 0.4936 0.0073
6607.5000 -0.3069 -0.4931 6607.5000 0.2974 -0.5055 6607.5000 -0.0069 0.5035
6608.1500 -4.5317 -2.7140 6608.5500 -3.6983 -3.5495 6608.3500 2.1659 3.8818
6609.1500 -2.7685 0.7824 6609.5500 3.8101 4.2253 6609.3500 -3.4029 -3.7477
6610.1500 -0.8388 3.1566 6610.5500 1.1171 4.6758 6610.3500 2.8292 -1.7054
6611.1000 -0.4959 0.0033 6611.9000 0.0007 0.0082 6611.4000 0.5048 -0.0072
6611.5000 -0.2965 -0.5030 6611.5000 0.2952 -0.5052 6611.5000 0.0086 0.5020
6612.1500 2.9205 -1.0322 6612.5500 2.4212 1.4888 6612.3500 0.3613 -4.6184
6613.1500 3.5468 -4.9603 6613.5500 -1.0698 -3.4739 6613.3500 1.6758 -2.9433
6614.1500 0.9612 0.2150 6614.5500 -3.7647 -4.1301 6614.3500 3.9044 -4.3751
6615.1500 -4.0142 2.3625 6615.5500 4.2959 3.6630 6615.3500 -2.2971 3.4605
6616.1000 -0.4922 -0.0060 6616.9000 -0.0069 0.0047 6616.4000 0.4983 -0.0070
6616.5000 -0.2939 -0.4912 6616.5000 0.3063 -0.4921 6616.5000 -0.0038 0.5097
6617.1500 -1.8317 2.8025 6617.5500 4.7108 -4.7858 6617.3500 -1.5799 3.4884
6618.1500 1.9911 4.3912 6618.5500 -1.5882 -2.3424 6618.3500 -1.5566 2.9785
6619.1500 -0.3020 -2.1643 6619.5500 4.6416 -3.3675 6619.3500 -2.9531 1.0147
6620.1500 -1.6858 -2.8040 6620.5500 -0.0998 -2.4025 6620.3500 -1.3282 -1.1666
6621.1500 -2.6323 -4.8018 6621.5500 -1.8035 0.0678 6621.3500 4.8314 -1.0162
6622.1500 -4.4437 3.5035 6622.5500 1.7700 2.3614 6622.3500 3.5820 -4.7529
6623.1500 -3.9798 -2.0357 6623.5500 2.5701 2.3997 6623.3500 0.3414 1.0979
6624.1500 3.8477 3.6240 6624.5500 1.3339 -1.0526 6624.3500 -1.7017 2.3932
6625.1500 3.6506 -1.6254 6625.5500 -2.0031 -1.7720 6625.3500 3.0518 2.3358
6626.1500 -0.5073 -4.2878 6626.5500 4.3406 0.5344 6626.3500 2.1731 2.6780
6627.1500 0.9833 3.9304 6627.5500 -0.1798 -0.8911 6627.3500 4.9856 0.9643
6628.1500 -0.5992 -2.8445 6628.5500 2.7385 -0.5684 6628.3500 -2.1333 -1.8324
6629.1500 3.7006 -4.9717 6629.5500 4.9897 -2.6207 6629.3500 -0.8176 -1.7345
6630.1500 -3.1382 3.0622 6630.5500 2.6450 4.1540 6630.3500 -4.7715 4.8347
6631.1000 -0.4964 -0.0059 6631.9000 -0.0057 -0.0045 6631.4000 0.4945 -0.0030
6631.5000 -0.2983 -0.5007 6631.5000 0.3029 -0.4980 6631.5000 0.0003 0.4955
6632.1000 -0.5075 -0.0083 6632.9000 -0.0067 0.0031 6632.4000 0.5097 -0.0089
6632.5000 -0.3098 -0.4910 6632.5000 0.3008 -0.4907 6632.5000 0.0010 0.5082
6633.1500 2.3176 -4.5331 6633.5500 -1.0278 4.4362 6633.3500 1.1009 -2.4316
6634.1500 3.7763 -4.0983 6634.5500 -1.2659 3.8692 6634.3500 1.2475 4.2588
6635.1500 -2.8800 3.0263 6635.5500 4.9203 4.8221 6635.3500 1.4390 -4.4301
6636.1500 -3.4548 2.3878 6636.5500 -3.4485 2.4360 6636.3500 -1.6937 4.3671
6637.1500 -3.0660 4.5644 6637.5500 -1.6869 2.9387 6637.3500 2.7714 -1.7263
6638.1500 1.8704 0.8057 6638.5500 4.3904 1.8091 6638.3500 3.9245 -4.5447
6639.1500 -0.2777 0.4858 6639.5500 -3.8024 -1.5692 6639.3500 0.9223 -0.6005
6640.1500 -4.5529 2.7290 6640.5500 -4.3410 -1.5800 6640.3500 0.4717 -4.7793
6641.1500 4.6611 3.4553 6641.5500 0.4775 -1.3209 6641.3500 -4.9864 2.0849
6642.1500 -0.3348 1.8367 6642.5500 -4.6015 2.3170 6642.3500 -2.3429 -0.7368
6643.1500 0.9743 4.3917 6643.5500 -3.2489 -3.7772 6643.3500 1.2561 -4.1309
6644.1500 -1.1969 0.4705 6644.5500 -2.4237 1.2864 6644.3500 1.8784 2.8385
6645.1000 -0.4954 -0.0074 6645.9000 0.0033 0.0054 6645.4000 0.5066 0.0072
6645.5000 -0.2952 -0.5093 6645.5000 0.2928 -0.4905 6645.5000 -0.0010 0.4955
6646.1500 2.0604 -2.5507 6646.5500 3.7466 -4.4453 6646.3500 -2.2135 4.7856
6647.1500 -3.7678 -3.1575 6647.5500 -2.7377 -4.6668 6647.3500 -1.5461 -0.5875
6648.1500 4.7967 2.1169 6648.5500 0.0959 3.3911 6648.3500 -4.4151 2.1909
6649.1500 -4.8118 -4.3395 6649.5500 -4.7386 -3.5443 6649.3500 0.1591 4.4476
6650.1500 -0.0074 4.7125 6650.5500 -3.5635 0.2990 6650.3500 4.3433 0.4963
6651.1500 0.0653 -0.4808 6651.5500 -1.5289 -0.8318 6651.3500 3.9978 2.7577
6652.1500 -2.0500 4.7279 6652.5500 -2.9353 4.2887 6652.3500 -2.4334 -1.6831
6653.1500 -4.5029 3.8296 6653.5500 -0.2550 -4.4723 6653.3500 4.9840 2.9669
6654.1500 -1.6165 2.3712 6654.5500 -1.1968 -0.9077 6654.3500 4.5705 4.6405
6655.1500 -1.3917 1.7394 6655.5500 4.2772 -4.6182 6655.3500 -3.4326 -4.8051
6656.1500 -1.0500 -3.0401 6656.5500 2.4759 -0.4991 6656.3500 -0.3162 -1.3519
6657.1500 1.7157 -3.3826 6657.5500 3.6025 -3.0565 6657.3500 3.4067 -0.9421
6658.1500 0.6862 0.8745 6658.5500 4.4333 4.9384 6658.3500 -3.6049 3.0048
6659.1500 -0.7569 -3.3029 6659.5500 1.4057 0.0437 6659.3500 -2.1680 -2.7272
6660.1000 -0.4958 -0.0081 6660.9000 -0.0002 0.0056 6660.4000 0.4933 0.0036
6660.5000 -0.2963 -0.4901 6660.5000 0.3080 -0.5067 6660.5000 -0.0087 0.4943
6661.1500 -0.1942 1.9082 6661.5500 -1.0632 -3.9141 6661.3500 4.7081 -2.2827
6662.1500 1.3122 2.2470 6662.5500 -3.7258 4.5203 6662.3500 0.2566 -4.5957
6663.1500 -0.7367 -1.9714 6663.5500 -0.2157 -4.6988 6663.3500 1.9551 -0.6836
6664.1000 -0.4903 0.0050 6664.9000 -0.0076 -0.0058 6664.4000 0.4970 -0.0030
6664.5000 -0.2917 -0.5041 6664.5000 0.3016 -0.4980 6664.5000 -0.0011 0.4991
6665.1500 -0.2030 -3.0900 6665.5500 -1.7924 3.6012 6665.3500 2.6453 3.6564
6666.1500 4.5801 -2.6534 6666.5500 -1.8937 -2.3449 6666.3500 -2.5541 4.2745
6667.1000 -0.5005 0.0050 6667.9000 0.0035 -0.0011 6667.4000 0.4977 -0.0009
6667.5000 -0.3002 -0.5067 6667.5000 0.2905 -0.5087 6667.5000 -0.0036 0.5087
6668.1500 4.2852 -1.3019 6668.5500 -2.2218 3.4794 6668.3500 0.0088 1.2442
6669.1500 -0.2499 2.3047 6669.5500 3.5882 0.4197 6669.3500 0.1381 -0.0526
6670.1500 1.7957 0.1657 6670.5500 -1.3531 2.5259 6670.3500 -0.1541 -2.2930
6671.1500 -0.2606 3.4050 6671.5500 4.5722 -1.8641 6671.3500 0.6029 2.9046
6672.1500 1.4814 2.5477 6672.5500 3.1549 2.5888 6672.3500 3.2969 -0.6898
6673.1500 -2.5565 -2.9522 6673.5500 -0.0459 -3.6833 6673.3500 2.0710 -4.0173
6674.1500 3.8941 2.7849 6674.5500 3.7310 4.1011 6674.3500 3.0195 -3.7021
6675.1500 2.0228 2.2850 6675.5500 1.9683 -3.5405 6675.3500 -1.0485 -2.4839
6676.1000 -0.4962 0.0003 6676.9000 -0.0003 -0.0072 6676.4000 0.5077 -0.0016
6676.5000 -0.2951 -0.5067 6676.5000 0.3083 -0.5058 6676.5000 0.0020 0.4946
6677.1500 -4.1727 -1.7757 6677.5500 4.1917 -4.8972 6677.3500 2.8256 -1.8091
6678.1500 -3.6043 -4.0733 6678.5500 -1.1866 -1.9375 6678.3500 1.4588 2.0401
6679.1000 -0.5095 -0.0007 6679.9000 -0.0058 0.0087 6679.4000 0.4951 -0.0032
6679.5000 -0.3093 -0.5064 6679.5000 0.2964 -0.4908 6679.5000 -0.0003 0.4928
6680.1500 -0.5957 1.6742 6680.5500 -2.9122 4.6500 6680.3500 2.5585 4.8113
6681.1500 -1.0952 3.1044 6681.5500 -2.5157 1.4332 6681.3500 -1.1224 -4.0127
6682.1500 3.5116 -2.7070 6682.5500 2.7017 1.8798 6682.3500 4.5196 -2.4021
6683.1500 1.9824 2.3781 6683.5500 3.6736 4.8787 6683.3500 3.1735 2.0281
6684.1500 1.1130 -1.7439 6684.5500 3.7050 1.2250 6684.3500 -4.1851 0.3436
6685.1500 1.9984 2.8658 6685.5500 -3.8680 -0.1882 6685.3500 0.8085 0.4231
6686.1000 -0.4923 -0.0099 6686.9000 0.0065 -0.0053 6686.4000 0.5013 0.0014
6686.5000 -0.2956 -0.4964 6686.5000 0.2933 -0.4990 6686.5000 0.0054 0.5090
6687.1500 -4.6162 -1.6808 6687.5500 3.3438 -4.0210 6687.3500 -3.0321 0.9729
6688.1000 -0.4911 0.0077 6688.9000 0.0062 -0.0017 6688.4000 0.5074 0.0019
6688.5000 -0.3057 -0.5082 6688.5000 0.3031 -0.4969 6688.5000 0.0049 0.5063
6689.1500 -0.9528 2.9518 6689.5500 -0.3293 -4.0363 6689.3500 -4.5145 4.9547
6690.1000 -0.4933 -0.0098 6690.9000 0.0068 -0.0036 6690.4000 0.4981 -0.0067
6690.5000 -0.2918 -0.5074 6690.5000 0.3014 -0.5067 6690.5000 -0.0002 0.5078
6691.1000 -0.4916 0.0038 6691.9000 -0.0051 -0.0031 6691.4000 0.4921 -0.0044
6691.5000 -0.2925 -0.4989 6691.5000 0.2931 -0.5039 6691.5000 -0.0081 0.5064
6692.1500 -0.7893 -1.9163 6692.5500 2.3752 -0.1031 6692.3500 -0.3312 2.8102
6693.1500 -2.1232 2.5757 6693.5500 0.7721 3.9808 6693.3500 -2.7696 3.0590
6694.1000 -0.4903 -0.0037 6694.9000 0.0038 -0.0052 6694.4000 0.5020 -0.0057
6694.5000 -0.2942 -0.5041 6694.5000 0.2902 -0.4930 6694.5000 0.0042 0.5015
6695.1000 -0.4971 0.0052 6695.9000 0.0053 0.0018 6695.4000 0.4960 0.0079
6695.5000 -0.2997 -0.5023 6695.5000 0.3085 -0.4962 6695.5000 0.0069 0.4945
6696.1500 -3.3343 -2.1270 6696.5500 -2.2377 1.0812 6696.3500 -0.1442 -1.5237
6697.1500 -3.7748 3.8644 6697.5500 4.9809 0.4316 6697.3500 -4.8724 2.2553
6698.1500 4.0825 3.3116 6698.5500 -1.3871 3.4700 6698.3500 -3.0461 -1.3019
6699.1500 -0.7369 3.3357 6699.5500 3.3545 3.4694 6699.3500 3.6677 -4.2082
6700.1500 -4.2033 3.8893 6700.5500 2.1810 1.5977 6700.3500 -1.6156 4.4633
6701.1500 4.9946 -0.3933 6701.5500 -4.4316 -2.0191 6701.3500 3.8859 -0.8655
6702.1000 -0.5074 -0.0060 6702.9000 0.0051 -0.0069 6702.4000 0.4986 0.0033
6702.5000 -0.3070 -0.4937 6702.5000 0.3078 -0.5062 6702.5000 0.0033 0.4923
6703.1500 0.2821 -2.3083 6703.5500 -0.0973 4.9131 6703.3500 -2.0562 -0.7433
6704.1500 -4.2856 -2.3037 6704.5500 -1.9738 -0.5107 6704.3500 0.6440 -0.0360
6705.1500 2.2893 -3.6657 6705.5500 0.5129 -2.9765 6705.3500 -4.3102 -1.1581
6706.1500 1.1115 -4.0655 6706.5500 2.2141 -4.3686 6706.3500 4.3118 0.0969
6707.1500 4.3427 -2.5494 6707.5500 2.0886 -1.4406 6707.3500 -2.0762 -3.7539
6708.1000 -0.4941 0.0049 6708.9000 -0.0070 0.0033 6708.4000 0.4957 0.0016
6708.5000 -0.3049 -0.5037 6708.5000 0.2926 -0.4931 6708.5000 0.0026 0.5034
6709.1500 -3.3194 2.9908 6709.5500 2.3225 4.0006 6709.3500 -2.0031 1.1266
6710.1500 -4.4076 -3.9926 6710.5500 -0.8118 4.4085 6710.3500 0.4626 4.8806
6711.1500 0.4617 -2.6162 6711.5500 -4.0147 -0.4084 6711.3500 3.3598 4.2928
6712.1500 -2.9134 0.8153 6712.5500 -2.6805 -2.2773 6712.3500 3.9499 -0.5916
6713.1500 0.6913 -3.8834 6713.5500 2.6936 -2.3981 6713.3500 1.0696 1.4265
6714.1500 -0.3003 1.2450 6714.5500 0.4239 4.2423 6714.3500 -1.8913 4.9982
6715.1500 -3.5283 3.6324 6715.5500 3.0643 0.6166 6715.3500 -0.6863 3.3369
6716.1500 2.8223 -2.1315 6716.5500 -2.9855 3.1901 6716.3500 4.8164 -3.4100
6717.1000 -0.4993 -0.0043 6717.9000 0.0031 -0.0013 6717.4000 0.4914 0.0049
6717.5000 -0.2931 -0.4995 6717.5000 0.2907 -0.5051 6717.5000 -0.0051 0.4982
6718.1500 -1.7667 4.9360 6718.5500 -0.4924 -2.3579 6718.3500 0.6967 -3.4477
6719.1500 -3.4440 -2.7949 6719.5500 0.2924 0.8396 6719.3500 -0.3593 4.3145
6720.1500 -2.2951 -0.5984 6720.5500 3.5579 3.9402 6720.3500 -2.0392 -3.6329
6721.1500 -0.1841 -3.7093 6721.5500 -3.6886 -2.2764 6721.3500 -1.8290 -4.4014
6722.1500 -0.4827 4.8619 6722.5500 -0.3148 -3.2491 6722.3500 2.1315 -1.4396
6723.1000 -0.4959 0.0063 6723.9000 -0.0044 -0.0014 6723.4000 0.5034 0.0033
6723.5000 -0.2901 -0.4939 6723.5000 0.3038 -0.4948 6723.5000 -0.0033 0.4944
6724.1500 0.1205 -1.5193 6724.5500 4.6737 -1.5865 6724.3500 3.4999 -2.8676
6725.1500 -2.4008 -3.9442 6725.5500 -1.1232 -0.7355 6725.3500 0.5839 3.7493
6726.1500 -1.7774 1.8382 6726.5500 3.5624 -1.7963 6726.3500 2.9092 1.2676
6727.1500 -2.1895 1.5383 6727.5500 2.6169 1.5659 6727.3500 -3.0723 -0.3032
6728.1500 -4.9088 -0.6896 6728.5500 2.0289 3.9136 6728.3500 -0.8318 -0.5794
6729.1500 -0.5162 -2.4666 6729.5500 -0.5838 -1.9841 6729.3500 -3.5140 -4.0122
6730.1000 -0.4990 -0.0021 6730.9000 0.0044 0.0089 6730.4000 0.5008 -0.0016
6730.5000 -0.3098 -0.5053 6730.5000 0.2917 -0.4929 6730.5000 -0.0088 0.5039
6731.1500 -3.4736 4.5972 6731.5500 -0.6026 4.0424 6731.3500 -0.0855 0.7638
6732.1500 2.5770 4.7350 6732.5500 2.7356 4.0962 6732.3500 -1.9695 -0.5134
6733.1500 -1.3951 3.0906 6733.5500 0.2509 0.2024 6733.3500 -3.7156 -1.8273
6734.1500 -3.2428 0.2229 6734.5500 -3.2082 1.2868 6734.3500 4.6627 -4.9122
6735.1500 -4.7727 2.0859 6735.5500 0.8117 1.1760 6735.3500 1.8306 1.3798
6736.1500 -2.1215 -4.5299 6736.5500 -2.7705 3.9726 6736.3500 -4.5145 3.2302
6737.1500 -4.3258 0.7840 6737.5500 -2.7608 3.1941 6737.3500 -1.9047 -1.8991
6738.1500 -3.3536 0.2341 6738.5500 -3.5872 -3.3736 6738.3500 -4.9573 -3.9013
6739.1000 -0.5002 0.0013 6739.9000 -0.0009 0.0068 6739.4000 0.5059 0.0047
6739.5000 -0.3038 -0.5051 6739.5000 0.2933 -0.5036 6739.5000 -0.0016 0.4913
6740.1500 -1.3782 -3.8500 6740.5500 2.4265 -1.4031 6740.3500 4.7934 0.4780
6741.1000 -0.4917 -0.0002 6741.9000 0.0000 0.0084 6741.4000 0.5073 0.0081
6741.5000 -0.3062 -0.5097 6741.5000 0.2992 -0.4984 6741.5000 -0.0048 0.5088
6742.1500 4.7140 4.2290 6742.5500 1.5369 -2.6040 6742.3500 -1.3072 4.2787
6743.1500 1.7880 -3.1619 6743.5500 1.1917 -2.1645 6743.3500 -1.4203 -4.6136
6744.1000 -0.5052 -0.0084 6744.9000 0.0026 -0.0061 6744.4000 0.5002 -0.0020
6744.5000 -0.3040 -0.5005 6744.5000 0.2926 -0.4973 6744.5000 -0.0047 0.5083
6745.1000 -0.5032 -0.0024 6745.9000 -0.0087 0.0023 6745.4000 0.5065 0.0007
6745.5000 -0.2990 -0.4951 6745.5000 0.3041 -0.5045 6745.5000 0.0060 0.4994
6746.1500 -1.5037 1.6384 6746.5500 4.2902 1.2928 6746.3500 4.4468 -1.2580
6747.1500 -1.2044 3.4111 6747.5500 4.1068 -0.2818 6747.3500 1.9070 2.8030
6748.1500 -3.1656 -1.3797 6748.5500 0.2933 4.9046 6748.3500 -1.9508 -3.8265
6749.1500 1.9555 -4.7214 6749.5500 -1.2275 0.9389 6749.3500 -2.0711 -3.6094
6750.1500 1.0722 -2.7578 6750.5500 -3.5907 -1.2927 6750.3500 0.6015 -2.1278
6751.1500 3.7962 0.3486 6751.5500 2.6722 -1.9612 6751.3500 4.4800 2.0988
6752.1000 -0.5018 -0.0001 6752.9000 0.0063 -0.0027 6752.4000 0.5079 -0.0044
6752.5000 -0.2924 -0.5096 6752.5000 0.2910 -0.4981 6752.5000 0.0046 0.5065
6753.1500 0.9883 1.3510 6753.5500 -2.2171 -4.9773 6753.3500 -4.5879 -4.6861
6754.1500 -0.9078 -0.4242 6754.5500 -4.6329 -4.7961 6754.3500 -2.5376 -3.4962
6755.1500 1.9370 4.7842 6755.5500 2.5099 4.6237 6755.3500 -2.3914 1.5765
6756.1500 -2.9116 -2.0729 6756.5500 4.7914 -4.9676 6756.3500 -3.9790 -4.5974
6757.1500 -3.7979 -3.5859 6757.5500 -4.4806 -0.2244 6757.3500 4.2720 2.0447
6758.1000 -0.4924 0.0042 6758.9000 -0.0026 -0.0098 6758.4000 0.4966 -0.0087
6758.5000 -0.2900 -0.4954 6758.5000 0.2991 -0.4919 6758.5000 -0.0039 0.4903
6759.1500 -3.4765 -0.5937 6759.5500 2.1456 3.5014 6759.3500 -1.8899 4.3356
6760.1500 -3.1218 4.4964 6760.5500 -3.0822 2.0016 6760.3500 4.6743 -2.7993
6761.1500 4.2643 -2.9587 6761.5500 -4.6935 -4.9506 6761.3500 -1.0423 -0.8326
6762.1500 -2.2108 4.1545 6762.5500 -1.4198 -2.7157 6762.3500 -2.3123 -3.0659
6763.1000 -0.5091 0.0078 6763.9000 -0.0072 -0.0068 6763.4000 0.5002 0.0080
6763.5000 -0.2906 -0.4981 6763.5000 0.2986 -0.4960 6763.5000 0.0084 0.4916
6764.1500 -4.2413 -3.1626 6764.5500 -2.1639 3.6625 6764.3500 -1.9336 1.9897
6765.1500 -0.5112 3.9914 6765.5500 4.7412 4.3513 6765.3500 -1.3905 -0.9246
6766.1500 2.4727 4.9123 6766.5500 0.6161 -1.5923 6766.3500 -0.5807 -2.2565
6767.1500 -3.5292 -1.4449 6767.5500 1.2472 4.7480 6767.3500 -4.4506 0.5397
6768.1500 0.3888 -0.7287 6768.5500 3.6381 0.7328 6768.3500 4.3866 -4.1949
6769.1500 0.2695 -3.8170 6769.5500 -0.4534 1.9792 6769.3500 2.6597 -3.4320
6770.1500 -0.7942 3.5464 6770.5500 1.6174 1.0139 6770.3500 2.2079 -3.8362
6771.1500 0.9090 3.0770 6771.5500 -0.9237 -3.1802 6771.3500 -3.0311 3.0303
6772.1500 -0.8578 -1.0822 6772.5500 1.9202 -1.7508 6772.3500 3.9401 -0.4805
6773.1500 -4.0444 0.7573 6773.5500 4.4119 -0.6718 6773.3500 2.8825 2.6084
6774.1500 -0.6742 -3.2145 6774.5500 3.7413 -1.5319 6774.3500 3.7409 -3.2665
6775.1500 1.6498 4.4869 6775.5500 -0.2116 -2.7700 6775.3500 3.4008 -3.7227
6776.1500 4.6412 1.0483 6776.5500 -4.8501 -2.8215 6776.3500 -4.1724 -2.1368
6777.1500 -3.1770 -1.2117 6777.5500 -0.4566 -4.4821 6777.3500 -1.3362 0.5390
6778.1500 -1.8228 1.2651 6778.5500 -2.2709 -4.4624 6778.3500 -1.6926 -0.7322
6779.1500 3.2843 1.7228 6779.5500 4.2488 3.0031 6779.3500 -0.0536 -3.5316
6780.1500 -1.9964 2.7578 6780.5500 -3.9028 1.2136 6780.3500 4.2932 3.9801
6781.1500 -4.6030 0.8280 6781.5500 1.0587 3.8970 6781.3500 -2.5690 -3.0059
6782.1000 -0.5007 -0.0023 6782.9000 0.0099 0.0048 6782.4000 0.5088 0.0088
6782.5000 -0.3003 -0.4958 6782.5000 0.2938 -0.5048 6782.5000 -0.0099 0.4988
6783.1500 3.5126 2.8886 6783.5500 4.2155 -1.2294 6783.3500 0.8303 1.1755
6784.1500 -3.2432 -4.1142 6784.5500 -0.4839 -1.6824 6784.3500 1.3481 4.3052
6785.1500 -3.4170 3.9024 6785.5500 -4.0718 2.1340 6785.3500 2.4799 3.3380
6786.1500 0.5689 4.5154 6786.5500 4.2062 -0.0906 6786.3500 3.8417 0.6965
6787.1500 -1.4182 -0.4282 6787.5500 -2.8021 0.8155 6787.3500 -2.0158 -2.5280
6788.1000 -0.4945 0.0039 6788.9000 -0.0036 -0.0029 6788.4000 0.4940 0.0037
6788.5000 -0.3069 -0.5008 6788.5000 0.3099 -0.5076 6788.5000 0.0005 0.5022
6789.1500 2.0878 3.1165 6789.5500 -2.7925 -3.6432 6789.3500 -3.4266 3.4386
6790.1500 -4.5394 2.3623 6790.5500 -0.3126 3.3625 6790.3500 -0.7242 -0.5165
6791.1500 -2.1045 -0.8770 6791.5500 -3.3147 -0.6356 6791.3500 -4.1207 1.8362
6792.1500 -0.0442 4.5290 6792.5500 3.5346 -0.9833 6792.3500 4.0279 2.1096
6793.1500 -3.2384 -0.8107 6793.5500 -0.1238 -3.4869 6793.3500 2.5335 -3.2436
6794.1500 1.3762 -4.3343 6794.5500 2.0445 0.9788 6794.3500 2.7102 -3.0998
6795.1500 4.2254 2.6169 6795.5500 -4.1571 -4.2539 6795.3500 3.6353 0.0204
6796.1500 0.2503 2.5461 6796.5500 -2.2094 0.2872 6796.3500 -3.2442 3.3590
6797.1500 -2.2692 4.2426 6797.5500 -2.6447 -4.0886 6797.3500 -2.8246 1.9705
6798.1500 -3.6936 4.2106 6798.5500 -1.8941 1.0940 6798.3500 4.1281 3.2859
6799.1500 0.4062 1.8939 6799.5500 -3.7548 4.0322 6799.3500 -2.5018 -0.9069
6800.1500 2.3014 2.5831 6800.5500 -4.5223 -0.1807 6800.3500 1.4939 -0.2452
6801.1500 2.2631 1.2144 6801.5500 0.1994 -1.6060 6801.3500 0.4997 -4.9433
6802.1500 1.2623 2.1089 6802.5500 -1.7905 -3.9943 6802.3500 -2.3477 -4.2833
6803.1000 -0.5012 -0.0038 6803.9000 0.0028 0.0040 6803.4000 0.5097 0.0093
6803.5000 -0.2957 -0.5075 6803.5000 0.3006 -0.5049 6803.5000 0.0018 0.5041
6804.1500 -1.3498 -0.8637 6804.5500 -3.1659 3.9289 6804.3500 -2.7139 0.2687
6805.1500 -0.1668 2.1998 6805.5500 2.8606 -3.1990 6805.3500 -1.1446 -0.1838
6806.1500 -1.1075 -1.3817 6806.5500 -4.3083 4.3656 6806.3500 2.6889 -4.4374
6807.1500 2.8037 -1.4242 6807.5500 4.0090 -0.0735 6807.3500 2.8488 4.2875
6808.1500 0.7411 -0.6996 6808.5500 3.1409 0.7171 6808.3500 1.2751 -2.4617
6809.1000 -0.5096 0.0050 6809.9000 -0.0082 0.0034 6809.4000 0.5095 0.0022
6809.5000 -0.3075 -0.4908 6809.5000 0.3034 -0.5031 6809.5000 0.0076 0.4945
6810.1500 2.0702 4.7364 6810.5500 -1.9964 3.1621 6810.3500 -2.3803 1.5064
6811.1500 2.1604 4.3387 6811.5500 2.7109 0.6068 6811.3500 -3.6268 3.0404
6812.1000 -0.4979 -0.0088 6812.9000 0.0007 0.0068 6812.4000 0.4962 0.0056
6812.5000 -0.3041 -0.5063 6812.5000 0.2970 -0.5044 6812.5000 0.0016 0.5043
6813.1500 2.9059 0.5004 6813.5500 -3.8546 0.1536 6813.3500 4.9381 -1.8752
6814.1500 -1.3904 -2.6673 6814.5500 -2.3344 -2.2905 6814.3500 -2.4992 1.6509
6815.1500 3.3097 -4.4983 6815.5500 1.4109 4.8846 6815.3500 2.7255 -0.2777
6816.1000 -0.4928 -0.0092 6816.9000 -0.0059 0.0099 6816.4000 0.4964 -0.0035
6816.5000 -0.2977 -0.4930 6816.5000 0.3053 -0.5055 6816.5000 0.0069 0.4914
6817.1500 -3.7011 -2.7744 6817.5500 1.7009 -1.2934 6817.3500 2.7481 -4.5828
6818.1500 -4.7799 1.0458 6818.5500 2.3479 -2.2382 6818.3500 -4.1987 0.0614
6819.1500 0.7082 -4.6491 6819.5500 3.7892 0.0860 6819.3500 3.8384 -0.6205
6820.1500 0.0861 -0.4079 6820.5500 1.3021 1.0117 6820.3500 2.8486 0.3860
6821.1500 -0.9100 4.0017 6821.5500 0.5238 4.3072 6821.3500 -2.1737 4.8592
6822.1500 4.2593 -3.3602 6822.5500 -3.4439 2.8409 6822.3500 1.0048 -4.2099
6823.1500 -2.3830 4.2712 6823.5500 0.6826 3.9745 6823.3500 0.5535 -3.9849
6824.1500 4.0447 -0.6119 6824.5500 2.5396 -1.1289 6824.3500 -3.8026 -4.6070
6825.1500 -3.2346 0.8970 6825.5500 0.6166 -4.2013 6825.3500 -2.3207 -3.1532
6826.1500 -1.3108 -1.5159 6826.5500 4.6466 -2.4685 6826.3500 3.2541 0.7219
6827.1500 -2.7165 -4.0837 6827.5500 -1.2374 3.3987 6827.3500 -1.5663 2.1504
6828.1500 0.9108 -1.3711 6828.5500 -1.8487 -4.4624 6828.3500 3.1520 1.6584
6829.1500 -0.9219 2.0567 6829.5500 0.5966 -4.9190 6829.3500 -0.9017 2.7191
6830.1500 -0.2242 2.4766 6830.5500 -3.7746 -2.3074 6830.3500 -1.3595 -0.2637
6831.1500 1.6390 0.5430 6831.5500 3.5442 -4.7371 6831.3500 -1.4048 3.8321
6832.1500 0.2192 4.3282 6832.5500 -2.3060 0.1341 6832.3500 2.5295 -1.1047
6833.1500 4.6347 -1.2937 6833.5500 -2.1705 0.8584 6833.3500 0.2147 0.6683
6834.1000 -0.5069 0.0094 6834.9000 -0.0080 0.0034 6834.4000 0.4977 0.0018
6834.5000 -0.3011 -0.5034 6834.5000 0.2923 -0.4900 6834.5000 0.0042 0.4909
6835.1000 -0.5015 0.0075 6835.9000 -0.0040 -0.0016 6835.4000 0.5016 -0.0054
6835.5000 -0.2998 -0.4934 6835.5000 0.3057 -0.4925 6835.5000 0.0071 0.4947
6836.1500 -4.9902 2.9532 6836.5500 -0.6237 -4.6318 6836.3500 -1.0519 -1.6864
6837.1500 1.1902 1.2205 6837.5500 0.1946 4.7630 6837.3500 0.3399 4.0234
6838.1000 -0.5038 -0.0083 6838.9000 -0.0038 -0.0054 6838.4000 0.5052 -0.0087
6838.5000 -0.2903 -0.5041 6838.5000 0.2950 -0.5001 6838.5000 -0.0039 0.4940
6839.1500 0.0869 -2.6670 6839.5500 4.1262 -4.6607 6839.3500 1.8145 4.8158
6840.1500 2.3951 -1.6563 6840.5500 1.7736 2.5797 6840.3500 1.3826 3.4379
6841.1500 -0.6185 -1.7774 6841.5500 -1.5273 -3.4430 6841.3500 2.2633 -4.6726
6842.1500 -2.7690 2.0871 6842.5500 4.3938 -4.3292 6842.3500 -0.6701 -0.5890
6843.1500 -4.6178 1.6674 6843.5500 -2.1125 3.3977 6843.3500 2.3589 0.4823
6844.1500 0.0679 -1.2634 6844.5500 -0.0098 3.5515 6844.3500 -3.2448 -2.3278
6845.1500 1.0610 1.4105 6845.5500 0.7016 4.6673 6845.3500 4.4843 0.8217
6846.1500 -4.1381 2.3534 6846.5500 -1.9420 3.0696 6846.3500 -3.6193 4.2934
6847.1000 -0.5024 -0.0056 6847.9000 -0.0010 0.0024 6847.4000 0.5080 0.0061
6847.5000 -0.2954 -0.5025 6847.5000 0.3065 -0.4938 6847.5000 0.0064 0.4998
6848.1500 2.3955 -2.1849 6848.5500 -2.5580 -2.2083 6848.3500 -2.2720 -1.9757
6849.1500 -1.7312 -4.5903 6849.5500 -1.8436 -2.1227 6849.3500 3.1771 1.8408
6850.1500 4.0094 1.2138 6850.5500 -2.0721 0.9708 6850.3500 2.9183 1.7423
6851.1500 0.6052 -0.0506 6851.5500 -4.3198 0.8081 6851.3500 1.3295 -1.3984
6852.1500 -4.9736 1.4212 6852.5500 -4.0532 1.7068 6852.3500 -1.2751 -3.2612
6853.1000 -0.4990 0.0041 6853.9000 -0.0037 -0.0042 6853.4000 0.5011 0.0044
6853.5000 -0.3090 -0.5087 6853.5000 0.2975 -0.4903 6853.5000 0.0063 0.4915
6854.1500 -4.6657 -2.2505 6854.5500 -0.4456 2.4571 6854.3500 -4.5358 4.9483
6855.1500 -4.6716 -1.8436 6855.5500 -4.6294 -1.3288 6855.3500 0.1445 -4.9160
6856.1500 -4.0899 0.9266 6856.5500 4.9921 0.9402 6856.3500 -0.0024 3.2725
6857.1500 3.4851 -2.4757 6857.5500 -2.2828 -0.6444 6857.3500 3.3923 4.5765
6858.1500 -3.3511 0.3135 6858.5500 0.1565 0.3920 6858.3500 -4.9945 -1.6416
6859.1500 3.1811 4.3125 6859.5500 -0.8220 -3.8114 6859.3500 -4.0969 4.3654
6860.1500 -1.6648 2.8213 6860.5500 1.1160 -0.7747 6860.3500 -0.9900 3.6079
6861.1500 -1.3203 1.9265 6861.5500 0.4766 -2.3837 6861.3500 3.9810 -2.0026
6862.1500 -1.2428 4.8339 6862.5500 -0.8696 -0.9516 6862.3500 -4.5082 1.8220
6863.1500 -2.1096 3.1753 6863.5500 3.5419 -3.1020 6863.3500 -2.4530 -0.8252
6864.1000 -0.4918 -0.0042 6864.9000 0.0086 -0.0064 6864.4000 0.5060 -0.0100
6864.5000 -0.3032 -0.5014 6864.5000 0.2990 -0.4986 6864.5000 -0.0057 0.5078
6865.1500 -3.2506 2.7779 6865.5500 -2.1143 2.8660 6865.3500 -3.5014 -3.7194
6866.1500 -0.9316 -3.4363 6866.5500 -2.6887 -3.3996 6866.3500 -1.8650 -2.3759
6867.1500 -0.0579 4.1024 6867.5500 -1.3701 -0.3305 6867.3500 -3.1858 -0.6229
6868.1500 -3.7425 1.3829 6868.5500 -4.7028 3.5806 6868.3500 -0.5182 1.2832
6869.1500 -1.6885 0.6572 6869.5500 1.2861 -0.6344 6869.3500 1.5133 -3.6917
6870.1500 -4.8084 2.3394 6870.5500 1.5960 2.8092 6870.3500 -0.8208 0.0778
6871.1500 2.4502 2.9136 6871.5500 -2.3237 2.8659 6871.3500 -2.7833 -4.6668
6872.1500 -1.0244 -2.4011 6872.5500 0.5285 -3.2941 6872.3500 1.8078 1.2318
6873.1500 4.1828 2.5638 6873.5500 3.4410 -4.0747 6873.3500 0.5621 1.7625
6874.1500 -2.4331 -3.8949 6874.5500 -1.7087 3.6126 6874.3500 -2.3629 0.5788
6875.1500 3.1213 -0.3355 6875.5500 3.0000 2.8530 6875.3500 -0.0460 -3.8789
6876.1500 2.3632 0.1980 6876.5500 0.0327 0.2978 6876.3500 -4.8265 0.6180
6877.1500 -4.7276 0.1328 6877.5500 4.3501 -2.1420 6877.3500 3.6083 -0.5447
6878.1000 -0.5036 -0.0003 6878.9000 0.0022 -0.0077 6878.4000 0.5092 0.0079
6878.5000 -0.2913 -0.4937 6878.5000 0.3037 -0.5022 6878.5000 0.0083 0.5040
6879.1500 1.6508 2.7334 6879.5500 -1.0001 3.4180 6879.3500 -0.3330 3.5034
6880.1000 -0.5080 0.0071 6880.9000 0.0022 0.0014 6880.4000 0.4961 -0.0065
6880.5000 -0.2953 -0.5044 6880.5000 0.2948 -0.5017 6880.5000 -0.0001 0.4992
6881.1000 -0.4945 0.0005 6881.9000 0.0057 0.0058 6881.4000 0.4995 -0.0009
6881.5000 -0.2939 -0.5070 6881.5000 0.3003 -0.5063 6881.5000 0.0062 0.5033
6882.1500 1.0786 3.2639 6882.5500 2.8920 -4.1459 6882.3500 -4.2846 -4.5565
6883.1500 0.1195 1.8943 6883.5500 -1.3824 -3.8804 6883.3500 0.2071 2.0850
6884.1500 1.2722 2.5527 6884.5500 -4.3558 -0.1659 6884.3500 3.6069 4.2785
6885.1500 -1.7855 3.8986 6885.5500 -1.1091 1.4370 6885.3500 -3.2403 4.6690
6886.1500 -2.8918 -0.0884 6886.5500 -3.5823 -1.2509 6886.3500 -4.1071 4.0210
6887.1500 0.1381 2.6305 6887.5500 -2.9853 3.2851 6887.3500 -4.3234 -1.6367
6888.1500 -0.2899 -2.1357 6888.5500 3.8796 3.7925 6888.3500 -2.7129 0.3262
6889.1500 -4.1053 3.4691 6889.5500 2.1985 2.7158 6889.3500 -4.9140 -2.8440
6890.1500 4.8320 -2.7859 6890.5500 -1.3556 3.1180 6890.3500 2.6448 -3.1834
6891.1500 0.3703 1.1291 6891.5500 -1.3338 0.8618 6891.3500 1.6496 -2.4046
6892.1500 -2.2882 -4.9893 6892.5500 1.6896 -3.1072 6892.3500 -4.8126 1.4455
6893.1000 -0.4964 -0.0060 6893.9000 -0.0071 -0.0019 6893.4000 0.5054 -0.0065
6893.5000 -0.3008 -0.4979 6893.5000 0.3063 -0.5069 6893.5000 -0.0013 0.5070
6894.1500 -4.6483 -2.8064 6894.5500 3.5753 1.3697 6894.3500 1.4546 -2.4307
6895.1500 1.4899 0.2711 6895.5500 -3.6070 4.8532 6895.3500 1.8498 1.1068
6896.1500 4.9699 -2.1321 6896.5500 -1.7351 3.0203 6896.3500 3.2488 1.1913
6897.1500 1.4012 -2.8708 6897.5500 -4.9620 -2.1199 6897.3500 0.7818 -2.4985
6898.1500 0.0496 -1.2475 6898.5500 2.8433 -2.7470 6898.3500 -1.2673 -1.0867
6899.1500 0.7736 2.1093 6899.5500 -4.6310 2.6048 6899.3500 2.4491 -1.8689
6900.1500 2.5042 2.3739 6900.5500 0.8289 1.6257 6900.3500 4.6669 -0.8179
6901.1500 4.5327 -1.3501 6901.5500 1.6298 2.3230 6901.3500 2.2604 2.5873
6902.1500 -0.0879 2.4125 6902.5500 2.7005 -0.5387 6902.3500 -0.5466 -0.1254
6903.1500 -4.9524 4.5439 6903.5500 -4.9526 -2.2731 6903.3500 0.4991 4.6390
6904.1500 0.7755 -2.7898 6904.5500 2.8955 -4.9700 6904.3500 0.3324 0.9896
6905.1500 0.1240 1.0209 6905.5500 -3.4180 4.4537 6905.3500 3.1119 -0.5907
6906.1500 4.4319 3.7790 6906.5500 3.4176 3.0540 6906.3500 -4.2765 0.8979
6907.1000 -0.4977 0.0034 6907.9000 0.0038 -0.0001 6907.4000 0.5032 -0.0035
6907.5000 -0.2982 -0.4907 6907.5000 0.3040 -0.4973 6907.5000 0.0084 0.5037
6908.1500 -4.5598 2.0258 6908.5500 -2.9653 -2.3250 6908.3500 -3.8832 0.3103
6909.1500 -2.4122 -3.3256 6909.5500 3.1538 -2.3081 6909.3500 3.8299 0.9522
6910.1500 -4.3240 -4.1009 6910.5500 0.8341 0.0668 6910.3500 3.4461 1.0806
6911.1500 2.2108 -2.1785 6911.5500 -3.6826 -1.0765 6911.3500 -1.2618 0.2435
6912.1500 -3.5669 -4.5451 6912.5500 -4.6876 4.7816 6912.3500 0.1236 -4.7733
6913.1500 -1.4788 4.1380 6913.5500 -0.8232 -4.8624 6913.3500 -0.6829 -4.1574
6914.1500 -1.7014 2.3473 6914.5500 -4.1188 -1.9947 6914.3500 -4.3130 -0.4166
6915.1000 -0.4980 -0.0043 6915.9000 -0.0018 0.0039 6915.4000 0.4932 0.0027
6915.5000 -0.2977 -0.5059 6915.5000 0.3072 -0.5063 6915.5000 -0.0069 0.5065
6916.1500 3.6895 1.7973 6916.5500 4.9841 4.1021 6916.3500 1.3104 0.3764
6917.1500 0.2540 -2.9845 6917.5500 -0.4413 -0.3830 6917.3500 1.7685 0.6085
6918.1500 1.9642 -2.3611 6918.5500 2.1421 -3.1283 6918.3500 -2.0470 0.8705
6919.1500 -0.0270 -4.0608 6919.5500 4.7230 3.7689 6919.3500 -0.5687 -1.3885
6920.1500 0.8710 -4.0541 6920.5500 3.7503 0.5701 6920.3500 -4.8813 4.9160
6921.1500 3.8491 -1.7433 6921.5500 -2.0114 -3.6314 6921.3500 4.2231 2.7398
6922.1500 -3.4999 -2.5935 6922.5500 2.0072 0.5515 6922.3500 1.7031 3.5181
6923.1500 4.6624 -4.6712 6923.5500 -4.3456 -4.8623 6923.3500 -1.5214 2.6677
6924.1500 3.6114 0.6337 6924.5500 1.3448 2.6673 6924.3500 -3.6131 3.1114
6925.1500 -2.4516 3.3545 6925.5500 -3.8317 -2.6960 6925.3500 -1.1159 -0.7422
6926.1000 -0.4992 0.0074 6926.9000 0.0099 -0.0058 6926.4000 0.5086 -0.0086
6926.5000 -0.2964 -0.5035 6926.5000 0.2966 -0.4999 6926.5000 -0.0005 0.4908
6927.1500 0.6493 4.2962 6927.5500 3.5441 -1.2061 6927.3500 -0.2920 -2.9674
6928.1500 2.9962 -0.9476 6928.5500 -3.6265 -1.0994 6928.3500 4.9008 -3.9549
6929.1500 3.8985 -0.5518 6929.5500 4.0883 4.1498 6929.3500 2.4520 3.9323
6930.1500 -0.3324 -4.5171 6930.5500 0.8594 -4.0738 6930.3500 -2.1779 0.1403
6931.1500 4.4219 -0.8176 6931.5500 0.7313 0.2455 6931.3500 -2.8384 2.7281
6932.1500 1.0934 0.5755 6932.5500 3.9694 4.0321 6932.3500 -0.5972 -1.8738
6933.1500 3.1824 2.6244 6933.5500 -4.1546 -0.4143 6933.3500 -4.9403 -1.8879
6934.1500 3.4385 3.0332 6934.5500 1.9877 -1.0484 6934.3500 -2.3095 0.6239
6935.1500 4.6536 -2.2358 6935.5500 4.2903 4.9114 6935.3500 -3.8655 4.5841
6936.1500 -1.3685 1.0353 6936.5500 -0.1589 -3.9235 6936.3500 3.4597 3.0574
6937.1500 -4.7248 4.1822 6937.5500 3.0540 4.0105 6937.3500 -2.0653 0.1330
6938.1500 3.6220 -4.5663 6938.5500 -3.0830 0.6362 6938.3500 -2.5700 2.8410
6939.1500 0.3628 4.1555 6939.5500 0.3172 2.3845 6939.3500 1.7160 -0.7598
6940.1500 -3.8684 3.3188 6940.5500 -2.2347 -1.8933 6940.3500 -0.3364 -4.0657
6941.1500 2.6583 3.3489 6941.5500 0.0139 0.8755 6941.3500 -1.0542 3.7864
6942.1500 -1.1681 -4.3669 6942.5500 0.6408 -0.7593 6942.3500 -4.9281 1.5246
6943.1500 2.5642 -2.4972 6943.5500 2.1327 -2.4147 6943.3500 -2.3761 1.4228
6944.1500 1.8343 1.9167 6944.5500 -4.4590 -4.1871 6944.3500 4.7694 -4.7031
6945.1500 -0.5986 -3.1975 6945.5500 -2.1519 4.2000 6945.3500 3.4067 2.2242
6946.1000 -0.4958 0.0087 6946.9000 0.0053 0.0073 6946.4000 0.4912 -0.0075
6946.5000 -0.2909 -0.5041 6946.5000 0.3061 -0.5020 6946.5000 0.0086 0.4973
6947.1500 -3.7482 -1.1272 6947.5500 1.0885 -2.5580 6947.3500 4.6098 2.0583
6948.1500 -0.6865 1.6699 6948.5500 0.7048 3.5269 6948.3500 -2.9833 -3.7756
6949.1500 -2.7349 1.9194 6949.5500 3.5120 2.7365 6949.3500 1.3738 2.3267
6950.1500 -1.5805 -0.2059 6950.5500 -0.1961 -2.5500 6950.3500 0.0987 -4.6275
6951.1500 -4.0793 -3.5627 6951.5500 -4.7209 4.4516 6951.3500 0.5549 4.5241
6952.1500 -4.7953 -0.3252 6952.5500 -4.4860 1.4203 6952.3500 1.4776 -4.7678
6953.1500 -3.5533 -1.2985 6953.5500 -2.5842 4.8117 6953.3500 -0.4013 -2.5198
6954.1500 -0.6288 4.3526 6954.5500 1.1294 -0.0455 6954.3500 -4.5108 -0.1801
6955.1500 3.2244 -0.5881 6955.5500 3.4987 -2.1332 6955.3500 -2.8262 1.5405
6956.1500 -1.2919 3.8729 6956.5500 3.0304 -3.7859 6956.3500 -2.3267 0.6502
6957.1500 4.3980 -2.2617 6957.5500 -2.6389 4.7675 6957.3500 -0.5999 -1.9892
6958.1500 -3.2722 -3.5779 6958.5500 -4.3732 -4.4864 6958.3500 4.3267 0.2356
6959.1500 3.9014 -4.7871 6959.5500 -4.0700 2.2266 6959.3500 0.1730 3.8231
6960.1500 -0.3471 0.8506 6960.5500 -2.7501 -3.3986 6960.3500 2.6962 0.9086
6961.1500 -0.0669 -0.6202 6961.5500 -4.6995 -4.0250 6961.3500 -4.5377 -4.4334
6962.1000 -0.5095 0.0088 6962.9000 -0.0026 -0.0095 6962.4000 0.4900 0.0015
6962.5000 -0.2951 -0.5083 6962.5000 0.2977 -0.5033 6962.5000 -0.0069 0.4990
6963.1000 -0.4923 -0.0084 6963.9000 0.0032 -0.0064 6963.4000 0.4968 -0.0094
6963.5000 -0.3006 -0.4952 6963.5000 0.3016 -0.5057 6963.5000 -0.0050 0.4927
6964.1500 4.8346 -2.4661 6964.5500 -1.9401 4.3459 6964.3500 -1.4562 3.0040
6965.1500 0.5709 -0.5740 6965.5500 -2.2926 4.1177 6965.3500 -2.1881 -3.8366
6966.1500 3.4012 -2.6531 6966.5500 2.8015 -1.5672 6966.3500 -0.4802 4.3705
6967.1500 0.2567 2.4337 6967.5500 4.5668 -1.0789 6967.3500 3.2386 -3.9331
6968.1500 -3.0361 4.6960 6968.5500 2.5765 1.5695 6968.3500 -1.9704 1.2146
6969.1500 2.6427 2.0597 6969.5500 -0.7537 4.2583 6969.3500 -3.4966 -1.4311
6970.1500 -1.1883 -4.0286 6970.5500 4.4446 2.9819 6970.3500 4.8864 0.1229
6971.1500 -2.1785 -0.7990 6971.5500 -3.5760 -0.2723 6971.3500 -1.6509 0.7751
6972.1500 0.8823 -1.4946 6972.5500 -3.7812 3.4484 6972.3500 -0.3644 -0.8316
6973.1000 -0.5036 0.0058 6973.9000 0.0032 -0.0083 6973.4000 0.5027 0.0087
6973.5000 -0.3069 -0.5067 6973.5000 0.3081 -0.5014 6973.5000 0.0070 0.4946
6974.1500 4.2312 -4.9189 6974.5500 2.6783 -2.7056 6974.3500 2.2349 -0.5497
6975.1500 -3.6175 0.0642 6975.5500 -4.2143 0.5207 6975.3500 3.3092 -4.0473
6976.1000 -0.5005 0.0064 6976.9000 -0.0068 0.0002 6976.4000 0.4943 -0.0074
6976.5000 -0.2989 -0.4986 6976.5000 0.2954 -0.5044 6976.5000 0.0091 0.4944
6977.1500 1.7742 -1.6232 6977.5500 0.9759 1.0439 6977.3500 1.8778 1.4205
6978.1500 -1.6376 -0.1898 6978.5500 3.2063 3.7400 6978.3500 -3.7234 -3.6274
6979.1500 -1.3647 2.6949 6979.5500 -2.8731 3.8402 6979.3500 -4.8819 -1.7334
6980.1500 -0.2258 -4.2519 6980.5500 4.1465 -0.4838 6980.3500 -1.0458 -4.0876
6981.1500 -0.6385 -0.4882 6981.5500 -2.5659 -0.5326 6981.3500 -0.9936 -4.8236
6982.1500 0.3894 0.8590 6982.5500 -2.1713 -4.6676 6982.3500 -2.5890 -2.4762
6983.1000 -0.4970 -0.0013 6983.9000 -0.0047 0.0032 6983.4000 0.5047 0.0033
6983.5000 -0.2909 -0.4975 6983.5000 0.2994 -0.4930 6983.5000 -0.0030 0.5002
6984.1000 -0.5055 0.0059 6984.9000 0.0018 -0.0080 6984.4000 0.5078 0.0078
6984.5000 -0.3056 -0.5064 6984.5000 0.2954 -0.4942 6984.5000 0.0075 0.4968
6985.1000 -0.5015 -0.0003 6985.9000 0.0059 0.0018 6985.4000 0.4960 0.0021
6985.5000 -0.3007 -0.5031 6985.5000 0.3092 -0.4922 6985.5000 -0.0041 0.5046
6986.1500 -4.4355 -2.1178 6986.5500 4.8506 -4.9623 6986.3500 4.2750 1.8421
6987.1500 -1.5177 -4.0164 6987.5500 -1.0139 0.7450 6987.3500 1.1129 1.8000
6988.1500 1.9965 -4.9308 6988.5500 0.9497 -4.1255 6988.3500 -2.0258 -1.3670
6989.1500 -0.8061 0.0490 6989.5500 4.9902 -4.9543 6989.3500 -1.7036 -4.3577
6990.1500 -2.0991 2.2857 6990.5500 1.1990 -3.1881 6990.3500 1.5757 1.4207
6991.1000 -0.4968 0.0021 6991.9000 0.0029 0.0071 6991.4000 0.4975 0.0060
6991.5000 -0.2942 -0.5032 6991.5000 0.2981 -0.4949 6991.5000 0.0031 0.5006
6992.1000 -0.4941 -0.0084 6992.9000 0.0042 -0.0002 6992.4000 0.4970 0.0082
6992.5000 -0.3085 -0.4960 6992.5000 0.3035 -0.5002 6992.5000 0.0093 0.4938
6993.1500 -1.5822 3.7976 6993.5500 -3.8964 1.1312 6993.3500 -1.1101 -3.8202
6994.1500 2.0540 -4.7702 6994.5500 -1.3661 2.5145 6994.3500 -1.1611 -3.2476
6995.1500 3.1662 3.3919 6995.5500 2.6604 0.4388 6995.3500 -1.8465 -4.6030
6996.1500 3.6164 2.3851 6996.5500 2.7090 1.2199 6996.3500 2.4981 -4.9287
6997.1000 -0.5088 0.0010 6997.9000 0.0020 -0.0084 6997.4000 0.5090 -0.0075
6997.5000 -0.3022 -0.5008 6997.5000 0.3008 -0.4916 6997.5000 0.0010 0.5042
6998.1500 -2.0365 -3.3767 6998.5500 -0.6110 -4.5542 6998.3500 -2.1715 -1.7034
6999.1500 -0.6829 -4.6193 6999.5500 -1.5389 -4.0754 6999.3500 -0.5053 -3.1165
7000.1500 0.8942 3.5858 7000.5500 -2.5599 4.6014 7000.3500 -0.1060 -4.2186
7001.1500 -0.8635 -1.0887 7001.5500 1.0530 -3.0018 7001.3500 3.1352 -4.5817
7002.1500 4.2590 -0.0906 7002.5500 1.6155 -3.8825 7002.3500 2.3060 3.3658
7003.1500 -0.7126 -0.6311 7003.5500 -1.3517 3.8295 7003.3500 -2.2539 2.7281
7004.1500 1.0252 0.6589 7004.5500 -3.9714 2.6488 7004.3500 2.9189 -0.4615
7005.1000 -0.4977 0.0066 7005.9000 -0.0007 0.0047 7005.4000 0.5075 0.0097
7005.5000 -0.2999 -0.4951 7005.5000 0.2923 -0.4960 7005.5000 0.0011 0.4988
7006.1500 2.4346 -1.4477 7006.5500 -2.8605 0.5783 7006.3500 -0.6913 -2.6498
7007.1500 1.5850 -3.6408 7007.5500 0.5650 -2.1710 7007.3500 -3.2392 2.1565
7008.1500 -0.6563 4.0169 7008.5500 0.5540 0.8041 7008.3500 0.2958 4.1822
7009.1500 -1.2794 -2.5426 7009.5500 -1.3598 0.2544 7009.3500 2.5355 1.1797
7010.1000 -0.5036 0.0022 7010.9000 -0.0040 -0.0034 7010.4000 0.4968 -0.0026
7010.5000 -0.2925 -0.5053 7010.5000 0.3067 -0.5061 7010.5000 0.0065 0.4907
7011.1500 -2.3906 -3.6750 7011.5500 4.5841 -2.9284 7011.3500 -3.5096 4.9485
7012.1500 -2.0395 -4.4721 7012.5500 1.4197 3.6669 7012.3500 -0.0237 3.9962
7013.1500 -1.8815 3.4371 7013.5500 -1.7500 4.7039 7013.3500 -3.1890 -4.7322
7014.1500 -0.5925 -4.9232 7014.5500 1.2081 -4.7171 7014.3500 2.4136 -4.4084
7015.1000 -0.5015 -0.0076 7015.9000 0.0047 0.0021 7015.4000 0.4911 0.0052
7015.5000 -0.3065 -0.5052 7015.5000 0.2944 -0.4971 7015.5000 0.0008 0.4930
7016.1500 -2.1818 -0.5863 7016.5500 1.5650 -0.6575 7016.3500 4.0697 -1.3999
7017.1500 -2.7196 -3.4956 7017.5500 2.5334 -4.8881 7017.3500 0.7615 -0.3523
7018.1500 3.2015 -2.3495 7018.5500 -0.4376 -0.9510 7018.3500 -2.4287 3.6658
7019.1500 2.5027 -4.3938 7019.5500 4.1531 -2.3968 7019.3500 -3.7408 -4.7740
7020.1500 -4.8925 4.4878 7020.5500 -1.4708 3.0008 7020.3500 -4.5618 -0.8881
7021.1000 -0.4916 -0.0024 7021.9000 0.0029 0.0025 7021.4000 0.5024 -0.0094
7021.5000 -0.2979 -0.4970 7021.5000 0.2920 -0.5079 7021.5000 0.0020 0.5100
7022.1500 -1.7027 -3.7048 7022.5500 0.4591 -4.4660 7022.3500 -2.1616 1.7607
7023.1500 1.1894 1.5195 7023.5500 -1.0499 3.5581 7023.3500 -0.1102 0.4742
7024.1500 1.7064 1.8721 7024.5500 0.1409 2.1013 7024.3500 4.1526 -4.6628
7025.1500 -2.5834 -3.2968 7025.5500 0.1399 4.8636 7025.3500 -0.6283 0.4664
7026.1500 -2.2386 -1.9757 7026.5500 -4.6286 3.2271 7026.3500 1.9459 -4.1581
7027.1500 -4.7058 3.5386 7027.5500 1.0394 -1.7169 7027.3500 -2.8292 -1.0099
7028.1500 -1.3516 1.8028 7028.5500 0.2154 -3.2264 7028.3500 -1.7644 0.8858
7029.1500 1.6738 -0.8404 7029.5500 -2.2594 0.2518 7029.3500 -0.8078 3.2814
7030.1500 4.1403 4.1140 7030.5500 3.7920 2.4867 7030.3500 2.4721 3.5080
7031.1500 3.9714 -3.3751 7031.5500 1.5957 -0.0518 7031.3500 3.9833 -3.2993
7032.1500 0.5386 2.1626 7032.5500 3.7974 4.6493 7032.3500 2.4563 1.8395
7033.1500 0.5839 -2.2892 7033.5500 -2.6567 0.0014 7033.3500 -1.8207 -0.0267
7034.1500 -1.2177 -3.2796 7034.5500 2.5721 -1.2702 7034.3500 -2.9984 -1.6153
7035.1500 2.8129 4.1092 7035.5500 3.7811 1.5839 7035.3500 -3.3419 2.0891
7036.1500 -4.4619 -0.3500 7036.5500 1.1444 -1.4120 7036.3500 3.9187 4.4517
7037.1000 -0.4951 0.0044 7037.9000 0.0070 0.0042 7037.4000 0.4914 0.0031
7037.5000 -0.2995 -0.4937 7037.5000 0.2902 -0.5011 7037.5000 0.0052 0.4947
7038.1500 -2.4951 -3.4212 7038.5500 1.2927 -4.4794 7038.3500 -1.2616 4.4006
7039.1500 -0.0862 4.6362 7039.5500 0.3727 -2.3676 7039.3500 -2.1967 -1.6450
7040.1500 1.1781 -2.4389 7040.5500 1.4360 -4.7782 7040.3500 0.7430 -0.0388
7041.1500 -1.8026 4.0270 7041.5500 1.0515 -4.6802 7041.3500 3.4503 -0.1548
7042.1000 -0.4967 0.0002 7042.9000 -0.0030 0.0058 7042.4000 0.5054 -0.0059
7042.5000 -0.3080 -0.5053 7042.5000 0.3084 -0.5076 7042.5000 -0.0047 0.4961
7043.1000 -0.4941 -0.0068 7043.9000 -0.0051 0.0095 7043.4000 0.5032 -0.0036
7043.5000 -0.2967 -0.4996 7043.5000 0.2916 -0.5027 7043.5000 -0.0093 0.4999
7044.1500 -0.4233 2.1308 7044.5500 2.9936 -0.6456 7044.3500 -2.5727 -1.8502
7045.1500 -0.7303 -2.1983 7045.5500 -2.3440 -4.1105 7045.3500 -4.6605 4.1871
7046.1500 1.2765 -2.4584 7046.5500 -3.5989 -2.1781 7046.3500 2.3362 -0.1136
7047.1500 4.6918 -0.8981 7047.5500 0.1611 0.7317 7047.3500 0.6500 0.9402
7048.1500 -0.7770 1.2777 7048.5500 1.9729 -3.6621 7048.3500 -1.6665 3.5570
7049.1500 -3.0749 0.0689 7049.5500 0.9104 -0.8437 7049.3500 -1.0289 2.6960
7050.1500 -4.4789 -1.5527 7050.5500 -1.4269 -4.7801 7050.3500 -4.3071 4.4646
7051.1500 1.4004 -4.8868 7051.5500 1.9216 1.1363 7051.3500 -2.0229 -4.5092
7052.1500 -1.4294 -4.4920 7052.5500 1.2973 -0.9372 7052.3500 3.8336 -2.4214
7053.1500 -0.8096 4.1262 7053.5500 -4.0827 -1.5573 7053.3500 0.4669 -4.2296
7054.1500 -0.1604 3.0669 7054.5500 4.6265 0.4468 7054.3500 3.2539 -0.3572
7055.1500 2.7896 0.5243 7055.5500 0.2782 4.5568 7055.3500 3.3143 2.6271
7056.1500 3.3110 1.5973 7056.5500 -2.7585 1.9499 7056.3500 -1.1390 -3.4390
7057.1000 -0.4949 0.0071 7057.9000 0.0058 0.0041 7057.4000 0.5010 0.0007
7057.5000 -0.3041 -0.4959 7057.5000 0.2988 -0.4909 7057.5000 -0.0086 0.4993
7058.1500 -2.1570 4.9516 7058.5500 0.0627 0.8111 7058.3500 -3.3672 -3.7432
7059.1500 -2.5005 1.9696 7059.5500 -0.0709 2.6593 7059.3500 4.6503 -2.0787
7060.1500 -1.0269 2.7427 7060.5500 2.6868 4.7944 7060.3500 -4.0253 4.2769
7061.1500 -4.3056 -2.8558 7061.5500 -2.8730 -4.4402 7061.3500 -3.1276 2.4054
7062.1500 4.0658 0.7186 7062.5500 1.2139 -3.7739 7062.3500 -0.6572 -0.2717
7063.1500 -0.1255 1.5938 7063.5500 -4.8752 -3.2385 7063.3500 4.8603 -2.4144
7064.1000 -0.5067 0.0078 7064.9000 -0.0094 -0.0047 7064.4000 0.5070 -0.0072
7064.5000 -0.3056 -0.5084 7064.5000 0.2974 -0.4996 7064.5000 -0.0012 0.4952
7065.1500 -1.8374 -4.7914 7065.5500 2.6109 -4.0076 7065.3500 3.8263 2.0108
7066.1500 -2.6058 2.8647 7066.5500 -4.8955 1.9101 7066.3500 -0.8115 -1.7735
7067.1500 -4.3812 -3.3881 7067.5500 -2.8667 -2.1538 7067.3500 -3.6487 -3.1533
7068.1500 3.1616 -4.0109 7068.5500 -2.9071 0.6408 7068.3500 2.6081 -0.9656
7069.1500 -2.2864 -1.3099 7069.5500 -4.8943 -0.1154 7069.3500 -2.5696 2.0383
7070.1500 -2.3379 3.4766 7070.5500 -3.0245 -4.6499 7070.3500 -2.2450 0.4742
7071.1000 -0.4919 -0.0038 7071.9000 0.0006 0.0091 7071.4000 0.5001 0.0043
7071.5000 -0.3076 -0.5028 7071.5000 0.3027 -0.4992 7071.5000 0.0096 0.5092
7072.1500 1.5194 -4.3428 7072.5500 -3.1958 0.2092 7072.3500 -3.0998 -1.6609
7073.1500 3.9023 2.9704 7073.5500 2.5966 -1.2925 7073.3500 -1.0932 -2.8067
7074.1500 2.4835 0.7918 7074.5500 1.7389 -4.6569 7074.3500 3.3546 -1.1811
7075.1500 2.6354 -0.9305 7075.5500 -1.3740 -0.9630 7075.3500 0.3353 -3.1816
7076.1500 -1.8994 3.8054 7076.5500 -2.4978 -1.1302 7076.3500 3.9507 3.1276
7077.1500 0.7447 1.1950 7077.5500 -1.2127 0.2242 7077.3500 1.3952 4.4626
7078.1000 -0.5069 0.0007 7078.9000 0.0057 -0.0025 7078.4000 0.4920 -0.0003
7078.5000 -0.3060 -0.4925 7078.5000 0.3002 -0.5074 7078.5000 0.0029 0.5033
7079.1500 -2.3755 -4.3770 7079.5500 1.1643 -0.6073 7079.3500 3.0827 -2.4462
7080.1000 -0.5076 0.0032 7080.9000 -0.0015 0.0069 7080.4000 0.5057 -0.0080
7080.5000 -0.3051 -0.4977 7080.5000 0.2950 -0.5053 7080.5000 -0.0029 0.4964
7081.1500 -3.8806 1.7106 7081.5500 2.8995 -2.0214 7081.3500 -0.1053 3.1878
7082.1000 -0.4969 0.0039 7082.9000 -0.0034 0.0038 7082.4000 0.5024 -0.0028
7082.5000 -0.3009 -0.4921 7082.5000 0.2959 -0.4948 7082.5000 -0.0017 0.4933
7083.1500 -3.7906 3.4858 7083.5500 -1.5693 0.0548 7083.3500 -0.3747 4.3287
7084.1500 3.9256 -2.3116 7084.5500 -3.4411 2.5650 7084.3500 -0.7723 -4.6002
7085.1500 4.2402 -0.1921 7085.5500 -3.5820 0.1380 7085.3500 -3.1478 3.6350
7086.1500 1.1795 2.0888 7086.5500 -1.4650 -1.7216 7086.3500 -1.7947 -4.5852
7087.1500 0.1939 -4.5086 7087.5500 0.8995 -1.0966 7087.3500 -0.6799 -3.7892
7088.1500 4.6500 -1.3024 7088.5500 -4.6887 4.5176 7088.3500 -2.8904 3.5485
7089.1500 2.8624 -4.8612 7089.5500 -2.2509 1.7344 7089.3500 3.2115 0.2882
7090.1500 3.2532 1.5154 7090.5500 2.2061 -1.3553 7090.3500 2.0929 -2.0812
7091.1000 -0.5010 0.0093 7091.9000 -0.0049 -0.0017 7091.4000 0.5033 0.0056
7091.5000 -0.3095 -0.5098 7091.5000 0.3095 -0.5083 7091.5000 0.0006 0.4937
7092.1500 1.1340 0.6034 7092.5500 -2.3054 -0.5445 7092.3500 3.6838 0.0794
7093.1500 -0.3057 1.8171 7093.5500 -2.4072 1.5359 7093.3500 1.3901 2.3477
7094.1500 -0.9676 1.0356 7094.5500 -3.5038 0.6040 7094.3500 -1.1437 4.1719
7095.1500 -1.3929 2.9677 7095.5500 -3.7235 -4.0578 7095.3500 0.1536 -2.0575
7096.1500 -4.5583 0.5034 7096.5500 -1.6188 -4.0949 7096.3500 4.4569 -3.0392
7097.1500 -1.3991 -0.5130 7097.5500 4.3972 3.8780 7097.3500 1.8930 0.6306
7098.1500 -3.8734 2.0808 7098.5500 -3.8310 3.7568 7098.3500 -1.6648 -1.9262
7099.1500 -1.0664 0.9056 7099.5500 1.2997 4.1076 7099.3500 3.2018 3.8655
7100.1500 3.8656 -2.5231 7100.5500 -3.6161 3.7413 7100.3500 -3.4965 3.7932
7101.1000 -0.4935 -0.0003 7101.9000 0.0053 -0.0054 7101.4000 0.4901 -0.0021
7101.5000 -0.3050 -0.4901 7101.5000 0.2997 -0.5071 7101.5000 -0.0017 0.4932
7102.1500 0.6750 3.4711 7102.5500 -2.2122 -0.4725 7102.3500 -4.9908 3.2399
7103.1500 1.6807 -3.6066 7103.5500 1.2175 -1.9182 7103.3500 1.9734 3.6743
7104.1000 -0.4922 -0.0032 7104.9000 -0.0044 -0.0081 7104.4000 0.4930 -0.0094
7104.5000 -0.3019 -0.4929 7104.5000 0.2938 -0.5092 7104.5000 -0.0058 0.4943
7105.1500 4.2006 3.5412 7105.5500 -2.5839 -1.9919 7105.3500 1.9814 -4.5555
7106.1500 -4.5624 -0.9852 7106.5500 3.8327 4.9961 7106.3500 -0.6187 -4.1605
7107.1000 -0.5073 0.0008 7107.9000 0.0026 -0.0017 7107.4000 0.4924 -0.0033
7107.5000 -0.2923 -0.4992 7107.5000 0.3039 -0.4978 7107.5000 -0.0035 0.4963
7108.1500 -2.6778 -0.2182 7108.5500 -3.7890 4.1546 7108.3500 0.8572 2.3711
7109.1500 2.5538 2.9533 7109.5500 -1.9925 -1.8628 7109.3500 -3.8049 4.8381
7110.1500 -1.5260 3.6223 7110.5500 1.2176 2.0181 7110.3500 -0.3334 0.1903
7111.1500 -4.7129 0.2211 7111.5500 1.6736 1.4005 7111.3500 -2.9607 4.3849
7112.1500 -2.2134 2.0070 7112.5500 -0.2575 -2.5524 7112.3500 2.9961 3.1928
7113.1500 4.5222 -2.6908 7113.5500 1.6215 0.6169 7113.3500 -4.1701 3.0287
7114.1500 -2.9142 3.8926 7114.5500 1.8812 -0.9865 7114.3500 -0.8458 -0.1800
7115.1500 1.5180 -0.7552 7115.5500 -4.7034 -4.0999 7115.3500 3.7019 -0.8399
7116.1500 -1.3648 -1.9317 7116.5500 3.0062 -0.0425 7116.3500 -1.1012 1.4457
7117.1500 -2.8285 0.3824 7117.5500 -0.8132 3.8169 7117.3500 2.7765 3.3968
7118.1500 -3.7743 2.4350 7118.5500 -0.7003 3.1074 7118.3500 1.9851 -3.2620
7119.1500 3.0333 -4.5180 7119.5500 -2.2242 -1.8812 7119.3500 -1.6754 -1.5210
7120.1000 -0.5052 0.0035 7120.9000 -0.0030 0.0092 7120.4000 0.4966 -0.0022
7120.5000 -0.3080 -0.5010 7120.5000 0.3074 -0.4986 7120.5000 0.0060 0.5039
7121.1000 -0.4987 0.0006 7121.9000 0.0017 0.0005 7121.4000 0.5033 0.0025
7121.5000 -0.2984 -0.4915 7121.5000 0.2993 -0.4913 7121.5000 -0.0056 0.5093
7122.1500 -4.3077 -2.2823 7122.5500 -0.8185 -2.7288 7122.3500 -3.9964 4.8624
7123.1500 1.3588 -4.4128 7123.5500 4.4921 -2.4656 7123.3500 4.9234 3.9253
7124.1500 -1.2445 -0.3197 7124.5500 -3.1028 -3.9792 7124.3500 -4.4424 4.6005
7125.1500 -2.9349 -2.0991 7125.5500 4.2516 -0.7439 7125.3500 -1.3633 -0.7040
7126.1500 -2.2914 0.8463 7126.5500 -0.2155 3.5212 7126.3500 -2.8817 4.9340
7127.1500 -2.8273 2.4793 7127.5500 3.6706 1.7946 7127.3500 -4.1858 -2.1099
7128.1000 -0.4907 0.0099 7128.9000 0.0039 -0.0048 7128.4000 0.4959 0.0076
7128.5000 -0.2978 -0.5070 7128.5000 0.2905 -0.5038 7128.5000 -0.0084 0.5092
7129.1500 -0.2767 4.0879 7129.5500 4.2318 -2.6285 7129.3500 -1.8253 4.6880
7130.1500 4.9574 -2.0779 7130.5500 1.2920 -2.9475 7130.3500 -0.7389 -2.8926
7131.1000 -0.4973 -0.0098 7131.9000 -0.0089 0.0082 7131.4000 0.4940 0.0036
7131.5000 -0.3087 -0.4905 7131.5000 0.2972 -0.4985 7131.5000 0.0064 0.5051
7132.1500 3.0336 -3.1176 7132.5500 -1.1297 -4.5206 7132.3500 -1.2233 -3.3664
7133.1500 -3.8952 4.0851 7133.5500 -3.4902 -2.2808 7133.3500 -3.3949 -4.2523
7134.1500 -0.5452 -2.8169 7134.5500 0.1039 -3.5046 7134.3500 2.0249 -2.1095
7135.1500 0.2651 -0.2022 7135.5500 0.6849 4.5718 7135.3500 -3.6520 4.7086
7136.1500 3.5974 -3.8733 7136.5500 0.7248 3.2602 7136.3500 -3.9116 -1.7609
7137.1500 -0.7256 4.1988 7137.5500 -4.6621 2.6746 7137.3500 -2.5428 3.9553
7138.1500 0.2157 -3.3948 7138.5500 -4.6474 3.8910 7138.3500 -2.0048 -2.3202
7139.1000 -0.5032 0.0082 7139.9000 -0.0010 -0.0014 7139.4000 0.5018 -0.0081
7139.5000 -0.3009 -0.4923 7139.5000 0.2983 -0.5016 7139.5000 -0.0093 0.5004
7140.1500 3.7182 2.0905 7140.5500 4.4984 0.1814 7140.3500 -4.9795 -1.0932
7141.1500 2.1133 3.0292 7141.5500 -1.8045 2.9693 7141.3500 4.9186 -2.1968
7142.1500 0.3451 -1.4756 7142.5500 -0.2495 -0.4513 7142.3500 -0.0033 2.4580
7143.1500 -2.2351 -2.6742 7143.5500 3.2951 -0.7689 7143.3500 -2.7715 4.0212
7144.1500 1.6964 3.6105 7144.5500 3.3707 -1.8067 7144.3500 3.1636 4.5727
7145.1500 2.8844 -0.0647 7145.5500 -1.4793 0.9996 7145.3500 0.4686 -1.3163
7146.1500 -3.9925 0.9086 7146.5500 -0.8265 3.9276 7146.3500 0.3318 3.9449
7147.1500 -2.4049 -2.5337 7147.5500 -0.1355 -4.7662 7147.3500 -4.3528 2.4212
7148.1500 3.9923 0.3501 7148.5500 4.0208 1.2197 7148.3500 3.4674 3.9993
7149.1500 -1.9602 -2.2357 7149.5500 0.9672 0.3234 7149.3500 -1.9712 -0.9638
7150.1500 -3.4821 1.8001 7150.5500 2.2106 4.2441 7150.3500 -0.9145 -0.1847
7151.1500 -1.2161 0.6262 7151.5500 -0.1426 -2.6590 7151.3500 0.1887 0.0922
7152.1000 -0.5070 0.0011 7152.9000 -0.0012 -0.0069 7152.4000 0.4947 -0.0049
7152.5000 -0.3059 -0.4935 7152.5000 0.2905 -0.5089 7152.5000 -0.0098 0.4962
7153.1500 -1.7650 3.6389 7153.5500 -1.7763 -3.6867 7153.3500 4.4603 -2.7281
7154.1500 2.9175 -1.0908 7154.5500 4.3476 -3.1340 7154.3500 -4.0303 -0.8895
7155.1500 -3.4782 -1.5115 7155.5500 0.8026 -2.9914 7155.3500 -3.4657 3.7178
7156.1000 -0.5051 0.0031 7156.9000 0.0070 0.0030 7156.4000 0.4920 0.0058
7156.5000 -0.2921 -0.4907 7156.5000 0.2943 -0.5033 7156.5000 -0.0082 0.4979
7157.1000 -0.4907 0.0082 7157.9000 0.0088 -0.0042 7157.4000 0.4907 -0.0032
7157.5000 -0.2975 -0.4922 7157.5000 0.3023 -0.5014 7157.5000 -0.0019 0.4998
7158.1000 -0.5077 -0.0020 7158.9000 0.0023 0.0052 7158.4000 0.4945 -0.0031
7158.5000 -0.3045 -0.4912 7158.5000 0.3077 -0.4908 7158.5000 -0.0058 0.5021
7159.1500 -0.2577 3.9244 7159.5500 2.3753 -1.7310 7159.3500 -1.9788 -1.4033
7160.1500 -4.1277 -4.0318 7160.5500 0.3970 4.2024 7160.3500 -2.4296 -4.0596
7161.1500 -1.9246 -3.2368 7161.5500 4.3489 0.5244 7161.3500 2.0709 -3.5255
7162.1500 -2.7673 -0.5289 7162.5500 -0.5517 1.9802 7162.3500 -2.0266 2.9248
7163.1500 -1.3403 2.3059 7163.5500 -3.9414 -2.5814 7163.3500 -4.5417 -3.1892
7164.1500 -4.8790 -0.6000 7164.5500 2.2006 -2.7161 7164.3500 1.0159 1.4886
7165.1500 -1.4284 2.6692 7165.5500 0.3485 4.5170 7165.3500 -0.0228 4.5573
7166.1500 -0.4946 4.4501 7166.5500 -1.0213 4.0910 7166.3500 1.8846 -4.6542
7167.1500 0.3108 4.7595 7167.5500 -4.5772 0.2779 7167.3500 -1.7341 -3.8704
7168.1500 0.3079 0.0651 7168.5500 1.1898 -0.5079 7168.3500 -2.2110 4.5714
7169.1500 -2.8091 1.5195 7169.5500 2.0093 4.8947 7169.3500 0.4345 -3.1511
7170.1500 -1.2844 -1.5379 7170.5500 -0.4182 -0.3743 7170.3500 -1.1043 -2.3728
7171.1500 -4.9396 4.7184 7171.5500 4.7060 0.9165 7171.3500 -4.6432 4.3207
7172.1500 1.6736 0.7574 7172.5500 -0.1336 3.2988 7172.3500 -4.8189 4.0995
7173.1000 -0.5035 0.0077 7173.9000 -0.0047 -0.0057 7173.4000 0.5011 0.0026
7173.5000 -0.3014 -0.5016 7173.5000 0.2913 -0.4908 7173.5000 -0.0005 0.5039
7174.1000 -0.5049 0.0037 7174.9000 -0.0096 -0.0061 7174.4000 0.4945 0.0064
7174.5000 -0.2931 -0.4940 7174.5000 0.2978 -0.5046 7174.5000 0.0001 0.5095
7175.1500 -4.2183 -4.8496 7175.5500 -3.1580 -1.0852 7175.3500 0.8748 1.7477
7176.1500 -1.1342 -0.9439 7176.5500 4.1370 2.8540 7176.3500 3.4837 4.8283
7177.1000 -0.4903 0.0064 7177.9000 0.0071 -0.0064 7177.4000 0.4916 -0.0011
7177.5000 -0.3007 -0.5085 7177.5000 0.3030 -0.5009 7177.5000 0.0035 0.5033
7178.1500 -2.5905 -4.9834 7178.5500 -0.5218 4.7009 7178.3500 -3.7052 3.5165
7179.1500 -0.2908 2.7390 7179.5500 0.6662 3.8915 7179.3500 -3.3088 -0.2612
7180.1500 4.9115 -4.9631 7180.5500 -2.3943 3.8608 7180.3500 1.8319 -0.4847
7181.1500 2.2105 -3.9734 7181.5500 3.2825 -4.0064 7181.3500 -4.3448 -4.5589
7182.1500 3.8839 1.1211 7182.5500 -1.4153 3.8139 7182.3500 0.8622 3.0933
7183.1000 -0.5046 0.0081 7183.9000 0.0066 0.0072 7183.4000 0.4935 -0.0033
7183.5000 -0.2981 -0.5025 7183.5000 0.2981 -0.4933 7183.5000 -0.0061 0.5004
7184.1500 3.8382 0.4660 7184.5500 2.1294 2.0259 7184.3500 -4.0156 1.2597
7185.1500 -3.3679 -0.1979 7185.5500 2.2748 3.6310 7185.3500 -4.9069 3.1934
7186.1500 2.3248 2.1775 7186.5500 -1.2540 -4.8914 7186.3500 2.4112 2.1939
7187.1500 -0.4639 -1.3326 7187.5500 -4.5865 -3.2078 7187.3500 0.8650 -3.4173
7188.1500 3.4972 -1.1671 7188.5500 -0.1926 -1.7706 7188.3500 -1.3837 -3.4992
7189.1500 -4.1235 2.5299 7189.5500 3.5291 -0.5386 7189.3500 -1.0160 -1.3560
7190.1000 -0.4961 -0.0092 7190.9000 -0.0000 0.0005 7190.4000 0.5076 -0.0089
7190.5000 -0.3030 -0.4992 7190.5000 0.3096 -0.5074 7190.5000 -0.0094 0.4950
7191.1500 -3.0941 -4.4330 7191.5500 -3.6258 -2.7618 7191.3500 -0.8449 1.5418
7192.1500 -0.6179 -3.9034 7192.5500 -3.8304 -3.2625 7192.3500 2.3182 1.6693
7193.1500 1.9144 -3.7128 7193.5500 0.1121 0.5163 7193.3500 4.6035 -3.9015
7194.1000 -0.5004 -0.0050 7194.9000 0.0098 -0.0096 7194.4000 0.5011 -0.0011
7194.5000 -0.3016 -0.4975 7194.5000 0.2988 -0.5001 7194.5000 0.0071 0.5050
7195.1500 -1.2793 3.8310 7195.5500 -3.3753 3.4851 7195.3500 2.9001 -1.0257
7196.1500 -0.7481 -1.6358 7196.5500 -3.4269 3.0840 7196.3500 4.1639 -2.9901
7197.1500 -4.6440 4.9283 7197.5500 2.2893 3.0342 7197.3500 -1.1758 3.9057
7198.1000 -0.5094 -0.0100 7198.9000 -0.0094 0.0066 7198.4000 0.5007 -0.0087
7198.5000 -0.3000 -0.4952 7198.5000 0.2924 -0.5053 7198.5000 -0.0043 0.4962
7199.1500 0.4929 1.8679 7199.5500 -4.5077 0.1990 7199.3500 -3.4277 3.6169
7200.1500 2.3033 -2.6630 7200.5500 -4.6803 -0.6202 7200.3500 0.7064 4.7933
7201.1000 -0.4927 -0.0099 7201.9000 -0.0060 0.0085 7201.4000 0.4906 -0.0097
7201.5000 -0.2965 -0.4981 7201.5000 0.2943 -0.4948 7201.5000 0.0061 0.4900
7202.1500 -4.3298 -4.1755 7202.5500 -2.1247 0.0886 7202.3500 4.7122 4.7163
7203.1500 2.8557 4.3282 7203.5500 -4.2174 0.2483 7203.3500 -0.8307 -4.8835
7204.1500 1.8272 4.0695 7204.5500 0.1734 4.9894 7204.3500 0.8796 -4.3192
7205.1500 4.7059 4.3466 7205.5500 4.1604 4.1913 7205.3500 -0.4759 -2.0285
7206.1500 -0.4024 -0.7391 7206.5500 0.8084 3.0817 7206.3500 4.1644 1.6314
7207.1500 0.7205 4.8438 7207.5500 4.4105 2.0146 7207.3500 3.1352 -4.4702
7208.1000 -0.4994 0.0060 7208.9000 0.0022 0.0081 7208.4000 0.4975 -0.0002
7208.5000 -0.2981 -0.4953 7208.5000 0.3099 -0.4901 7208.5000 0.0070 0.4999
7209.1500 0.8923 -3.4553 7209.5500 0.7324 1.7626 7209.3500 2.5159 -4.9817
7210.1000 -0.5036 -0.0054 7210.9000 -0.0026 0.0066 7210.4000 0.4985 0.0097
7210.5000 -0.2958 -0.4913 7210.5000 0.2953 -0.4916 7210.5000 0.0073 0.4972
7211.1500 -4.8483 -1.8428 7211.5500 -4.1476 0.3326 7211.3500 4.1456 -2.9473
7212.1000 -0.4907 0.0032 7212.9000 0.0095 -0.0065 7212.4000 0.4911 -0.0061
7212.5000 -0.3031 -0.4945 7212.5000 0.3025 -0.4920 7212.5000 -0.0027 0.5089
7213.1500 -1.8069 2.6033 7213.5500 -1.4293 -1.4956 7213.3500 -1.2411 4.7957
7214.1000 -0.5043 -0.0033 7214.9000 0.0097 0.0036 7214.4000 0.4948 0.0007
7214.5000 -0.2912 -0.4938 7214.5000 0.2908 -0.5059 7214.5000 -0.0005 0.4933
7215.1500 1.3118 2.8128 7215.5500 4.9922 1.0061 7215.3500 2.5056 3.9900
7216.1500 3.5156 -4.7389 7216.5500 -3.5160 -2.8049 7216.3500 3.3890 1.7606
7217.1500 -3.7210 -3.5242 7217.5500 4.4509 0.2161 7217.3500 4.9440 -0.2287
7218.1000 -0.4939 -0.0083 7218.9000 0.0009 -0.0064 7218.4000 0.4951 0.0048
7218.5000 -0.2963 -0.5079 7218.5000 0.3025 -0.4999 7218.5000 -0.0075 0.4961
7219.1000 -0.5069 0.0097 7219.9000 -0.0071 -0.0090 7219.4000 0.4930 -0.0030
7219.5000 -0.2907 -0.5014 7219.5000 0.2964 -0.4930 7219.5000 0.0032 0.4900
7220.1500 2.1998 -0.3802 7220.5500 -2.3595 3.7454 7220.3500 -3.8124 -2.8746
7221.1500 0.9154 1.8102 7221.5500 -2.9376 -4.5243 7221.3500 -0.0713 3.2899
7222.1500 4.1582 3.4668 7222.5500 -0.9807 -2.3609 7222.3500 -1.6357 -4.5982
7223.1500 -2.1822 -0.6095 7223.5500 1.7163 -3.3353 7223.3500 -3.5764 0.8197
7224.1000 -0.4914 -0.0013 7224.9000 0.0045 -0.0092 7224.4000 0.4970 0.0066
7224.5000 -0.3081 -0.5097 7224.5000 0.2962 -0.4906 7224.5000 0.0036 0.5064
7225.1500 3.5095 -3.0797 7225.5500 1.3524 3.3098 7225.3500 -0.2175 -0.9243
7226.1500 1.3810 -0.4982 7226.5500 -4.6437 -0.3130 7226.3500 -2.0258 1.5246
7227.1500 -0.2313 -0.9574 7227.5500 0.6962 -2.6179 7227.3500 -0.8397 1.7753
7228.1500 -1.0840 2.5594 7228.5500 0.2170 3.7058 7228.3500 3.6845 -3.0164
7229.1500 -0.4779 0.2922 7229.5500 2.9981 2.4215 7229.3500 1.7228 1.5357
7230.1500 2.8071 -4.1958 7230.5500 -0.9739 4.0250 7230.3500 -2.5218 4.7543
7231.1500 4.5133 1.4794 7231.5500 3.4085 2.8711 7231.3500 -3.0945 -4.3455
7232.1500 -1.5822 1.4612 7232.5500 -2.6006 -1.7869 7232.3500 2.2408 1.4704
7233.1500 1.7792 -3.1823 7233.5500 1.7703 2.3771 7233.3500 1.7289 -2.2211
7234.1500 -3.6034 -0.0607 7234.5500 -1.3623 0.4967 7234.3500 4.9419 0.3642
7235.1500 3.4483 2.3396 7235.5500 2.2897 4.1245 7235.3500 -1.9535 4.9516
7236.1500 -1.7127 0.0124 7236.5500 -3.0197 2.2261 7236.3500 -4.7299 1.9681
7237.1000 -0.4960 -0.0009 7237.9000 -0.0093 0.0089 7237.4000 0.4941 -0.0080
7237.5000 -0.3052 -0.4954 7237.5000 0.3002 -0.5075 7237.5000 -0.0043 0.4918
7238.1000 -0.5012 -0.0036 7238.9000 0.0091 -0.0051 7238.4000 0.5034 -0.0038
7238.5000 -0.2953 -0.4929 7238.5000 0.3066 -0.4987 7238.5000 -0.0052 0.5075
7239.1500 -3.8445 4.1802 7239.5500 2.6736 0.4187 7239.3500 0.8792 3.8345
7240.1500 -0.2883 2.3873 7240.5500 -2.2036 2.9711 7240.3500 3.5827 2.1230
7241.1500 2.4406 0.0326 7241.5500 -3.9181 4.7231 7241.3500 2.7072 -1.8850
7242.1500 -4.0841 -4.3591 7242.5500 1.3892 -0.9633 7242.3500 -3.2005 2.1243
7243.1000 -0.4993 0.0043 7243.9000 0.0010 -0.0004 7243.4000 0.5050 -0.0081
7243.5000 -0.2920 -0.4961 7243.5000 0.3060 -0.4952 7243.5000 0.0093 0.5058
7244.1500 3.8116 -2.4456 7244.5500 -1.4836 1.5896 7244.3500 -3.4577 3.7818
7245.1500 4.0165 0.8254 7245.5500 0.7054 -1.0147 7245.3500 3.3042 2.6503
7246.1500 -3.1776 4.9369 7246.5500 -3.9799 -1.4924 7246.3500 -1.5696 -0.1896
7247.1500 -0.6081 4.6486 7247.5500 -3.6099 4.7380 7247.3500 2.4548 -3.4069
7248.1500 2.4557 2.9301 7248.5500 0.1887 4.5650 7248.3500 1.3197 -2.0215
7249.1500 -4.1862 -4.0496 7249.5500 -0.2089 3.5810 7249.3500 3.1231 -0.9697
7250.1500 2.9849 4.6535 7250.5500 -1.5709 3.6051 7250.3500 2.6821 3.4339
7251.1500 1.8377 -4.7662 7251.5500 4.2059 -2.7234 7251.3500 3.6693 3.1584
7252.1500 1.0638 3.0316 7252.5500 4.1574 2.5201 7252.3500 -4.4135 -1.6635
7253.1000 -0.5040 -0.0028 7253.9000 -0.0015 -0.0049 7253.4000 0.4959 0.0042
7253.5000 -0.3017 -0.4955 7253.5000 0.2964 -0.5011 7253.5000 0.0083 0.4952
7254.1500 2.1356 3.7135 7254.5500 0.4574 0.6062 7254.3500 -0.0570 -4.3084
7255.1500 3.5769 -1.9545 7255.5500 4.6082 -4.1797 7255.3500 -2.1762 3.7357
7256.1500 -1.2131 2.3749 7256.5500 4.1724 0.8552 7256.3500 -2.6247 -1.3007
7257.1500 -1.5411 -1.8950 7257.5500 0.8132 -3.5591 7257.3500 -0.9806 0.1642
7258.1500 1.9581 4.2385 7258.5500 4.8786 2.9748 7258.3500 3.3545 0.0585
7259.1500 3.7734 -1.4244 7259.5500 0.5928 2.5092 7259.3500 1.6302 0.7701
7260.1000 -0.4981 0.0060 7260.9000 0.0027 0.0078 7260.4000 0.4957 0.0067
7260.5000 -0.3080 -0.4902 7260.5000 0.3073 -0.5016 7260.5000 0.0027 0.4954
7261.1500 -1.0636 4.7065 7261.5500 1.0392 3.1111 7261.3500 -0.1916 -1.5418
7262.1500 1.3606 4.0143 7262.5500 2.7531 -2.6740 7262.3500 -2.0870 -4.0384
7263.1500 -2.6060 4.9869 7263.5500 -1.4784 -1.1595 7263.3500 0.0662 -2.1110
7264.1500 -3.5797 3.5781 7264.5500 1.8274 4.8255 7264.3500 1.5899 -0.2083
7265.1500 3.0124 -0.1673 7265.5500 -2.7986 1.5686 7265.3500 -0.7816 -4.2379
7266.1500 1.2361 2.5342 7266.5500 -2.0385 1.5528 7266.3500 -2.8421 2.5681
7267.1500 -1.5111 -1.1393 7267.5500 -0.0107 -2.8339 7267.3500 3.3114 -2.6499
7268.1000 -0.4951 0.0035 7268.9000 -0.0021 -0.0060 7268.4000 0.4978 -0.0070
7268.5000 -0.3041 -0.4989 7268.5000 0.2961 -0.5088 7268.5000 0.0049 0.5092
7269.1500 -2.9517 3.0659 7269.5500 -2.1689 -2.5341 7269.3500 -3.2274 3.1171
7270.1500 -1.5410 -4.4688 7270.5500 0.5941 4.7244 7270.3500 0.1686 4.4254
7271.1500 -4.1993 -1.2500 7271.5500 -3.6029 2.4548 7271.3500 -2.6683 1.1064
7272.1500 -0.0529 -3.1670 7272.5500 4.7943 2.6792 7272.3500 -4.9895 3.8873
7273.1500 0.2656 1.6962 7273.5500 2.7272 -2.9958 7273.3500 1.0086 2.1584
7274.1500 -2.4928 -4.8834 7274.5500 -1.7818 4.4368 7274.3500 -2.3838 0.4076
7275.1000 -0.4970 0.0015 7275.9000 -0.0049 -0.0027 7275.4000 0.5025 -0.0013
7275.5000 -0.2970 -0.5094 7275.5000 0.2933 -0.5017 7275.5000 -0.0000 0.4912
7276.1000 -0.5070 -0.0004 7276.9000 0.0004 0.0002 7276.4000 0.5004 -0.0083
7276.5000 -0.3100 -0.4940 7276.5000 0.3025 -0.4914 7276.5000 -0.0038 0.5024
7277.1500 1.3255 4.6240 7277.5500 -0.7433 4.1833 7277.3500 -3.5557 -4.9980
7278.1000 -0.4918 0.0048 7278.9000 0.0014 0.0023 7278.4000 0.4913 -0.0079
7278.5000 -0.3016 -0.4945 7278.5000 0.2900 -0.5028 7278.5000 -0.0053 0.4924
7279.1500 3.4383 -4.4485 7279.5500 1.1234 3.2216 7279.3500 3.2807 4.8558
7280.1500 4.6192 -3.4494 7280.5500 1.6488 2.5652 7280.3500 0.8522 2.1642
7281.1500 -2.1485 1.5491 7281.5500 4.6293 4.0616 7281.3500 2.9685 0.9081
7282.1500 1.8858 -3.5506 7282.5500 -2.2339 -0.5682 7282.3500 -0.0400 3.4244
7283.1500 4.9945 -4.4543 7283.5500 0.1674 -0.1800 7283.3500 4.4908 -4.2529
7284.1000 -0.5024 0.0085 7284.9000 -0.0099 -0.0006 7284.4000 0.5059 0.0059
7284.5000 -0.2941 -0.5081 7284.5000 0.3028 -0.5015 7284.5000 -0.0062 0.4944
7285.1000 -0.5098 0.0013 7285.9000 -0.0063 0.0096 7285.4000 0.5040 0.0069
7285.5000 -0.3085 -0.4982 7285.5000 0.3002 -0.5065 7285.5000 0.0004 0.5098
7286.1500 2.8505 -0.6129 7286.5500 -4.4897 3.6329 7286.3500 3.6909 0.2506
7287.1500 -0.2169 -1.8862 7287.5500 3.4688 -4.3787 7287.3500 0.6405 3.2214
7288.1500 -2.8538 -3.7799 7288.5500 2.3133 -2.1032 7288.3500 0.1738 -4.1421
7289.1500 -3.8799 1.4242 7289.5500 -0.7018 -3.5181 7289.3500 4.5067 1.5247
7290.1500 -1.6860 -1.9981 7290.5500 -3.4886 1.3733 7290.3500 2.2590 4.1839
7291.1000 -0.4951 -0.0020 7291.9000 0.0059 -0.0030 7291.4000 0.4910 -0.0071
7291.5000 -0.2997 -0.5085 7291.5000 0.2942 -0.5020 7291.5000 0.0041 0.5068
7292.1500 -1.0940 -4.5509 7292.5500 3.1435 -4.9362 7292.3500 -2.4093 2.4150
7293.1500 -2.4526 0.5900 7293.5500 3.2725 -3.4741 7293.3500 -4.7524 0.6339
7294.1500 0.8538 3.3933 7294.5500 4.5904 -4.8482 7294.3500 -2.2163 -1.0201
7295.1500 -4.0495 -1.9905 7295.5500 4.0070 -4.8130 7295.3500 -2.7363 -3.5352
7296.1500 0.7859 3.2048 7296.5500 -2.8489 3.2340 7296.3500 -3.6578 0.3972
7297.1500 3.6370 -2.1967 7297.5500 3.3817 -0.3019 7297.3500 -1.3726 1.4905
7298.1500 -2.5269 -1.3226 7298.5500 -3.6936 -3.6904 7298.3500 3.5852 1.7069
7299.1500 -1.9949 0.8800 7299.5500 3.3328 -4.6508 7299.3500 -3.9818 1.5157
7300.1000 -0.4908 0.0084 7300.9000 0.0012 -0.0094 7300.4000 0.4975 -0.0074
7300.5000 -0.3047 -0.5001 7300.5000 0.2924 -0.4949 7300.5000 -0.0018 0.5044
7301.1500 3.6507 0.2405 7301.5500 4.2701 3.8770 7301.3500 -1.6902 -4.1154
7302.1500 -2.5764 0.4787 7302.5500 -0.0803 2.5497 7302.3500 -0.8190 3.9868
7303.1500 -2.9851 -2.8943 7303.5500 -1.6248 -0.2402 7303.3500 1.7895 1.6664
7304.1500 0.6645 -2.5232 7304.5500 -0.4261 3.5955 7304.3500 -1.3884 -2.3073
7305.1500 -1.6676 2.0708 7305.5500 3.5860 -3.5715 7305.3500 -2.9501 2.5441
7306.1500 1.7668 -4.9311 7306.5500 1.6852 -4.6972 7306.3500 -3.6577 -2.2126
7307.1500 2.5043 1.5575 7307.5500 1.6142 2.5026 7307.3500 -3.1643 2.1286
7308.1500 -1.9080 2.8906 7308.5500 3.3995 -4.8274 7308.3500 0.7931 4.3645
7309.1500 2.9692 2.6010 7309.5500 -0.7964 3.0970 7309.3500 2.8685 1.8973
7310.1500 -1.5642 -1.5724 7310.5500 2.5494 -4.3093 7310.3500 -4.4373 -1.9396
7311.1000 -0.5087 0.0086 7311.9000 -0.0031 0.0096 7311.4000 0.4933 0.0076
7311.5000 -0.3092 -0.4974 7311.5000 0.2991 -0.4958 7311.5000 -0.0018 0.4963
7312.1500 0.0826 1.1302 7312.5500 0.7049 -3.9545 7312.3500 2.2869 -0.1711
7313.1500 2.1273 3.7757 7313.5500 3.2044 1.5704 7313.3500 -2.3202 -2.2160
7314.1500 -1.6988 -4.9957 7314.5500 -4.0531 -2.3299 7314.3500 2.1909 3.4865
7315.1000 -0.4953 0.0086 7315.9000 0.0030 -0.0068 7315.4000 0.4910 0.0097
7315.5000 -0.2940 -0.5056 7315.5000 0.3062 -0.5011 7315.5000 0.0053 0.5074
7316.1500 1.4522 4.5710 7316.5500 3.6182 -3.9813 7316.3500 -1.1521 1.9322
7317.1500 3.1359 3.6695 7317.5500 0.0064 -3.3288 7317.3500 1.3580 -3.3624
7318.1500 0.0551 1.9564 7318.5500 3.0583 2.8805 7318.3500 -3.3746 1.9964
7319.1500 -3.2750 4.2611 7319.5500 1.0187 4.4599 7319.3500 2.7749 -0.0045
7320.1500 1.6768 -4.0904 7320.5500 -2.3565 -0.4469 7320.3500 -4.8257 -3.7437
7321.1500 4.5941 3.7468 7321.5500 3.0118 -2.6104 7321.3500 2.5220 1.5407
7322.1500 3.8721 0.4190 7322.5500 -2.0926 1.0453 7322.3500 -2.9010 3.7707
7323.1500 4.6637 4.8457 7323.5500 -4.6651 1.1423 7323.3500 -3.7816 -3.9935
7324.1000 -0.5001 0.0008 7324.9000 0.0078 0.0098 7324.4000 0.5073 0.0084
7324.5000 -0.3052 -0.5039 7324.5000 0.3013 -0.4927 7324.5000 -0.0004 0.5045
7325.1500 3.4503 2.0546 7325.5500 -1.3482 -0.3435 7325.3500 -3.7955 0.3417
7326.1500 0.0161 -4.8870 7326.5500 4.6312 -2.1347 7326.3500 -0.0249 0.1823
7327.1000 -0.4929 -0.0029 7327.9000 0.0015 -0.0083 7327.4000 0.4944 0.0077
7327.5000 -0.2904 -0.4949 7327.5000 0.2989 -0.5080 7327.5000 0.0080 0.4905
7328.1500 -0.3949 4.5609 7328.5500 -1.9354 -1.8613 7328.3500 -3.4355 -0.9776
7329.1500 1.2244 1.8710 7329.5500 2.8218 4.2162 7329.3500 3.8883 2.2928
7330.1000 -0.4940 0.0020 7330.9000 -0.0071 0.0091 7330.4000 0.4909 -0.0030
7330.5000 -0.2921 -0.4951 7330.5000 0.2932 -0.5032 7330.5000 0.0021 0.4934
7331.1500 3.2769 -2.2920 7331.5500 1.6434 -2.5119 7331.3500 0.6913 -4.9427
7332.1500 3.9964 1.3295 7332.5500 -4.4889 3.2409 7332.3500 0.8739 3.8205
7333.1500 -2.8925 -1.2370 7333.5500 1.2535 3.3182 7333.3500 0.0455 -4.4816
7334.1500 -3.6920 4.4741 7334.5500 -2.6227 0.5416 7334.3500 4.7951 4.3980
7335.1500 4.7911 -3.6901 7335.5500 -1.6882 2.8261 7335.3500 4.2145 -1.7769
7336.1500 1.3808 -0.3239 7336.5500 -0.3621 3.8726 7336.3500 4.2004 1.7419
7337.1500 1.1230 -0.1265 7337.5500 -4.9503 -1.3122 7337.3500 2.0114 0.3490
7338.1500 -0.7860 1.7536 7338.5500 1.1269 -4.1803 7338.3500 -2.0557 3.6042
7339.1000 -0.4901 0.0064 7339.9000 0.0076 0.0014 7339.4000 0.5098 -0.0040
7339.5000 -0.2910 -0.5000 7339.5000 0.2972 -0.4945 7339.5000 -0.0040 0.4928
7340.1500 -3.3536 3.6608 7340.5500 1.8511 4.1817 7340.3500 3.4117 2.8779
7341.1500 4.1067 -0.4461 7341.5500 -0.9975 0.8817 7341.3500 -4.3185 3.3800
7342.1500 2.8988 -0.2810 7342.5500 1.4364 1.7114 7342.3500 -0.6593 -0.7198
7343.1500 -4.0200 -4.1899 7343.5500 -3.6434 3.8559 7343.3500 -3.8582 -1.2650
7344.1500 -2.6200 -4.3711 7344.5500 -2.7561 -2.3162 7344.3500 -3.1338 -4.0375
7345.1500 -0.1453 -4.5193 7345.5500 -2.2589 4.7474 7345.3500 0.7758 -2.4541
7346.1000 -0.5022 0.0041 7346.9000 -0.0016 0.0003 7346.4000 0.5059 -0.0068
7346.5000 -0.2921 -0.5043 7346.5000 0.3086 -0.4978 7346.5000 -0.0092 0.5016
7347.1000 -0.5031 0.0067 7347.9000 0.0096 0.0056 7347.4000 0.4918 0.0091
7347.5000 -0.3032 -0.5012 7347.5000 0.3019 -0.5094 7347.5000 0.0098 0.5064
7348.1500 2.8293 -2.5214 7348.5500 1.6291 -0.8552 7348.3500 4.1153 -3.2793
7349.1500 -0.9871 -3.3648 7349.5500 3.1636 1.8804 7349.3500 0.2514 1.2271
7350.1500 -4.8452 -2.6008 7350.5500 3.4141 3.6058 7350.3500 1.2721 2.3071
7351.1500 -3.9731 3.4706 7351.5500 1.2980 4.7726 7351.3500 0.3418 3.5378
7352.1500 3.0549 1.5677 7352.5500 -0.2206 -4.5124 7352.3500 -2.9509 -3.7771
7353.1500 -4.5036 -1.8178 7353.5500 -2.2720 0.3789 7353.3500 1.6225 0.6810
7354.1500 4.0563 -3.2636 7354.5500 3.6679 2.9626 7354.3500 3.0999 -3.4190
7355.1500 -2.9317 3.1087 7355.5500 -1.4148 -0.6419 7355.3500 -1.6357 -4.2621
7356.1000 -0.4946 0.0077 7356.9000 0.0043 -0.0086 7356.4000 0.4933 -0.0067
7356.5000 -0.2934 -0.5057 7356.5000 0.3016 -0.5076 7356.5000 0.0018 0.5068
7357.1500 -2.1249 -1.5338 7357.5500 -4.4753 4.8223 7357.3500 3.7240 -3.3721
7358.1500 1.6282 3.2518 7358.5500 -3.3449 -4.4070 7358.3500 1.9322 1.3606
7359.1000 -0.4954 -0.0037 7359.9000 0.0038 0.0098 7359.4000 0.5016 0.0092
7359.5000 -0.3089 -0.4993 7359.5000 0.3007 -0.5006 7359.5000 0.0001 0.5025
7360.1500 3.0889 2.4649 7360.5500 2.0132 -3.6442 7360.3500 3.0708 0.2479
7361.1000 -0.5068 -0.0061 7361.9000 -0.0011 0.0082 7361.4000 0.4900 -0.0058
7361.5000 -0.3043 -0.5029 7361.5000 0.3018 -0.5076 7361.5000 0.0031 0.5003
7362.1500 1.0897 -3.8130 7362.5500 2.9094 -0.2974 7362.3500 -2.4469 3.5240
7363.1500 -2.8687 3.5801 7363.5500 3.2038 -1.8613 7363.3500 2.6384 -1.8884
7364.1500 2.4573 2.1055 7364.5500 -4.4603 3.5416 7364.3500 0.5791 -0.8402
7365.1500 4.7416 -3.0341 7365.5500 -2.8780 -1.8828 7365.3500 -4.2284 -1.0652
7366.1500 -2.4874 4.9009 7366.5500 2.6511 2.4231 7366.3500 -2.1500 1.6107
7367.1500 -1.7075 4.9541 7367.5500 2.9538 -3.4761 7367.3500 3.7447 0.6852
7368.1500 -1.0136 3.6764 7368.5500 2.5770 -2.9193 7368.3500 -4.9998 -0.4990
7369.1500 2.1203 3.4394 7369.5500 2.1898 3.8649 7369.3500 -3.5480 2.3894
7370.1500 -2.1701 4.5828 7370.5500 -1.7413 -1.1013 7370.3500 -4.2130 -0.0426
7371.1000 -0.4942 0.0023 7371.9000 0.0015 0.0014 7371.4000 0.5075 -0.0061
7371.5000 -0.2919 -0.5008 7371.5000 0.3097 -0.5033 7371.5000 -0.0078 0.4961
7372.1000 -0.4983 0.0012 7372.9000 -0.0041 0.0009 7372.4000 0.4904 0.0040
7372.5000 -0.2900 -0.4904 7372.5000 0.2919 -0.5010 7372.5000 -0.0006 0.5073
7373.1500 2.5760 1.4208 7373.5500 -3.6218 0.8165 7373.3500 2.1962 4.1533
7374.1500 -0.7824 -2.5673 7374.5500 -1.8297 -1.9250 7374.3500 -4.0385 -3.9619
7375.1500 -1.4063 2.8757 7375.5500 1.2670 -3.0403 7375.3500 -0.7793 1.7476
7376.1500 4.7806 -0.1441 7376.5500 2.8360 -3.0948 7376.3500 -3.4135 2.6788
7377.1000 -0.5086 0.0029 7377.9000 0.0088 0.0060 7377.4000 0.4975 0.0089
7377.5000 -0.3041 -0.5049 7377.5000 0.2935 -0.5074 7377.5000 0.0055 0.5037
7378.1500 -2.2004 -0.9598 7378.5500 -1.8292 -2.2121 7378.3500 -0.1742 4.7279
7379.1500 -3.2070 -1.5363 7379.5500 0.7464 2.2474 7379.3500 -0.7894 -2.0458
7380.1500 -2.4752 2.3579 7380.5500 4.9400 -0.9414 7380.3500 2.1499 3.1382
7381.1500 -2.3432 2.4037 7381.5500 -0.6406 3.9960 7381.3500 -4.1479 4.8081
7382.1500 -0.2401 -0.9794 7382.5500 4.7320 -1.9122 7382.3500 3.5524 2.7935
7383.1500 -4.7412 -1.8332 7383.5500 -2.3387 -2.7393 7383.3500 3.0372 -2.9497
7384.1000 -0.4979 -0.0029 7384.9000 -0.0061 -0.0003 7384.4000 0.4978 -0.0049
7384.5000 -0.2914 -0.5072 7384.5000 0.2912 -0.5061 7384.5000 0.0040 0.4956
7385.1500 2.8107 -3.4673 7385.5500 -3.1931 3.7440 7385.3500 -0.1915 2.6301
7386.1000 -0.4992 -0.0016 7386.9000 -0.0021 -0.0004 7386.4000 0.5084 0.0055
7386.5000 -0.2956 -0.5040 7386.5000 0.3069 -0.4947 7386.5000 0.0047 0.4937
7387.1500 0.4436 2.8449 7387.5500 2.1172 3.6887 7387.3500 1.9576 -0.7241
7388.1500 -1.6046 0.2317 7388.5500 0.8422 1.2137 7388.3500 4.1176 -1.5282
7389.1500 -2.0048 3.9036 7389.5500 -4.3896 -3.2916 7389.3500 0.1760 -2.2379
7390.1500 -2.1070 4.4226 7390.5500 -3.5306 2.4748 7390.3500 4.3320 0.8708
7391.1500 -1.7139 3.4367 7391.5500 -0.4284 -3.3338 7391.3500 -2.4163 -3.0886
7392.1500 -1.3703 0.1225 7392.5500 2.6144 -3.1780 7392.3500 2.4485 -0.7788
7393.1500 -4.6619 -1.2994 7393.5500 -3.5955 -0.3928 7393.3500 4.9007 -1.4830
7394.1500 3.3621 3.1681 7394.5500 3.0645 -2.2396 7394.3500 3.4038 -3.9479
7395.1500 4.0244 1.2265 7395.5500 2.7456 -2.1970 7395.3500 -3.1493 3.4984
7396.1500 0.9779 3.3051 7396.5500 2.7495 -1.7518 7396.3500 2.1749 -1.5731
7397.1500 -0.3275 3.2335 7397.5500 -0.9571 -0.7668 7397.3500 3.2514 1.7188
7398.1500 -1.7200 4.2122 7398.5500 1.5924 -4.6332 7398.3500 3.0444 2.7388
7399.1500 -0.4028 -1.0386 7399.5500 -1.0398 -3.3199 7399.3500 -3.4120 4.4624
7400.1500 4.3665 -2.2848 7400.5500 0.3854 2.2466 7400.3500 -4.3640 1.2147
7401.1500 3.2932 1.8437 7401.5500 -1.9503 3.8869 7401.3500 -1.9335 -2.2762
7402.1500 -2.7119 -3.5378 7402.5500 4.3639 4.2426 7402.3500 3.5585 1.4384
7403.1500 -0.5500 -0.2345 7403.5500 -3.3864 -2.7800 7403.3500 4.0590 0.6300
7404.1500 1.7444 -2.0391 7404.5500 3.7843 0.2583 7404.3500 4.7547 -1.1069
7405.1500 -2.0069 -2.0724 7405.5500 -4.5997 3.2196 7405.3500 -4.3133 -1.0149
7406.1000 -0.5013 -0.0089 7406.9000 -0.0088 -0.0063 7406.4000 0.5011 -0.0005
7406.5000 -0.2934 -0.4907 7406.5000 0.3020 -0.5092 7406.5000 0.0032 0.4933
7407.1500 1.7271 4.2251 7407.5500 2.0808 -1.9201 7407.3500 -0.7220 0.4950
7408.1500 -0.4437 4.5940 7408.5500 -4.0992 0.3073 7408.3500 -3.5511 -0.6963
7409.1000 -0.4960 -0.0045 7409.9000 0.0013 -0.0047 7409.4000 0.4956 0.0064
7409.5000 -0.3010 -0.4910 7409.5000 0.3038 -0.4907 7409.5000 0.0057 0.5036
7410.1000 -0.4987 -0.0023 7410.9000 -0.0000 0.0042 7410.4000 0.4931 0.0037
7410.5000 -0.3067 -0.4933 7410.5000 0.3096 -0.5094 7410.5000 0.0037 0.5046
7411.1500 -1.2849 -0.8936 7411.5500 2.6684 1.1407 7411.3500 4.5095 0.4570
7412.1500 -0.8297 0.6191 7412.5500 -2.6687 4.4909 7412.3500 -0.8300 1.4277
7413.1000 -0.5016 -0.0007 7413.9000 -0.0084 0.0019 7413.4000 0.5026 -0.0084
7413.5000 -0.3065 -0.4979 7413.5000 0.3049 -0.5013 7413.5000 0.0009 0.4915
7414.1500 -4.4456 3.1973 7414.5500 4.9413 -1.6158 7414.3500 4.2893 -2.0722
7415.1500 4.7171 -4.3274 7415.5500 4.9729 4.1419 7415.3500 2.8830 -2.4577
7416.1500 -2.7290 4.5274 7416.5500 -1.9525 -4.8976 7416.3500 3.1910 1.3361
7417.1500 -2.6162 4.5719 7417.5500 0.5238 -0.7693 7417.3500 2.0555 -2.1429
7418.1500 4.5558 3.4079 7418.5500 3.0067 2.8199 7418.3500 3.1952 -1.9856
7419.1000 -0.5083 -0.0028 7419.9000 0.0092 -0.0064 7419.4000 0.5096 -0.0068
7419.5000 -0.2912 -0.5016 7419.5000 0.3011 -0.4985 7419.5000 0.0067 0.5035
7420.1500 -0.4385 4.4638 7420.5500 -0.7679 -3.7977 7420.3500 -2.4340 -0.8658
7421.1500 -2.2693 -3.6407 7421.5500 3.1458 0.4661 7421.3500 -3.2342 -4.7840
7422.1500 3.3810 2.4216 7422.5500 3.3271 2.6204 7422.3500 1.8110 1.1701
7423.1000 -0.5002 -0.0051 7423.9000 -0.0029 0.0066 7423.4000 0.4968 -0.0039
7423.5000 -0.2965 -0.5011 7423.5000 0.3023 -0.5016 7423.5000 0.0027 0.4963
7424.1500 -4.1377 0.2067 7424.5500 3.5856 1.1422 7424.3500 1.3432 -3.0154
7425.1500 2.9269 4.7029 7425.5500 2.6569 -0.4499 7425.3500 3.5232 1.4505
7426.1500 0.4245 4.3652 7426.5500 -1.6166 -3.8127 7426.3500 -4.2465 -1.9816
7427.1500 -3.2859 -1.2917 7427.5500 0.8236 -1.0587 7427.3500 -3.8276 -3.3126
7428.1500 0.2939 1.8591 7428.5500 4.8740 -2.1946 7428.3500 2.4889 -2.4014
7429.1500 -1.1200 3.8767 7429.5500 4.2302 -1.0982 7429.3500 1.6756 4.3581
7430.1500 3.0634 -2.2767 7430.5500 3.6474 3.4088 7430.3500 -3.2674 4.0191
7431.1500 2.5374 -0.0724 7431.5500 -2.9414 1.4929 7431.3500 -1.1262 -3.1041
7432.1500 -3.0052 -4.0762 7432.5500 -2.7938 2.0535 7432.3500 4.6744 -1.7130
7433.1000 -0.5005 0.0095 7433.9000 0.0099 -0.0089 7433.4000 0.4912 0.0091
7433.5000 -0.3096 -0.4937 7433.5000 0.2961 -0.4911 7433.5000 -0.0012 0.5068
7434.1500 3.2051 -2.6952 7434.5500 -1.5489 -0.0593 7434.3500 4.4588 2.6158
7435.1000 -0.5059 0.0055 7435.9000 0.0042 -0.0011 7435.4000 0.4924 -0.0090
7435.5000 -0.2969 -0.5054 7435.5000 0.3003 -0.5047 7435.5000 -0.0046 0.5000
7436.1500 -4.2384 -3.9802 7436.5500 3.3745 -4.0060 7436.3500 -2.9753 4.6056
7437.1500 -1.0019 2.7898 7437.5500 1.5494 -4.6408 7437.3500 -1.1906 -0.5159
7438.1500 -3.4043 1.0345 7438.5500 4.2862 -3.3853 7438.3500 3.0879 -0.1186
7439.1500 0.2746 1.6295 7439.5500 1.9554 0.9117 7439.3500 -2.4350 -4.7463
7440.1000 -0.5003 -0.0005 7440.9000 0.0057 -0.0096 7440.4000 0.5099 0.0058
7440.5000 -0.3027 -0.4951 7440.5000 0.3044 -0.4905 7440.5000 0.0064 0.5058
7441.1500 -1.0489 4.0685 7441.5500 -1.8283 1.9211 7441.3500 1.1964 -2.2416
7442.1500 0.7871 4.9381 7442.5500 2.8303 -1.1018 7442.3500 2.6237 4.0453
7443.1000 -0.4926 0.0050 7443.9000 0.0021 -0.0091 7443.4000 0.5092 0.0045
7443.5000 -0.2987 -0.5036 7443.5000 0.2991 -0.4985 7443.5000 0.0097 0.5095
7444.1500 1.8943 -3.2011 7444.5500 -3.5360 2.4499 7444.3500 -3.8935 0.4020
7445.1500 -1.2734 -3.7023 7445.5500 -3.7104 2.1438 7445.3500 3.2203 -1.3474
7446.1500 2.2631 -2.0784 7446.5500 -1.9397 1.3532 7446.3500 1.3277 -1.4839
7447.1500 -1.2426 4.3701 7447.5500 -4.3185 2.8869 7447.3500 4.6522 3.2448
7448.1500 -0.0613 -4.3716 7448.5500 -1.2071 -0.8698 7448.3500 2.7484 -1.2643
7449.1500 3.4615 3.7097 7449.5500 0.9105 1.3593 7449.3500 0.9064 0.9483
7450.1500 3.1079 -0.1437 7450.5500 2.7470 -2.8011 7450.3500 -2.4269 -3.7542
7451.1500 -1.6429 4.2075 7451.5500 4.8028 1.4982 7451.3500 -2.1035 4.2322
7452.1500 -4.4265 -3.4177 7452.5500 4.2013 -4.4259 7452.3500 4.8609 -4.5587
7453.1500 -0.3129 -3.8760 7453.5500 -4.2718 -1.0764 7453.3500 0.4609 -2.8892
7454.1500 1.6248 0.7664 7454.5500 -3.0572 -1.3989 7454.3500 3.1096 -1.9897
7455.1000 -0.5018 -0.0091 7455.9000 -0.0048 -0.0064 7455.4000 0.5003 -0.0077
7455.5000 -0.2992 -0.5076 7455.5000 0.2951 -0.5089 7455.5000 0.0077 0.5050
7456.1500 3.4827 -2.3675 7456.5500 3.4762 1.0035 7456.3500 3.1951 -4.5526
7457.1500 -4.4181 -3.6490 7457.5500 -1.6103 -3.6549 7457.3500 3.6792 4.4461
7458.1500 0.8876 -0.6002 7458.5500 1.6676 2.4760 7458.3500 0.6952 4.2475
7459.1500 1.4481 3.3066 7459.5500 4.4290 -2.5564 7459.3500 2.0219 -3.7529
7460.1000 -0.5059 -0.0071 7460.9000 -0.0097 -0.0090 7460.4000 0.4999 -0.0080
7460.5000 -0.2913 -0.5045 7460.5000 0.2923 -0.5030 7460.5000 0.0093 0.4971
7461.1500 3.2518 0.6859 7461.5500 -4.8173 -2.6724 7461.3500 -4.6024 -3.3371
7462.1500 -0.5159 -3.6029 7462.5500 4.1003 0.3914 7462.3500 -1.2135 1.2768
7463.1500 0.8348 1.0999 7463.5500 3.9453 -2.2984 7463.3500 1.3263 -4.6910
7464.1500 -0.7236 -3.2699 7464.5500 -3.8072 -4.6838 7464.3500 2.0425 1.9436
7465.1000 -0.5040 -0.0056 7465.9000 0.0098 0.0094 7465.4000 0.4927 0.0006
7465.5000 -0.3003 -0.5016 7465.5000 0.2936 -0.4977 7465.5000 0.0046 0.5047
7466.1500 0.8274 0.4779 7466.5500 -2.8803 -3.4434 7466.3500 -3.2048 -1.5069
7467.1500 -4.4859 -1.4119 7467.5500 4.3983 -2.4341 7467.3500 1.3515 -3.8930
7468.1500 3.0879 0.9649 7468.5500 -4.8626 -2.1291 7468.3500 -0.1070 4.7631
7469.1500 2.9160 -4.3750 7469.5500 -0.6128 -0.1664 7469.3500 -0.8163 2.5925
7470.1000 -0.4992 -0.0032 7470.9000 -0.0083 0.0080 7470.4000 0.4924 -0.0059
7470.5000 -0.2932 -0.4928 7470.5000 0.2917 -0.4957 7470.5000 -0.0084 0.4923
7471.1500 4.2843 2.5040 7471.5500 3.3936 -3.6281 7471.3500 -4.3760 -4.8296
7472.1500 -0.7866 -4.1792 7472.5500 3.7664 2.3534 7472.3500 -0.2969 4.4856
7473.1000 -0.5064 -0.0093 7473.9000 -0.0089 0.0079 7473.4000 0.4915 -0.0025
7473.5000 -0.2942 -0.5015 7473.5000 0.2928 -0.4938 7473.5000 -0.0034 0.4958
7474.1500 -3.2294 0.9325 7474.5500 -4.7261 4.1946 7474.3500 -3.5231 1.1137
7475.1000 -0.4999 0.0046 7475.9000 -0.0081 -0.0002 7475.4000 0.4941 -0.0082
7475.5000 -0.3089 -0.4927 7475.5000 0.2985 -0.4997 7475.5000 0.0083 0.4936
7476.1500 4.1219 -3.6073 7476.5500 -4.5656 -2.8007 7476.3500 -3.9258 4.5634
7477.1500 2.4671 2.7104 7477.5500 1.4138 -3.8018 7477.3500 -3.0901 -2.9290
7478.1500 -0.5663 2.7684 7478.5500 -1.6454 -0.7320 7478.3500 -3.9591 4.5710
7479.1500 1.5700 4.2926 7479.5500 4.2024 -3.5906 7479.3500 2.4504 -0.6756
7480.1500 0.0013 0.2671 7480.5500 4.3085 -0.7846 7480.3500 -4.9635 -3.5949
7481.1500 -1.3522 -0.6745 7481.5500 -1.6524 -1.7347 7481.3500 -4.7374 0.4494
7482.1500 3.3769 1.0313 7482.5500 -0.5898 1.9058 7482.3500 -1.0371 3.0526
7483.1500 -4.5494 0.6473 7483.5500 -4.5247 -1.0278 7483.3500 -1.2376 -0.3208
7484.1500 -4.4291 0.4682 7484.5500 -0.5477 -1.3742 7484.3500 -2.5149 1.2470
7485.1500 2.6604 -0.4088 7485.5500 1.2832 -0.7039 7485.3500 -0.0539 -4.7448
7486.1500 -0.7178 3.7550 7486.5500 -0.8836 -0.7351 7486.3500 0.5825 -2.7824
7487.1500 3.1250 -0.9617 7487.5500 4.1510 4.3844 7487.3500 1.6502 0.3293
7488.1000 -0.4956 -0.0098 7488.9000 -0.0097 -0.0003 7488.4000 0.4982 0.0011
7488.5000 -0.3028 -0.4962 7488.5000 0.3038 -0.4937 7488.5000 -0.0006 0.5051
7489.1500 -3.6059 1.5676 7489.5500 -4.7366 3.5842 7489.3500 -4.5550 1.7802
7490.1500 -4.3304 -0.9528 7490.5500 -3.9184 -2.1405 7490.3500 1.0816 3.4105
7491.1500 -4.5302 4.1488 7491.5500 -4.3750 -0.5406 7491.3500 -1.7624 2.8711
7492.1500 -2.5643 -0.9079 7492.5500 -1.9465 3.9671 7492.3500 -3.7204 0.5476
7493.1500 -0.2819 1.9883 7493.5500 -4.3895 -4.5502 7493.3500 -2.3597 -4.4510
7494.1500 1.9832 2.6678 7494.5500 2.8320 3.1342 7494.3500 4.3963 3.7942
7495.1000 -0.5048 -0.0088 7495.9000 -0.0093 0.0098 7495.4000 0.5047 0.0071
7495.5000 -0.3073 -0.5032 7495.5000 0.2905 -0.5063 7495.5000 -0.0095 0.4969
7496.1500 0.7944 -2.1806 7496.5500 4.9963 -0.5965 7496.3500 2.1565 -1.1370
7497.1500 4.5245 0.1990 7497.5500 -1.3135 4.0159 7497.3500 -1.7989 -4.2477
7498.1000 -0.4977 -0.0012 7498.9000 0.0080 -0.0079 7498.4000 0.5008 0.0017
7498.5000 -0.3056 -0.5096 7498.5000 0.2974 -0.4914 7498.5000 -0.0028 0.5052
7499.1500 -1.7261 -3.1461 7499.5500 -2.7418 -3.8971 7499.3500 -2.0216 1.7283
7500.1500 -4.0434 1.1010 7500.5500 4.7836 -4.2225 7500.3500 -4.3821 3.4117
7501.1500 -1.6366 0.6535 7501.5500 -2.6624 0.4041 7501.3500 3.5972 2.8431
7502.1500 0.7287 -3.8777 7502.5500 -1.0911 3.5095 7502.3500 -4.3191 -0.5743
7503.1500 1.0111 -2.2086 7503.5500 -4.3508 -4.7529 7503.3500 3.7822 -3.8103
7504.1500 -0.2750 3.5106 7504.5500 -3.7167 0.0402 7504.3500 2.9926 -3.6089
7505.1500 1.0315 3.9800 7505.5500 1.5140 -2.2035 7505.3500 0.5216 3.5821
7506.1500 -2.1375 -4.9138 7506.5500 3.5520 -0.9323 7506.3500 1.4647 -2.4222
7507.1500 -3.6381 -0.0740 7507.5500 2.9972 -1.7929 7507.3500 1.6611 3.0596
7508.1500 -4.3270 4.9266 7508.5500 2.2818 1.5999 7508.3500 -0.5960 0.4512
7509.1000 -0.5078 0.0060 7509.9000 0.0078 0.0043 7509.4000 0.4945 0.0027
7509.5000 -0.2969 -0.5067 7509.5000 0.2937 -0.4952 7509.5000 -0.0035 0.4918
7510.1500 0.5419 -3.4788 7510.5500 -2.6232 -1.1438 7510.3500 0.6579 4.9393
7511.1000 -0.4950 -0.0086 7511.9000 0.0017 0.0003 7511.4000 0.4937 -0.0093
7511.5000 -0.3100 -0.4914 7511.5000 0.3069 -0.5097 7511.5000 0.0078 0.4918
7512.1500 3.7418 0.0073 7512.5500 3.3140 3.1902 7512.3500 2.8997 -3.5523
7513.1500 0.5903 1.7434 7513.5500 -3.7349 1.6087 7513.3500 -4.5976 -0.9435
7514.1500 -2.8230 4.8697 7514.5500 3.1809 3.6564 7514.3500 -2.4509 -3.9309
7515.1500 -1.8306 -1.7298 7515.5500 -4.8025 2.2744 7515.3500 -2.1631 -4.2390
7516.1500 3.7942 4.6497 7516.5500 -0.2643 -0.1679 7516.3500 -0.5006 1.5720
7517.1500 -3.1496 -4.8967 7517.5500 -0.8848 0.3855 7517.3500 -1.8304 -4.6139
7518.1500 -0.7475 1.0014 7518.5500 -0.1206 -3.2279 7518.3500 2.7330 -4.8533
7519.1500 -4.9676 1.0623 7519.5500 -3.2591 2.7416 7519.3500 -2.7078 3.5957
7520.1500 -1.6853 1.8459 7520.5500 0.4086 4.1392 7520.3500 3.7776 -3.7563
7521.1500 4.4297 -4.1639 7521.5500 -1.0710 -0.2682 7521.3500 1.3500 -0.9887
7522.1500 1.1588 0.5560 7522.5500 -3.8979 2.3186 7522.3500 -3.7413 -0.1067
7523.1500 -3.5232 -0.9974 7523.5500 3.8812 2.2986 7523.3500 3.5162 0.2440
7524.1500 1.6786 -2.6483 7524.5500 -0.9072 -3.0814 7524.3500 -4.1784 3.2505
7525.1500 -2.4884 -0.3991 7525.5500 -2.6157 2.8104 7525.3500 3.4466 0.5546
7526.1500 4.9658 0.7442 7526.5500 3.4386 -0.2600 7526.3500 -2.8771 -4.2450
7527.1500 -0.4799 -4.0425 7527.5500 2.0753 1.7918 7527.3500 -3.4836 -3.4054
7528.1500 -2.8952 -2.9901 7528.5500 -4.7749 1.8417 7528.3500 -2.1832 2.3545
7529.1500 0.1560 -3.1032 7529.5500 -1.1512 0.2319 7529.3500 -0.5390 -1.2575
7530.1500 1.7507 -3.8059 7530.5500 -2.5255 -0.4196 7530.3500 4.4766 4.6629
7531.1500 -2.2185 -1.3886 7531.5500 -4.9668 4.9812 7531.3500 -1.9702 -2.4785
7532.1500 -4.3493 -0.9377 7532.5500 -1.0002 3.9281 7532.3500 1.9987 -1.8729
7533.1500 -2.2642 -3.8044 7533.5500 0.1462 3.5008 7533.3500 -4.6882 -0.7011
7534.1500 0.6666 -1.1885 7534.5500 1.4242 -3.7902 7534.3500 -2.5119 1.4279
7535.1500 -4.2527 -4.2218 7535.5500 -4.8623 4.6943 7535.3500 -3.8276 3.7769
7536.1500 0.4513 2.4408 7536.5500 -1.1066 3.7478 7536.3500 -2.1858 -3.5123
7537.1500 3.2747 -1.2121 7537.5500 -3.6538 4.5014 7537.3500 2.8053 -4.7125
7538.1500 -1.1369 3.9916 7538.5500 4.2225 2.1793 7538.3500 0.7206 -0.9410
7539.1500 4.7858 -4.0379 7539.5500 -4.9934 -4.8384 7539.3500 4.6063 -3.1344
7540.1500 -2.7821 2.0144 7540.5500 0.6098 -2.3411 7540.3500 2.2733 2.1671
7541.1500 3.2116 -3.2650 7541.5500 -1.1363 3.8971 7541.3500 -4.6347 3.4921
7542.1500 -1.9815 -2.8545 7542.5500 -2.6174 2.4300 7542.3500 -4.8304 0.9764
7543.1500 -2.7650 2.5738 7543.5500 3.9239 -2.1983 7543.3500 0.5980 2.4470
7544.1500 -2.7143 -3.7356 7544.5500 3.1274 1.6325 7544.3500 -2.7135 -3.7595
7545.1000 -0.4910 -0.0098 7545.9000 0.0060 0.0083 7545.4000 0.4985 0.0033
7545.5000 -0.2977 -0.5078 7545.5000 0.3048 -0.4964 7545.5000 0.0085 0.5026
7546.1000 -0.5039 -0.0011 7546.9000 0.0040 -0.0047 7546.4000 0.5090 -0.0018
7546.5000 -0.3033 -0.5087 7546.5000 0.3083 -0.5044 7546.5000 -0.0097 0.5040
7547.1000 -0.5094 0.0044 7547.9000 -0.0033 0.0010 7547.4000 0.4938 0.0070
7547.5000 -0.3080 -0.4966 7547.5000 0.2985 -0.5062 7547.5000 0.0019 0.5029
7548.1500 0.2773 4.3097 7548.5500 0.4021 -4.2074 7548.3500 4.7390 -4.0615
7549.1500 -0.7301 -4.9764 7549.5500 -2.7463 -0.1942 7549.3500 -1.2684 3.4900
7550.1500 -1.0632 -3.0889 7550.5500 0.5298 3.9823 7550.3500 2.6127 4.3174
7551.1500 -0.0789 -3.7024 7551.5500 -2.1681 -3.8607 7551.3500 0.7362 -1.8718
7552.1500 2.3630 2.6235 7552.5500 4.2191 -0.9604 7552.3500 1.9807 -3.8019
7553.1500 -2.1262 -1.7566 7553.5500 -2.6594 2.2095 7553.3500 -0.0716 -0.9503
7554.1500 -1.5249 -4.8933 7554.5500 4.5680 3.7069 7554.3500 -1.9946 -3.1743
7555.1500 4.4496 4.5946 7555.5500 -2.9675 2.5684 7555.3500 -2.4209 3.7253
7556.1500 0.0152 -3.1867 7556.5500 4.0701 -2.8888 7556.3500 0.8886 3.4134
7557.1500 0.5620 3.7134 7557.5500 0.1270 3.8088 7557.3500 -2.1445 4.4722
7558.1500 3.3833 0.9317 7558.5500 -4.1642 2.0531 7558.3500 4.5527 1.7582
7559.1500 1.9363 -3.2160 7559.5500 1.9885 -3.5885 7559.3500 4.6517 -3.4914
7560.1000 -0.4981 0.0075 7560.9000 -0.0089 0.0028 7560.4000 0.4910 0.0021
7560.5000 -0.3067 -0.5028 7560.5000 0.2933 -0.5057 7560.5000 0.0082 0.5046
7561.1000 -0.5044 0.0026 7561.9000 0.0089 -0.0049 7561.4000 0.5042 -0.0027
7561.5000 -0.3094 -0.5055 7561.5000 0.2972 -0.5050 7561.5000 0.0063 0.4901
7562.1500 2.0704 4.6081 7562.5500 -4.7223 -2.2169 7562.3500 -0.5202 1.1787
7563.1500 2.2233 -1.9487 7563.5500 -0.9681 1.6790 7563.3500 4.7676 0.0128
7564.1500 -0.1052 -0.7428 7564.5500 1.6437 -4.0767 7564.3500 3.8091 1.7664
7565.1500 -3.6999 1.1868 7565.5500 -0.5846 -3.0389 7565.3500 2.2010 3.4499
7566.1500 1.6784 3.7232 7566.5500 -2.1890 -4.6136 7566.3500 0.3712 4.8822
7567.1500 0.8154 -0.7878 7567.5500 3.3975 -0.6740 7567.3500 2.8537 1.2721
7568.1500 1.4443 -2.6303 7568.5500 -2.0145 2.9364 7568.3500 -0.4700 4.3155
7569.1500 -1.3071 -1.9172 7569.5500 -0.3062 -1.1973 7569.3500 3.5016 2.3569
7570.1500 -2.7142 -3.4802 7570.5500 -2.1276 4.6430 7570.3500 2.3277 -0.5092
7571.1500 4.6913 -1.5866 7571.5500 4.9406 -3.9902 7571.3500 2.8772 -2.7435
7572.1500 0.4202 2.8485 7572.5500 -0.9913 -3.4277 7572.3500 -3.7981 1.4796
7573.1500 -4.8694 -3.0090 7573.5500 2.9895 -3.3712 7573.3500 -3.5701 -2.8089
7574.1500 3.0802 0.4437 7574.5500 2.2555 -3.2321 7574.3500 -1.1122 -1.9730
7575.1500 -0.4656 0.9027 7575.5500 -3.3266 -0.8084 7575.3500 -2.0985 -2.0498
7576.1000 -0.5024 -0.0067 7576.9000 0.0096 0.0010 7576.4000 0.5000 -0.0094
7576.5000 -0.2914 -0.5099 7576.5000 0.2959 -0.5081 7576.5000 0.0081 0.5064
7577.1500 4.2737 1.3878 7577.5500 1.0619 -3.1213 7577.3500 0.8263 1.8622
7578.1500 -4.8253 -3.5879 7578.5500 2.8338 -3.9521 7578.3500 -0.5277 -1.5730
7579.1500 -2.2725 -4.4438 7579.5500 3.2322 0.6194 7579.3500 -2.8917 -4.1668
7580.1500 3.3265 4.5617 7580.5500 3.7307 -0.7588 7580.3500 -1.3690 0.0730
7581.1500 4.2916 0.1563 7581.5500 4.6786 1.7866 7581.3500 3.3378 -0.7727
7582.1500 -3.4708 -4.2733 7582.5500 4.6453 -2.8932 7582.3500 4.2679 -3.9577
7583.1500 -0.8298 0.8632 7583.5500 -2.0863 -1.2865 7583.3500 3.2926 -0.4690
7584.1500 1.5006 -0.4151 7584.5500 -4.7713 -2.6788 7584.3500 -2.5198 -4.6652
7585.1500 0.3114 1.2650 7585.5500 -3.9574 -0.7200 7585.3500 4.6193 3.8499
7586.1000 -0.4999 0.0085 7586.9000 0.0036 -0.0017 7586.4000 0.4977 0.0000
7586.5000 -0.2994 -0.5046 7586.5000 0.3014 -0.4977 7586.5000 -0.0044 0.5007
7587.1500 -4.1184 3.9632 7587.5500 -4.3492 -3.6714 7587.3500 2.4698 4.3767
7588.1000 -0.5049 0.0042 7588.9000 -0.0044 -0.0075 7588.4000 0.4916 -0.0047
7588.5000 -0.2988 -0.5091 7588.5000 0.3043 -0.4928 7588.5000 -0.0062 0.4998
7589.1000 -0.5065 0.0032 7589.9000 -0.0091 0.0089 7589.4000 0.4923 -0.0097
7589.5000 -0.3063 -0.4975 7589.5000 0.3094 -0.5021 7589.5000 0.0055 0.5091
7590.1500 2.2015 4.4959 7590.5500 -0.6510 2.3882 7590.3500 -0.3602 3.8988
7591.1500 3.2244 1.1753 7591.5500 -3.7966 4.9581 7591.3500 -3.3273 -2.8024
7592.1500 1.8818 4.0202 7592.5500 2.6740 0.3764 7592.3500 3.3521 1.5114
7593.1000 -0.5024 0.0038 7593.9000 -0.0090 0.0070 7593.4000 0.4990 0.0087
7593.5000 -0.2935 -0.5082 7593.5000 0.3071 -0.5076 7593.5000 0.0054 0.4984
7594.1500 0.3514 4.7823 7594.5500 -0.3027 0.4036 7594.3500 -0.4573 0.4168
7595.1000 -0.5008 0.0002 7595.9000 -0.0019 -0.0099 7595.4000 0.5050 -0.0034
7595.5000 -0.3052 -0.5012 7595.5000 0.2982 -0.5017 7595.5000 0.0034 0.4983
7596.1500 4.5410 1.4283 7596.5500 -3.1937 -1.1082 7596.3500 1.6300 1.8622
7597.1500 -1.8729 -3.8289 7597.5500 -1.9860 -2.4999 7597.3500 -3.9962 -1.5639
7598.1500 -2.3573 2.2835 7598.5500 1.9786 1.4029 7598.3500 3.7238 4.5774
7599.1500 1.7638 2.1454 7599.5500 -4.8117 2.1801 7599.3500 4.2732 -1.5754
7600.1500 4.9817 -2.3918 7600.5500 3.4255 1.0176 7600.3500 2.7163 -0.7820
7601.1500 -3.8957 0.9347 7601.5500 -4.8297 1.3545 7601.3500 -0.5982 3.4447
7602.1500 -2.8624 -3.1643 7602.5500 0.5258 1.3380 7602.3500 -1.3259 -1.2206
7603.1000 -0.5099 -0.0009 7603.9000 0.0019 0.0094 7603.4000 0.5055 -0.0017
7603.5000 -0.3076 -0.4936 7603.5000 0.2986 -0.4934 7603.5000 0.0066 0.4990
7604.1500 3.6589 2.9081 7604.5500 4.1867 -2.0075 7604.3500 -4.7503 -1.3388
7605.1500 -3.4228 -0.0728 7605.5500 -4.1842 1.1404 7605.3500 -2.7977 -1.2592
7606.1000 -0.4983 0.0079 7606.9000 0.0040 0.0034 7606.4000 0.5054 0.0017
7606.5000 -0.2970 -0.4992 7606.5000 0.3019 -0.4920 7606.5000 -0.0063 0.5053
7607.1500 0.3573 -0.3261 7607.5500 3.6909 -0.7562 7607.3500 2.6178 3.8969
7608.1500 0.7705 0.9475 7608.5500 -0.5308 0.2868 7608.3500 -2.5100 -4.4312
7609.1000 -0.4983 -0.0032 7609.9000 -0.0011 0.0003 7609.4000 0.5061 -0.0039
7609.5000 -0.3084 -0.4951 7609.5000 0.2961 -0.5003 7609.5000 -0.0060 0.4956
7610.1500 3.7686 -3.7618 7610.5500 2.0854 -3.9400 7610.3500 -2.5485 2.8668
7611.1500 3.2820 -2.5222 7611.5500 4.0135 0.6134 7611.3500 3.2015 3.0664
7612.1500 3.8302 4.8959 7612.5500 4.1930 -4.3609 7612.3500 -2.1485 -0.1942
7613.1500 -3.6879 -2.2791 7613.5500 -1.9545 -4.8559 7613.3500 3.4692 -0.7164
7614.1500 -2.8890 0.5490 7614.5500 2.5592 -0.5600 7614.3500 3.6615 -0.5234
7615.1500 -4.6405 4.3764 7615.5500 2.6066 -4.8472 7615.3500 2.2435 -0.4997
7616.1500 1.4850 -0.4408 7616.5500 -4.2210 2.0682 7616.3500 0.6583 2.3682
7617.1500 0.8718 2.4434 7617.5500 -1.8304 2.3413 7617.3500 1.4220 4.6904
7618.1500 3.5445 -1.0612 7618.5500 0.9601 -2.3606 7618.3500 -0.9978 -1.2428
7619.1500 -4.7400 0.1700 7619.5500 4.4383 -3.7757 7619.3500 -4.9910 0.3096
7620.1500 0.7814 -0.4815 7620.5500 -2.3261 3.9000 7620.3500 4.6981 3.8869
7621.1500 4.5853 3.9473 7621.5500 2.8366 -0.0632 7621.3500 -1.0467 -0.5108
7622.1500 2.1802 0.0285 7622.5500 -4.1252 4.8356 7622.3500 3.6351 1.7414
7623.1500 0.2416 1.3677 7623.5500 0.7357 -0.2427 7623.3500 1.9870 -3.2402
7624.1500 4.2760 -4.4452 7624.5500 -2.5742 -3.2867 7624.3500 -4.1069 0.2974
7625.1000 -0.5040 -0.0075 7625.9000 -0.0096 0.0042 7625.4000 0.5025 -0.0021
7625.5000 -0.2943 -0.4975 7625.5000 0.2993 -0.5002 7625.5000 -0.0003 0.4973
7626.1000 -0.5009 -0.0026 7626.9000 -0.0100 -0.0058 7626.4000 0.4928 0.0084
7626.5000 -0.3091 -0.4925 7626.5000 0.3028 -0.5033 7626.5000 0.0025 0.4996
7627.1500 3.8154 -4.1387 7627.5500 4.8830 -0.7013 7627.3500 -2.8044 1.7026
7628.1500 2.2263 -3.4492 7628.5500 3.7786 -2.8022 7628.3500 -4.5515 0.8007
7629.1000 -0.5080 0.0094 7629.9000 0.0086 -0.0001 7629.4000 0.5097 -0.0059
7629.5000 -0.2908 -0.4949 7629.5000 0.2981 -0.4975 7629.5000 -0.0044 0.4934
7630.1500 -0.5014 1.3495 7630.5500 3.4683 -4.4703 7630.3500 -0.6922 -1.7495
7631.1500 -0.5439 -1.4277 7631.5500 3.2918 -4.0771 7631.3500 1.8100 4.7730
7632.1500 3.6449 -0.0513 7632.5500 4.9868 1.9960 7632.3500 4.1257 2.5884
7633.1000 -0.5094 -0.0059 7633.9000 0.0094 -0.0028 7633.4000 0.5037 -0.0056
7633.5000 -0.3022 -0.4901 7633.5000 0.2928 -0.4993 7633.5000 -0.0094 0.5084
7634.1500 1.3245 4.5579 7634.5500 3.6677 3.4060 7634.3500 2.6308 4.6593
7635.1500 3.1803 3.1906 7635.5500 -3.7024 4.7755 7635.3500 0.7726 -2.8622
7636.1500 -3.7735 0.2242 7636.5500 0.5778 2.6322 7636.3500 3.0018 -0.6146
7637.1500 0.1934 2.5669 7637.5500 2.5115 -2.8091 7637.3500 0.0454 3.0415
7638.1500 -0.1084 4.0381 7638.5500 4.7520 -2.8393 7638.3500 -4.2571 -2.0684
7639.1500 -3.4244 -2.1152 7639.5500 -4.2703 -3.9401 7639.3500 3.6885 -4.4617
7640.1000 -0.5009 -0.0060 7640.9000 -0.0014 -0.0036 7640.4000 0.4976 0.0090
7640.5000 -0.3045 -0.4917 7640.5000 0.2987 -0.4971 7640.5000 -0.0026 0.5076
7641.1000 -0.5060 -0.0044 7641.9000 -0.0026 -0.0021 7641.4000 0.4980 -0.0001
7641.5000 -0.2986 -0.5030 7641.5000 0.3089 -0.4951 7641.5000 -0.0095 0.5061
7642.1500 -2.0509 0.3487 7642.5500 0.6549 -1.0431 7642.3500 -3.4869 -2.9830
7643.1500 4.5867 -1.0464 7643.5500 -3.3979 4.5241 7643.3500 -3.7696 -1.9917
7644.1500 -4.6339 -0.0720 7644.5500 3.1050 -0.7069 7644.3500 -2.8601 4.3444
7645.1500 3.8628 0.7966 7645.5500 0.3562 4.7109 7645.3500 -0.3518 -3.2266
7646.1500 0.1596 -1.3910 7646.5500 0.5964 -0.9885 7646.3500 4.9344 4.2298
7647.1500 -4.5325 0.6124 7647.5500 3.2476 -1.7631 7647.3500 -3.4578 -0.9927
7648.1500 -3.2117 -3.2263 7648.5500 -2.9240 1.0713 7648.3500 4.8149 -3.4015
7649.1500 2.5288 -4.3190 7649.5500 1.6465 3.3375 7649.3500 -0.2523 4.5371
7650.1500 -1.4999 3.5080 7650.5500 3.8929 2.9016 7650.3500 -2.5655 -4.0284
7651.1500 -3.9656 1.5277 7651.5500 3.7251 2.5220 7651.3500 0.5534 -4.8728
7652.1500 -1.2778 4.8295 7652.5500 -2.9526 1.7853 7652.3500 -2.7234 -1.0312
7653.1500 -2.7520 -1.9258 7653.5500 4.9907 -3.7559 7653.3500 0.1868 -3.1232
7654.1500 -0.5021 2.3925 7654.5500 -1.6569 4.8903 7654.3500 2.7371 -0.4247
7655.1500 -4.7785 -2.0588 7655.5500 -0.6703 0.4644 7655.3500 2.0506 -0.1012
7656.1500 -2.2296 4.2169 7656.5500 -4.2544 -2.0018 7656.3500 -2.3020 2.2168
7657.1500 4.5580 4.3800 7657.5500 -4.6237 -4.1295 7657.3500 0.3702 -3.2447
7658.1500 -0.1084 2.6403 7658.5500 3.0921 4.7411 7658.3500 -3.4747 -2.6145
7659.1500 -2.5666 -0.0999 7659.5500 -0.3540 0.9416 7659.3500 -0.4798 -1.5889
7660.1500 -3.5611 3.5912 7660.5500 -3.5311 4.1039 7660.3500 -0.6123 3.3341
7661.1000 -0.4910 -0.0070 7661.9000 0.0033 -0.0068 7661.4000 0.5061 0.0058
7661.5000 -0.2949 -0.4923 7661.5000 0.3087 -0.4922 7661.5000 0.0062 0.4928
7662.1500 2.7749 3.1560 7662.5500 2.2529 -3.2726 7662.3500 -1.7159 -2.4501
7663.1500 0.9927 2.1689 7663.5500 2.6222 0.1206 7663.3500 0.8674 -2.0287
7664.1000 -0.5057 0.0006 7664.9000 -0.0093 0.0003 7664.4000 0.5045 0.0058
7664.5000 -0.3070 -0.5061 7664.5000 0.2922 -0.5057 7664.5000 0.0087 0.5076
7665.1500 -4.6461 -1.5778 7665.5500 2.7447 -3.2827 7665.3500 -4.2199 -4.1711
7666.1500 4.6353 3.5240 7666.5500 -2.4309 -2.7971 7666.3500 -1.5548 -2.1300
7667.1500 1.0289 -1.8422 7667.5500 4.4491 -3.1471 7667.3500 2.4778 0.2505
7668.1500 -4.2886 4.7138 7668.5500 -3.7772 -0.2220 7668.3500 -4.2212 -0.7993
7669.1500 3.3378 -4.6825 7669.5500 -3.6988 2.5609 7669.3500 0.9150 1.3192
7670.1500 -4.0177 2.1709 7670.5500 0.2573 1.8767 7670.3500 3.7734 -4.1018
7671.1500 -2.8108 2.3599 7671.5500 3.7201 -4.5787 7671.3500 2.1325 0.7550
7672.1500 -3.3160 1.9408 7672.5500 -0.3424 -3.7664 7672.3500 1.1697 -3.0982
7673.1000 -0.5071 -0.0013 7673.9000 -0.0007 -0.0083 7673.4000 0.5027 -0.0071
7673.5000 -0.3077 -0.4924 7673.5000 0.2925 -0.4947 7673.5000 -0.0053 0.4994
7674.1500 -4.7985 3.0728 7674.5500 1.9647 -4.3615 7674.3500 -2.5992 -3.2536
7675.1500 0.3570 1.0070 7675.5500 -2.5172 4.3910 7675.3500 -1.4729 1.9894
7676.1500 1.8283 3.3521 7676.5500 -2.2725 0.6751 7676.3500 2.8249 4.1289
7677.1500 3.1418 0.0419 7677.5500 -2.1371 -1.1308 7677.3500 2.0923 1.9558
7678.1500 4.4221 -4.3828 7678.5500 3.5191 -1.1483 7678.3500 3.7610 -0.5296
7679.1500 1.6746 -3.4924 7679.5500 -2.0107 1.4232 7679.3500 3.0721 -4.9545
7680.1500 3.0422 -1.8664 7680.5500 4.5606 4.0757 7680.3500 0.4346 -2.3035
7681.1500 -0.7318 -3.8903 7681.5500 -2.8734 -2.5071 7681.3500 3.6910 -3.7738
7682.1500 -1.7739 -4.9140 7682.5500 -1.6046 -3.0024 7682.3500 1.3326 0.9555
7683.1500 -3.8836 2.9023 7683.5500 4.0970 0.4777 7683.3500 4.4693 2.7187
7684.1500 1.4965 3.4583 7684.5500 2.0086 -1.5147 7684.3500 1.8087 -1.7299
7685.1500 -1.4590 -4.2016 7685.5500 -4.5440 -0.2556 7685.3500 -1.9169 1.9830
7686.1500 2.4047 -2.4026 7686.5500 -3.3593 0.3649 7686.3500 -0.8417 4.1336
7687.1500 1.8377 -4.7028 7687.5500 3.3293 -2.4061 7687.3500 -0.2501 -3.1405
7688.1500 3.7923 -0.5948 7688.5500 -1.2275 2.2841 7688.3500 -3.4994 -2.6112
7689.1500 1.4095 -4.0855 7689.5500 -3.3463 3.1213 7689.3500 -1.2417 3.5301
7690.1500 3.1868 -1.2261 7690.5500 3.1172 -1.0625 7690.3500 -1.4936 0.6231
7691.1500 0.7165 1.0435 7691.5500 2.3951 3.0664 7691.3500 -4.8437 -2.0966
7692.1500 0.4637 0.6661 7692.5500 -1.5117 3.8673 7692.3500 -3.7988 -1.2519
7693.1000 -0.5045 0.0024 7693.9000 0.0095 0.0087 7693.4000 0.5031 0.0076
7693.5000 -0.2995 -0.4941 7693.5000 0.3041 -0.5080 7693.5000 -0.0020 0.4904
7694.1500 3.5005 3.3506 7694.5500 -2.4873 -2.9533 7694.3500 -4.5628 -1.8808
7695.1500 -2.2014 0.3510 7695.5500 -3.0310 -3.0102 7695.3500 -1.1954 -3.6690
7696.1500 -4.8020 1.1283 7696.5500 -0.5487 3.2930 7696.3500 -2.2847 -3.3594
7697.1500 3.8975 -4.6356 7697.5500 -2.3350 -4.4153 7697.3500 -4.4526 -2.7454
7698.1500 2.3297 2.7888 7698.5500 -4.5690 3.4293 7698.3500 -2.0294 2.4612
7699.1500 -4.8472 -3.2496 7699.5500 -3.5294 1.1869 7699.3500 -4.6662 -1.5112
7700.1500 3.8925 2.0959 7700.5500 3.1472 1.5292 7700.3500 0.1854 3.2939
7701.1500 -0.5266 3.5907 7701.5500 1.8341 0.8900 7701.3500 -2.1689 -1.9801
7702.1500 -4.9614 1.5763 7702.5500 -0.0280 3.9997 7702.3500 4.4889 -1.9157
7703.1500 -3.8764 4.8008 7703.5500 -0.2920 3.5143 7703.3500 1.2163 -4.2346
7704.1500 -0.8785 -1.8222 7704.5500 1.6856 -2.1313 7704.3500 -1.7944 -1.2134
7705.1500 -3.0837 4.3478 7705.5500 -3.6429 -1.4152 7705.3500 0.2520 3.7308
7706.1500 -3.5317 -3.8852 7706.5500 1.0089 4.4529 7706.3500 -1.0051 -1.2189
7707.1500 -4.7989 1.0951 7707.5500 -3.3723 -3.0379 7707.3500 -0.7888 2.8260
7708.1500 0.4012 -3.6610 7708.5500 -1.6190 1.0982 7708.3500 4.2811 -4.0923
7709.1500 2.7964 4.6736 7709.5500 0.9784 3.2415 7709.3500 -3.8484 -4.9882
7710.1500 2.2364 1.7053 7710.5500 2.9176 -3.6948 7710.3500 2.7960 -2.8818
7711.1500 4.0396 4.0017 7711.5500 0.6624 -3.0323 7711.3500 3.3412 -0.5201
7712.1500 -3.3681 3.4168 7712.5500 3.7460 0.8530 7712.3500 -2.6996 1.7420
7713.1000 -0.4918 0.0023 7713.9000 0.0076 0.0048 7713.4000 0.4924 0.0036
7713.5000 -0.3086 -0.4940 7713.5000 0.2917 -0.5064 7713.5000 0.0039 0.5016
7714.1500 -2.2230 -4.0139 7714.5500 3.0191 4.1285 7714.3500 1.2963 3.8859
7715.1500 0.4831 -3.7853 7715.5500 1.3550 3.4196 7715.3500 4.6391 2.6868
7716.1500 -3.9850 1.7976 7716.5500 3.5789 -4.3000 7716.3500 -0.5715 1.8543
7717.1500 3.1615 1.9421 7717.5500 -1.1467 -0.3455 7717.3500 2.0736 1.6439
7718.1500 -2.0209 -0.1778 7718.5500 -2.8372 -0.8822 7718.3500 -4.5932 3.4568
7719.1500 -3.3669 0.2561 7719.5500 -0.3080 -1.0848 7719.3500 3.0242 -1.1707
7720.1500 2.2062 3.9579 7720.5500 4.5585 3.7305 7720.3500 -0.6826 -2.0243
7721.1500 1.2343 -2.3248 7721.5500 -2.5592 -2.6654 7721.3500 3.5189 -4.6077
7722.1500 -3.1981 0.0086 7722.5500 -1.3594 4.8075 7722.3500 -0.8434 -2.2992
7723.1500 1.1257 -3.5803 7723.5500 -4.0402 -1.7083 7723.3500 -3.2501 -0.9405
7724.1500 -1.5021 -4.4064 7724.5500 4.6874 0.9363 7724.3500 3.5645 4.3395
7725.1500 1.2946 -2.9148 7725.5500 1.8812 -0.8622 7725.3500 0.2529 -3.9379
7726.1500 0.2827 -0.4217 7726.5500 -1.4357 4.7466 7726.3500 2.4020 -4.5721
7727.1500 4.9086 -3.1863 7727.5500 -0.0545 4.7064 7727.3500 -1.5607 2.6434
7728.1500 -4.4139 -1.0206 7728.5500 -2.0626 -3.6879 7728.3500 3.5669 -3.5882
7729.1000 -0.4992 -0.0051 7729.9000 -0.0074 -0.0098 7729.4000 0.4922 -0.0078
7729.5000 -0.2949 -0.5069 7729.5000 0.3055 -0.5080 7729.5000 -0.0091 0.5003
7730.1500 -1.8920 -3.8265 7730.5500 0.0650 2.8142 7730.3500 4.8129 -1.0147
7731.1500 -3.6008 1.7184 7731.5500 -0.8396 -0.1781 7731.3500 0.7749 -3.3411
7732.1500 2.9446 -0.3424 7732.5500 0.2312 0.8356 7732.3500 3.6206 -2.9125
7733.1500 4.7819 -0.6220 7733.5500 3.6413 0.5590 7733.3500 -4.5656 -1.8392
7734.1000 -0.4905 -0.0032 7734.9000 -0.0073 -0.0043 7734.4000 0.4946 -0.0008
7734.5000 -0.3045 -0.4989 7734.5000 0.3052 -0.5075 7734.5000 -0.0044 0.4915
7735.1500 1.5131 -3.9908 7735.5500 2.2010 -0.1382 7735.3500 -3.6405 3.0066
7736.1500 -1.3282 2.6141 7736.5500 -4.3096 -3.2035 7736.3500 0.6460 3.6348
7737.1500 -0.0988 -4.3596 7737.5500 4.0504 1.0589 7737.3500 -4.2229 4.5984
7738.1500 -1.5705 -0.8646 7738.5500 4.5898 3.1614 7738.3500 -4.5129 2.4520
7739.1500 3.1310 -4.3534 7739.5500 1.6075 0.0100 7739.3500 -4.5421 -3.5981
7740.1500 -2.8890 4.7572 7740.5500 -4.1922 -0.9964 7740.3500 0.3024 4.7205
7741.1500 0.1232 -4.1175 7741.5500 -4.9037 -0.8136 7741.3500 1.7238 -3.9415
7742.1000 -0.4957 0.0018 7742.9000 0.0064 0.0082 7742.4000 0.4929 0.0006
7742.5000 -0.3088 -0.4932 7742.5000 0.3062 -0.5033 7742.5000 -0.0063 0.4916
7743.1500 -3.8719 -1.8006 7743.5500 0.2383 0.3321 7743.3500 0.7243 0.3694
7744.1500 -0.8320 -3.0803 7744.5500 1.4303 4.6328 7744.3500 0.0815 2.7746
7745.1500 -4.5317 -0.8063 7745.5500 -1.3961 -2.4073 7745.3500 -4.6294 -4.7550
7746.1500 -4.0028 -1.2688 7746.5500 -0.3201 -2.3647 7746.3500 -4.9585 2.2556
7747.1500 -3.4759 4.7699 7747.5500 -2.3192 2.6511 7747.3500 -2.8863 -1.6740
7748.1500 4.1858 -4.3880 7748.5500 1.3105 -3.3596 7748.3500 2.9414 -3.9374
7749.1500 3.6800 -2.7740 7749.5500 4.3245 4.4230 7749.3500 4.8777 -0.9221
7750.1500 -0.0181 3.8866 7750.5500 -0.4721 1.7793 7750.3500 -0.8635 2.7096
7751.1500 -1.4095 4.1617 7751.5500 -2.6132 4.1423 7751.3500 3.4685 4.3786
7752.1500 -4.9658 -3.7948 7752.5500 1.4538 -1.8786 7752.3500 -3.8273 -4.7301
7753.1000 -0.4923 -0.0069 7753.9000 -0.0034 0.0062 7753.4000 0.5034 -0.0053
7753.5000 -0.2998 -0.5024 7753.5000 0.3002 -0.4937 7753.5000 0.0025 0.5075
7754.1500 4.3269 0.6171 7754.5500 -3.8579 1.6753 7754.3500 0.0451 0.7192
7755.1500 -2.7610 0.6993 7755.5500 -2.9069 2.6552 7755.3500 0.8451 -2.1126
7756.1500 -2.7839 3.5524 7756.5500 2.5953 -4.7639 7756.3500 -2.5884 2.6505
7757.1500 3.9859 -2.8119 7757.5500 -4.0709 -0.0294 7757.3500 -4.6950 0.2186
7758.1500 -0.4282 2.1988 7758.5500 4.3376 3.1234 7758.3500 -1.3551 1.2709
7759.1500 3.4606 2.6880 7759.5500 0.7076 4.9947 7759.3500 -4.9612 -3.5479
7760.1500 -2.2675 1.4753 7760.5500 -0.1804 0.9560 7760.3500 4.1662 -2.9718
7761.1500 4.6166 3.4373 7761.5500 4.7370 -4.1442 7761.3500 -2.0306 -1.2876
7762.1000 -0.5055 0.0076 7762.9000 -0.0005 0.0010 7762.4000 0.4995 0.0081
7762.5000 -0.3063 -0.5089 7762.5000 0.2998 -0.5006 7762.5000 0.0022 0.5036
7763.1000 -0.4965 0.0010 7763.9000 0.0006 -0.0058 7763.4000 0.4988 -0.0051
7763.5000 -0.2999 -0.4981 7763.5000 0.3060 -0.4944 7763.5000 0.0058 0.5078
7764.1500 2.1958 -0.3514 7764.5500 4.2179 3.3997 7764.3500 0.6380 -2.8330
7765.1000 -0.4974 0.0064 7765.9000 0.0007 -0.0016 7765.4000 0.5076 0.0030
7765.5000 -0.3099 -0.4992 7765.5000 0.2926 -0.4996 7765.5000 0.0070 0.5042
7766.1000 -0.4988 -0.0059 7766.9000 0.0046 -0.0022 7766.4000 0.5076 0.0042
7766.5000 -0.2928 -0.4998 7766.5000 0.3031 -0.4921 7766.5000 -0.0097 0.5029
7767.1500 3.7178 -4.3675 7767.5500 -2.9507 0.7337 7767.3500 -4.5320 1.8476
7768.1500 -3.9686 -3.0824 7768.5500 3.1765 0.2247 7768.3500 0.4194 -2.0132
7769.1500 -0.9062 -2.6530 7769.5500 2.2408 2.6165 7769.3500 -3.0740 -1.6699
7770.1000 -0.4993 0.0006 7770.9000 0.0020 0.0007 7770.4000 0.4999 -0.0048
7770.5000 -0.3048 -0.4986 7770.5000 0.2932 -0.4988 7770.5000 -0.0012 0.4964
7771.1500 -1.7268 -0.0823 7771.5500 -4.9116 -3.5563 7771.3500 4.6174 2.2718
7772.1500 -4.9910 0.1528 7772.5500 1.7428 0.4175 7772.3500 -1.8334 1.9471
7773.1500 1.2691 2.1615 7773.5500 0.7837 -4.5752 7773.3500 -3.6752 -3.6011
7774.1500 -3.2839 -1.2324 7774.5500 4.7793 -0.3081 7774.3500 -4.7245 -2.2139
7775.1500 -4.7974 -4.0700 7775.5500 4.9140 2.6886 7775.3500 -0.9848 -0.4503
7776.1500 -1.2315 -3.5532 7776.5500 2.6935 -4.3305 7776.3500 -3.6374 -2.0520
7777.1500 -2.1668 1.4027 7777.5500 -4.7974 2.1605 7777.3500 0.7670 3.6136
7778.1500 1.1330 0.0957 7778.5500 3.7023 -4.0857 7778.3500 2.4947 -3.4816
7779.1000 -0.5050 -0.0089 7779.9000 0.0087 -0.0037 7779.4000 0.5047 0.0090
7779.5000 -0.3017 -0.5022 7779.5000 0.2911 -0.5061 7779.5000 -0.0078 0.4983
7780.1500 3.2865 -3.2275 7780.5500 -0.2663 -3.8841 7780.3500 0.0150 3.2820
7781.1500 -1.8015 -3.7154 7781.5500 0.8787 -4.3775 7781.3500 -2.9035 -0.2206
7782.1500 1.2176 4.9568 7782.5500 -1.9113 -4.3020 7782.3500 -4.2635 1.9058
7783.1500 1.6716 3.3124 7783.5500 -1.2331 -1.4755 7783.3500 3.3703 4.5770
7784.1500 -2.9357 3.4694 7784.5500 3.4274 -0.9811 7784.3500 -1.8622 2.8634
7785.1500 -3.3834 -1.7849 7785.5500 -0.5158 2.5877 7785.3500 3.3806 -4.0716
7786.1000 -0.4924 -0.0092 7786.9000 0.0094 -0.0092 7786.4000 0.5067 0.0057
7786.5000 -0.2937 -0.5074 7786.5000 0.2962 -0.4907 7786.5000 -0.0063 0.4910
7787.1500 -4.3220 -4.8024 7787.5500 -1.7173 3.5822 7787.3500 4.0415 4.4911
7788.1500 -0.5916 -4.1564 7788.5500 -0.9333 1.9951 7788.3500 -4.9769 4.7843
7789.1500 -3.7601 -2.3281 7789.5500 -2.7930 0.3183 7789.3500 2.9981 3.0638
7790.1500 -1.4712 -4.5992 7790.5500 1.4633 -1.2055 7790.3500 -4.1414 3.2871
7791.1500 2.6418 -0.9941 7791.5500 -1.2339 -1.0857 7791.3500 3.4002 -2.8235
7792.1000 -0.4962 -0.0073 7792.9000 0.0059 -0.0090 7792.4000 0.4937 -0.0096
7792.5000 -0.2953 -0.4902 7792.5000 0.2918 -0.4997 7792.5000 -0.0052 0.4985
7793.1500 -4.5134 2.6988 7793.5500 1.5270 -1.2204 7793.3500 -3.4246 4.4312
7794.1000 -0.4946 -0.0087 7794.9000 -0.0029 -0.0001 7794.4000 0.5047 -0.0043
7794.5000 -0.2993 -0.5052 7794.5000 0.3089 -0.4944 7794.5000 0.0074 0.5063
7795.1000 -0.4962 0.0099 7795.9000 0.0083 0.0027 7795.4000 0.4973 0.0082
7795.5000 -0.3073 -0.4919 7795.5000 0.3031 -0.5043 7795.5000 0.0094 0.4957
7796.1000 -0.4980 0.0057 7796.9000 0.0017 -0.0026 7796.4000 0.5073 0.0006
7796.5000 -0.3032 -0.4967 7796.5000 0.3011 -0.4982 7796.5000 -0.0027 0.4943
7797.1500 -1.7177 -3.1874 7797.5500 4.9322 -4.4380 7797.3500 -0.2022 1.9332
7798.1500 2.3536 2.6677 7798.5500 1.9789 1.8780 7798.3500 3.5180 -4.7897
7799.1500 4.0494 -0.4112 7799.5500 -1.8489 4.6445 7799.3500 2.7259 3.6197
7800.1500 -4.0174 -3.2758 7800.5500 0.3102 0.4091 7800.3500 4.0200 0.3321
7801.1500 4.8282 -1.5267 7801.5500 -0.0067 1.6745 7801.3500 -0.6816 -1.1414
7802.1500 4.2736 3.8643 7802.5500 -3.3673 0.8557 7802.3500 1.3039 -3.4182
7803.1500 3.2186 3.9250 7803.5500 -4.3678 -3.5765 7803.3500 -2.8200 -1.3188
7804.1500 1.5473 3.4452 7804.5500 0.3987 -0.9551 7804.3500 2.2832 2.4488
7805.1500 4.0607 -0.8778 7805.5500 2.6870 1.9995 7805.3500 1.5563 -3.2568
7806.1500 -2.3297 0.4772 7806.5500 4.6520 4.8474 7806.3500 4.9632 -0.5222
7807.1500 -4.9595 -0.1071 7807.5500 -3.1400 -1.4371 7807.3500 -2.2610 1.3473
7808.1500 -1.4415 -3.2405 7808.5500 -1.9744 -3.3849 7808.3500 -3.6946 -3.4174
7809.1500 -2.7813 -2.3217 7809.5500 1.8689 -3.4487 7809.3500 -2.8324 3.8622
7810.1500 -4.7997 -4.8028 7810.5500 -3.5413 3.3065 7810.3500 3.2792 1.3709
7811.1000 -0.4930 -0.0037 7811.9000 -0.0041 -0.0035 7811.4000 0.4960 -0.0025
7811.5000 -0.2985 -0.4985 7811.5000 0.2956 -0.5003 7811.5000 0.0089 0.4965
7812.1500 0.6270 -2.8392 7812.5500 -3.8199 4.6993 7812.3500 0.8238 -1.9714
7813.1500 -0.8366 3.5846 7813.5500 1.8373 4.1358 7813.3500 4.7955 2.2955
7814.1500 -3.2742 -3.8635 7814.5500 2.0950 3.1859 7814.3500 0.5570 0.6988
7815.1500 -1.7053 3.9229 7815.5500 -1.4403 1.5750 7815.3500 0.6937 3.4420
7816.1500 4.7870 3.6331 7816.5500 -3.8872 0.9842 7816.3500 -4.9430 1.2817
7817.1500 -1.3879 -2.4516 7817.5500 2.1736 -1.0415 7817.3500 -4.3071 4.6841
7818.1500 4.8696 -4.5277 7818.5500 -2.4767 3.7565 7818.3500 -0.1367 4.3944
7819.1500 2.4683 -0.3081 7819.5500 -4.9399 -0.7265 7819.3500 -1.1270 -2.7693
7820.1500 2.0816 3.9410 7820.5500 4.1751 -4.5110 7820.3500 -3.4226 -3.3532
7821.1500 0.3625 3.7452 7821.5500 4.3007 -2.0219 7821.3500 2.3680 -4.5275
7822.1500 3.7208 -4.4445 7822.5500 -1.9689 -4.3598 7822.3500 -3.7718 0.6879
7823.1500 -4.8427 3.7890 7823.5500 4.0216 4.7450 7823.3500 -3.7366 -4.5892
7824.1500 -3.5425 -1.1948 7824.5500 -0.8616 3.1199 7824.3500 -2.9069 4.9380
7825.1500 -4.1522 -4.1151 7825.5500 3.9763 2.9922 7825.3500 0.3333 4.1122
7826.1500 4.8283 3.7113 7826.5500 0.4618 -2.3666 7826.3500 0.9120 -4.7573
7827.1500 1.1145 4.2462 7827.5500 -4.9389 0.7128 7827.3500 2.8594 2.0429
7828.1500 -1.1211 -4.6312 7828.5500 1.0976 1.8190 7828.3500 -1.1991 4.1522
7829.1500 -1.1259 4.5309 7829.5500 4.6062 -3.4624 7829.3500 0.5273 -2.0697
7830.1500 2.1136 -1.1078 7830.5500 0.8558 4.9716 7830.3500 -4.7498 4.2629
7831.1500 -3.5413 -4.0484 7831.5500 -0.8093 4.5603 7831.3500 -3.6895 3.7926
7832.1500 4.6147 -2.9333 7832.5500 3.3823 -1.2773 7832.3500 0.9229 1.0439
7833.1500 2.8208 2.7562 7833.5500 -4.5043 -4.7790 7833.3500 2.4125 -3.7776
7834.1500 0.9391 -3.4947 7834.5500 -2.9043 1.5816 7834.3500 4.1944 -3.6939
7835.1000 -0.5062 0.0090 7835.9000 0.0021 -0.0082 7835.4000 0.5028 -0.0048
7835.5000 -0.2960 -0.4956 7835.5000 0.2992 -0.5049 7835.5000 0.0007 0.5092
7836.1500 3.2368 0.7469 7836.5500 0.2390 0.6594 7836.3500 2.1946 0.0487
7837.1500 0.3667 -4.9399 7837.5500 -3.9753 -0.3654 7837.3500 -0.0510 4.8909
7838.1500 3.2029 -2.3501 7838.5500 2.2378 1.6441 7838.3500 -0.5360 -3.5225
7839.1000 -0.5064 -0.0063 7839.9000 -0.0072 0.0012 7839.4000 0.4983 -0.0091
7839.5000 -0.2986 -0.5088 7839.5000 0.2972 -0.5095 7839.5000 0.0018 0.5071
7840.1500 -1.4280 -1.8644 7840.5500 4.1371 -4.1327 7840.3500 4.3550 2.6176
7841.1500 -0.7007 -2.9751 7841.5500 0.8041 -2.1196 7841.3500 -1.2755 -3.7481
7842.1500 4.4857 -2.9312 7842.5500 -3.9684 1.2681 7842.3500 0.8844 -1.9091
7843.1500 0.5582 2.3836 7843.5500 -4.9431 4.9927 7843.3500 -2.8040 -1.9909
7844.1500 0.7564 -0.8205 7844.5500 -4.3499 -4.1781 7844.3500 3.0985 2.6949
7845.1500 1.5803 0.5643 7845.5500 -0.0737 -2.1795 7845.3500 0.9118 1.1763
7846.1500 -3.5141 1.2456 7846.5500 3.2074 0.5565 7846.3500 0.2021 2.3138
7847.1500 4.9398 0.6382 7847.5500 3.5198 -0.4287 7847.3500 2.3110 -3.0131
7848.1500 -0.2394 2.4258 7848.5500 3.3314 -0.8568 7848.3500 3.5278 -2.6443
7849.1500 -3.1117 4.9016 7849.5500 4.2180 -2.9184 7849.3500 4.5833 -3.3862
7850.1500 1.8381 -4.4417 7850.5500 1.8744 2.5853 7850.3500 -2.5084 1.6046
7851.1500 -1.5767 -3.1205 7851.5500 -2.1431 3.2799 7851.3500 2.4853 0.3134
7852.1000 -0.4947 -0.0045 7852.9000 0.0048 -0.0020 7852.4000 0.5028 0.0080
7852.5000 -0.3034 -0.4959 7852.5000 0.3062 -0.5086 7852.5000 0.0010 0.4902
7853.1500 -0.7606 2.7999 7853.5500 -0.0655 -1.9932 7853.3500 -1.1943 2.0467
7854.1500 3.6789 1.9125 7854.5500 3.1584 3.1504 7854.3500 -0.9791 -4.9517
7855.1000 -0.4945 -0.0054 7855.9000 0.0043 0.0028 7855.4000 0.5095 0.0034
7855.5000 -0.3043 -0.5053 7855.5000 0.3050 -0.4952 7855.5000 0.0039 0.5085
7856.1500 -1.8574 -1.6664 7856.5500 -4.2484 -2.1489 7856.3500 3.5620 2.6255
7857.1500 0.2370 0.7391 7857.5500 4.6924 -2.5416 7857.3500 1.2518 -1.8894
7858.1500 -3.1251 0.9152 7858.5500 -2.1137 4.1433 7858.3500 0.6312 4.0781
7859.1000 -0.5033 -0.0062 7859.9000 0.0071 0.0059 7859.4000 0.5069 -0.0076
7859.5000 -0.2991 -0.5041 7859.5000 0.2954 -0.4952 7859.5000 0.0002 0.4993
7860.1500 -2.7105 4.7789 7860.5500 -3.2092 -2.0683 7860.3500 -4.7174 1.3115
7861.1000 -0.5093 0.0019 7861.9000 -0.0033 0.0012 7861.4000 0.4933 0.0077
7861.5000 -0.2913 -0.4968 7861.5000 0.2938 -0.4992 7861.5000 -0.0008 0.4959
7862.1500 -1.2782 0.2737 7862.5500 -0.2963 3.8650 7862.3500 4.9536 -0.9389
7863.1500 0.8830 -4.3147 7863.5500 -4.6837 1.5941 7863.3500 0.8408 0.0410
7864.1500 -0.3021 2.6201 7864.5500 0.7742 2.1873 7864.3500 -1.3538 0.2541
7865.1500 -2.2085 1.8623 7865.5500 -3.0161 0.6128 7865.3500 1.0039 0.7255
7866.1500 2.8316 0.4297 7866.5500 4.6038 -4.2389 7866.3500 -1.9839 4.4011
7867.1500 2.5787 0.8201 7867.5500 -4.6300 3.4855 7867.3500 -1.8487 3.9886
7868.1500 4.8166 1.0460 7868.5500 -0.8136 0.4434 7868.3500 3.8939 1.4094
7869.1000 -0.4971 -0.0069 7869.9000 0.0086 -0.0042 7869.4000 0.4912 0.0085
7869.5000 -0.3051 -0.5059 7869.5000 0.3053 -0.4957 7869.5000 0.0098 0.4987
7870.1000 -0.4932 -0.0052 7870.9000 -0.0090 -0.0043 7870.4000 0.4909 -0.0013
7870.5000 -0.3048 -0.5100 7870.5000 0.2969 -0.5000 7870.5000 0.0026 0.5045
7871.1000 -0.4984 -0.0064 7871.9000 0.0038 -0.0003 7871.4000 0.5023 0.0035
7871.5000 -0.3026 -0.5054 7871.5000 0.2933 -0.4990 7871.5000 0.0098 0.5019
7872.1500 3.3398 -3.5790 7872.5500 0.6353 1.1779 7872.3500 -4.9725 -2.6465
7873.1500 -4.6435 -0.3300 7873.5500 1.9693 4.9053 7873.3500 -4.4166 2.7908
7874.1500 -1.4064 -2.5400 7874.5500 1.5878 -1.5939 7874.3500 -4.8885 -0.8104
7875.1500 4.2789 -2.3422 7875.5500 -3.0701 -3.9352 7875.3500 -2.4454 1.6487
7876.1000 -0.5069 -0.0088 7876.9000 0.0073 -0.0065 7876.4000 0.5064 -0.0013
7876.5000 -0.2908 -0.4944 7876.5000 0.3005 -0.4982 7876.5000 0.0067 0.4969
7877.1500 3.5451 0.9884 7877.5500 3.8206 -3.9686 7877.3500 0.7996 -0.3919
7878.1500 4.3868 3.4864 7878.5500 4.2916 -0.5612 7878.3500 -0.0849 0.1517
7879.1500 -2.6094 0.6911 7879.5500 -2.0572 -4.1768 7879.3500 -3.9855 1.0657
7880.1500 3.6415 1.7091 7880.5500 -0.1414 -2.9859 7880.3500 0.3039 -1.5375
7881.1500 0.4171 0.0446 7881.5500 -2.1277 0.7985 7881.3500 2.4674 0.0845
7882.1500 1.5509 -1.1441 7882.5500 -4.6607 -3.0282 7882.3500 4.6766 -1.1087
7883.1500 -3.7597 0.5974 7883.5500 -1.4243 -4.7389 7883.3500 -2.5695 1.3827
7884.1500 3.0901 -2.0092 7884.5500 2.6144 -4.3621 7884.3500 0.8863 -1.0237
7885.1500 3.3306 -2.1002 7885.5500 -2.4330 -2.0153 7885.3500 0.7452 2.6564
7886.1500 2.0031 -4.8471 7886.5500 -2.7100 1.4163 7886.3500 -1.1968 4.4132
7887.1500 1.7691 -3.2244 7887.5500 3.3165 4.9217 7887.3500 2.5104 -3.0565
7888.1500 -0.3528 3.9626 7888.5500 4.0379 0.8497 7888.3500 1.5847 -3.7836
7889.1500 4.8687 2.2903 7889.5500 -4.5125 3.4298 7889.3500 1.7874 -0.9657
7890.1500 -4.6137 -4.5699 7890.5500 -4.3590 3.8074 7890.3500 -0.5926 3.4309
7891.1500 3.6206 -4.4155 7891.5500 3.8285 3.7314 7891.3500 3.5159 3.9935
7892.1500 4.0852 1.6351 7892.5500 -2.2306 4.5494 7892.3500 -2.8910 4.8612
7893.1500 -3.8421 -0.9496 7893.5500 -1.5838 -1.7955 7893.3500 3.5880 -2.2415
7894.1500 -0.0396 -0.1780 7894.5500 -1.9242 -0.6689 7894.3500 2.0919 1.2255
7895.1500 -2.3664 1.2379 7895.5500 -0.6532 2.4283 7895.3500 0.8882 -1.4515
7896.1000 -0.5066 -0.0031 7896.9000 0.0091 0.0078 7896.4000 0.4982 0.0028
7896.5000 -0.2955 -0.5078 7896.5000 0.2947 -0.4940 7896.5000 -0.0080 0.4912
7897.1500 -1.3812 0.2648 7897.5500 -0.2234 -0.7683 7897.3500 -3.9233 -4.4298
7898.1500 -4.1310 3.4010 7898.5500 4.4875 0.6644 7898.3500 3.8859 2.1225
7899.1000 -0.4907 -0.0091 7899.9000 0.0091 -0.0071 7899.4000 0.5061 -0.0023
7899.5000 -0.2943 -0.5023 7899.5000 0.3074 -0.4928 7899.5000 -0.0057 0.5007
7900.1000 -0.5026 0.0013 7900.9000 -0.0035 0.0057 7900.4000 0.5098 -0.0013
7900.5000 -0.3052 -0.4927 7900.5000 0.2965 -0.5082 7900.5000 0.0043 0.4955
7901.1500 3.5438 -3.4031 7901.5500 -3.6741 -0.1084 7901.3500 -0.7805 -2.2873
7902.1500 -2.7903 1.2073 7902.5500 1.1076 1.1483 7902.3500 2.2391 -4.3699
7903.1000 -0.5042 -0.0026 7903.9000 0.0087 -0.0053 7903.4000 0.4989 0.0036
7903.5000 -0.2941 -0.5051 7903.5000 0.2906 -0.4936 7903.5000 -0.0043 0.4994
7904.1500 -1.1116 4.6402 7904.5500 4.6429 -1.1563 7904.3500 -3.0327 -0.3732
7905.1500 -0.8235 -1.3120 7905.5500 -2.4668 -3.8175 7905.3500 -0.9976 4.2980
7906.1500 -0.9098 -0.9037 7906.5500 -1.5773 -1.7029 7906.3500 -0.5959 -3.0863
7907.1500 1.5272 4.5577 7907.5500 1.9018 0.1310 7907.3500 2.1683 -3.1127
7908.1000 -0.4974 -0.0033 7908.9000 -0.0008 -0.0031 7908.4000 0.4941 0.0024
7908.5000 -0.2977 -0.5090 7908.5000 0.3025 -0.5037 7908.5000 -0.0006 0.5047
7909.1500 0.8069 3.0044 7909.5500 4.8483 -1.6038 7909.3500 4.4572 -3.3959
7910.1500 -3.4036 -2.1663 7910.5500 1.0485 3.6128 7910.3500 -4.4241 -0.3314
7911.1500 -2.6963 -3.2103 7911.5500 -2.2982 -1.5233 7911.3500 -2.7988 4.7909
7912.1000 -0.4941 0.0014 7912.9000 0.0004 0.0058 7912.4000 0.5018 0.0050
7912.5000 -0.3031 -0.5016 7912.5000 0.3006 -0.5041 7912.5000 -0.0061 0.5002
7913.1500 -3.6513 1.8421 7913.5500 -2.8953 0.5710 7913.3500 -3.7459 3.0146
7914.1500 4.1818 -3.1420 7914.5500 -3.0342 4.4081 7914.3500 -1.7629 -2.8105
7915.1500 -2.9189 -2.4997 7915.5500 1.3686 -3.6893 7915.3500 0.0566 -4.4228
7916.1000 -0.5043 0.0045 7916.9000 -0.0052 -0.0060 7916.4000 0.5064 -0.0088
7916.5000 -0.2935 -0.5059 7916.5000 0.3048 -0.5049 7916.5000 0.0033 0.5036
7917.1500 -2.7646 -3.5775 7917.5500 -2.4488 -0.5827 7917.3500 -0.5509 -0.3804
7918.1500 4.0395 -1.1353 7918.5500 4.6741 -2.5314 7918.3500 3.3570 3.1514
7919.1500 1.4324 -2.1541 7919.5500 0.5973 3.5416 7919.3500 0.4490 -1.5704
7920.1500 -2.6759 4.4822 7920.5500 -3.8755 1.9887 7920.3500 0.5112 0.5952
7921.1500 2.1983 0.5570 7921.5500 -4.8044 0.0184 7921.3500 -3.5188 -4.1213
7922.1000 -0.5088 -0.0043 7922.9000 0.0068 -0.0019 7922.4000 0.5056 0.0086
7922.5000 -0.2953 -0.4954 7922.5000 0.2900 -0.4943 7922.5000 0.0015 0.5034
7923.1500 -1.0023 -4.3674 7923.5500 1.6523 2.7561 7923.3500 1.4800 2.3079
7924.1500 3.7938 1.8162 7924.5500 -3.0490 2.4899 7924.3500 -3.7717 -0.9488
7925.1000 -0.4939 -0.0033 7925.9000 -0.0025 -0.0036 7925.4000 0.5092 0.0066
7925.5000 -0.3074 -0.4922 7925.5000 0.3056 -0.5081 7925.5000 0.0004 0.4940
7926.1000 -0.4903 -0.0007 7926.9000 -0.0002 -0.0077 7926.4000 0.5063 0.0072
7926.5000 -0.3034 -0.4988 7926.5000 0.3047 -0.4994 7926.5000 0.0088 0.4952
7927.1500 -0.6173 -4.1555 7927.5500 -0.4436 -0.2432 7927.3500 -4.8119 1.8054
7928.1500 0.9807 0.9343 7928.5500 -2.8718 3.1267 7928.3500 -2.7751 3.7901
7929.1500 0.4207 -0.8311 7929.5500 1.5685 3.5134 7929.3500 -3.0252 2.6332
7930.1500 1.6525 3.8856 7930.5500 3.1936 0.8657 7930.3500 -0.9039 3.6886
7931.1500 0.6205 3.7743 7931.5500 1.9542 3.4857 7931.3500 3.6447 4.3500
7932.1500 4.1799 -0.0655 7932.5500 3.9343 -0.3424 7932.3500 3.3898 -3.3466
7933.1500 2.5964 -0.1856 7933.5500 4.7319 3.0113 7933.3500 1.2461 -4.4996
7934.1500 -3.7304 1.7336 7934.5500 -0.3244 2.3503 7934.3500 4.6492 1.6477
7935.1500 1.1691 -3.8641 7935.5500 -0.6622 2.8565 7935.3500 3.1762 0.7823
7936.1500 2.1611 -0.7868 7936.5500 4.2801 0.8594 7936.3500 3.2124 -2.9187
7937.1500 3.8622 -3.0652 7937.5500 1.7349 1.1896 7937.3500 -4.5542 0.6705
7938.1500 0.7797 -4.0725 7938.5500 2.2748 -1.6877 7938.3500 -0.1063 0.1288
7939.1000 -0.4910 -0.0061 7939.9000 -0.0042 0.0012 7939.4000 0.5068 0.0058
7939.5000 -0.3087 -0.5056 7939.5000 0.3077 -0.5083 7939.5000 -0.0068 0.4974
7940.1500 4.0498 1.1638 7940.5500 2.1244 -0.0753 7940.3500 -0.4981 -4.2010
7941.1000 -0.4953 0.0046 7941.9000 0.0075 0.0029 7941.4000 0.4972 0.0070
7941.5000 -0.2972 -0.5059 7941.5000 0.3057 -0.5038 7941.5000 0.0069 0.4995
7942.1000 -0.5090 -0.0098 7942.9000 -0.0056 0.0031 7942.4000 0.4914 -0.0012
7942.5000 -0.2929 -0.5036 7942.5000 0.2941 -0.5058 7942.5000 0.0020 0.5008
7943.1500 0.1345 0.0367 7943.5500 -2.8463 -0.3867 7943.3500 3.6015 -0.0177
7944.1500 1.5569 -1.3393 7944.5500 0.4937 -1.4634 7944.3500 -0.3736 3.9513
7945.1500 -4.5063 0.1954 7945.5500 -3.1607 -4.0560 7945.3500 0.0393 -4.9750
7946.1500 -4.4727 1.3509 7946.5500 -1.9358 -2.4834 7946.3500 4.4795 3.8240
7947.1500 -3.3169 3.4993 7947.5500 -3.9010 2.2974 7947.3500 0.2803 2.8361
7948.1500 1.7701 3.5431 7948.5500 3.7800 4.2683 7948.3500 -4.6220 1.4000
7949.1000 -0.4902 0.0095 7949.9000 0.0055 0.0041 7949.4000 0.5043 -0.0066
7949.5000 -0.3099 -0.4904 7949.5000 0.2944 -0.4956 7949.5000 0.0021 0.5000
7950.1500 3.4663 3.5026 7950.5500 -4.6405 -3.0613 7950.3500 4.8697 -4.7548
7951.1500 -0.9341 -1.1484 7951.5500 3.7737 -3.0817 7951.3500 -2.6790 -1.8872
7952.1500 0.6881 3.4288 7952.5500 3.3218 -2.1011 7952.3500 -1.4453 -0.6065
7953.1500 1.4191 -4.3101 7953.5500 2.3306 -3.3959 7953.3500 3.4867 1.0995
7954.1500 3.4638 -1.6838 7954.5500 -3.3026 -3.4928 7954.3500 -1.9787 4.1595
7955.1500 4.4525 3.6524 7955.5500 -1.7127 4.6991 7955.3500 -0.5803 -4.5336
7956.1500 1.3334 3.8182 7956.5500 4.7506 4.5309 7956.3500 -2.5381 -1.0625
7957.1500 4.0500 -1.8026 7957.5500 0.3884 -4.6615 7957.3500 -4.5123 3.8009
7958.1500 -0.6126 2.9668 7958.5500 -4.1464 -1.0870 7958.3500 2.8435 -3.7706
7959.1500 0.9992 4.1680 7959.5500 -1.1850 1.0226 7959.3500 -2.2124 2.9733
7960.1500 4.2484 -3.6152 7960.5500 2.2992 1.7360 7960.3500 -1.8252 1.0260
7961.1500 -1.8022 -3.4046 7961.5500 -2.9950 -1.4591 7961.3500 -4.7753 0.0238
7962.1500 -2.2583 -2.8937 7962.5500 0.9355 -3.3170 7962.3500 4.6821 0.5189
7963.1000 -0.4941 0.0096 7963.9000 -0.0066 0.0053 7963.4000 0.5026 -0.0089
7963.5000 -0.3040 -0.4903 7963.5000 0.2940 -0.5023 7963.5000 0.0009 0.4925
7964.1500 -4.1648 -0.4623 7964.5500 -4.9565 3.1477 7964.3500 2.0741 -3.6606
7965.1500 -4.0398 -4.6404 7965.5500 -2.8276 3.2705 7965.3500 -0.5612 1.6250
7966.1000 -0.5057 0.0011 7966.9000 0.0039 0.0017 7966.4000 0.4914 0.0078
7966.5000 -0.3089 -0.5011 7966.5000 0.2960 -0.4977 7966.5000 0.0051 0.5027
7967.1000 -0.4924 -0.0073 7967.9000 0.0003 0.0062 7967.4000 0.4929 -0.0099
7967.5000 -0.2980 -0.4949 7967.5000 0.3082 -0.5096 7967.5000 0.0078 0.4982
7968.1500 2.5243 -0.3594 7968.5500 -4.1782 0.4542 7968.3500 4.8747 4.4718
7969.1500 3.7912 -4.3838 7969.5500 2.6245 -2.3306 7969.3500 -2.3470 -3.1822
7970.1500 -4.0177 3.2083 7970.5500 -2.8986 -3.5067 7970.3500 -2.4201 4.0553
7971.1500 3.0512 0.0428 7971.5500 -3.8460 1.1752 7971.3500 0.7959 0.3786
7972.1500 -4.2350 2.3306 7972.5500 -1.8154 4.0136 7972.3500 4.9472 -1.4477
7973.1500 -4.9369 -4.8237 7973.5500 -0.0619 -0.6336 7973.3500 -1.3015 0.0311
7974.1500 -4.5626 1.8924 7974.5500 4.9194 2.3684 7974.3500 3.2805 -3.1581
7975.1500 -4.3920 1.0453 7975.5500 -4.7679 1.9436 7975.3500 4.1093 3.4673
7976.1500 -0.4327 3.2538 7976.5500 -1.0748 1.0336 7976.3500 -0.7868 4.7577
7977.1500 3.8651 -2.7946 7977.5500 -1.7959 0.2783 7977.3500 2.8249 3.5126
7978.1500 1.9041 -4.4419 7978.5500 -2.2876 2.9713 7978.3500 0.1999 1.4396
7979.1500 2.4330 -2.1330 7979.5500 2.2491 0.8187 7979.3500 1.2890 -0.8325
7980.1500 0.7760 -0.8366 7980.5500 4.0459 2.2947 7980.3500 -0.0193 -2.4832
7981.1500 -1.7521 -2.3585 7981.5500 -3.7922 1.3525 7981.3500 3.0518 4.0355
7982.1500 0.1399 -4.4969 7982.5500 -0.9480 -2.4120 7982.3500 -3.7044 -1.9910
7983.1500 4.1973 0.1600 7983.5500 -3.0896 -4.4924 7983.3500 -4.4392 -1.9980
7984.1500 4.2253 0.3507 7984.5500 1.6749 -2.9172 7984.3500 -2.3794 -2.1318
7985.1500 3.1273 -1.5363 7985.5500 4.9566 -3.7079 7985.3500 1.8932 -2.5783
7986.1500 0.9378 3.8264 7986.5500 -2.2277 1.6140 7986.3500 -0.4773 -2.7925
7987.1500 3.2260 -4.8967 7987.5500 1.8957 2.0062 7987.3500 -1.4186 2.9682
7988.1000 -0.4923 -0.0068 7988.9000 0.0033 -0.0018 7988.4000 0.4939 -0.0065
7988.5000 -0.3010 -0.4930 7988.5000 0.2938 -0.5079 7988.5000 -0.0064 0.4944
7989.1000 -0.4991 -0.0002 7989.9000 0.0070 -0.0022 7989.4000 0.5007 0.0083
7989.5000 -0.3021 -0.5048 7989.5000 0.2933 -0.4987 7989.5000 0.0066 0.5054
7990.1500 4.8423 -4.1214 7990.5500 -3.4944 2.9323 7990.3500 4.3743 -4.2291
7991.1500 1.2419 -1.9351 7991.5500 -3.9885 -1.9378 7991.3500 -0.6805 1.5445
7992.1500 -3.8150 -3.3349 7992.5500 -3.7861 4.6667 7992.3500 -3.2609 -4.7359
7993.1500 3.7613 4.7514 7993.5500 0.2411 0.9827 7993.3500 -1.8977 -1.2341
7994.1500 4.7721 -0.5480 7994.5500 1.1060 -4.3458 7994.3500 1.8408 3.3763
7995.1500 2.1744 0.4319 7995.5500 -3.0594 -3.7588 7995.3500 -0.0670 -3.7890
7996.1500 -0.0602 0.3784 7996.5500 2.1319 4.9079 7996.3500 -1.3195 4.0364
7997.1500 0.1346 -0.8985 7997.5500 -0.3507 -2.1191 7997.3500 -3.3345 3.7568
7998.1500 -3.0898 -1.5729 7998.5500 -2.9167 -4.8322 7998.3500 -2.3228 -0.2200
7999.1000 -0.4982 0.0042 7999.9000 0.0047 -0.0014 7999.4000 0.5029 0.0083
7999.5000 -0.3051 -0.4965 7999.5000 0.2941 -0.5046 7999.5000 -0.0024 0.5093
8000.1500 -0.3415 4.8532 8000.5500 -3.3797 -2.5065 8000.3500 -1.4559 -4.9052
8001.1500 2.7632 -0.0046 8001.5500 0.0593 3.3419 8001.3500 3.3835 -4.6789
8002.1000 -0.5022 0.0032 8002.9000 -0.0079 0.0035 8002.4000 0.4958 0.0002
8002.5000 -0.2930 -0.5054 8002.5000 0.2973 -0.4926 8002.5000 0.0100 0.5074
8003.1500 4.1442 -0.4373 8003.5500 3.7470 -0.0303 8003.3500 -4.5934 -4.4735
8004.1500 -4.7605 3.6198 8004.5500 -3.0081 2.6220 8004.3500 -3.6998 3.2886
8005.1500 2.7143 2.7946 8005.5500 2.5222 -2.3379 8005.3500 0.6242 -0.2390
8006.1000 -0.4989 0.0088 8006.9000 0.0091 0.0069 8006.4000 0.5089 0.0008
8006.5000 -0.3097 -0.4909 8006.5000 0.3091 -0.5042 8006.5000 -0.0019 0.5016
8007.1500 -4.2493 4.9438 8007.5500 4.0198 3.6449 8007.3500 4.8552 -2.1560
8008.1500 -3.2273 -1.9806 8008.5500 4.8099 1.9080 8008.3500 2.1713 -4.7215
8009.1500 2.7936 1.2847 8009.5500 3.4955 -1.8875 8009.3500 4.4915 2.0796
8010.1500 -2.9413 -4.9513 8010.5500 0.6494 -1.3004 8010.3500 3.8386 0.3010
8011.1500 2.1069 -3.7936 8011.5500 0.5420 -1.6361 8011.3500 -1.3298 3.8060
8012.1500 -4.4677 -2.4385 8012.5500 -0.0153 1.5066 8012.3500 2.8907 1.5958
8013.1500 4.5883 -0.4211 8013.5500 4.7599 0.7387 8013.3500 -1.4996 -0.3924
8014.1500 0.1630 -2.0602 8014.5500 -0.9524 3.7159 8014.3500 2.6662 -2.0451
8015.1500 4.9430 -0.3469 8015.5500 1.1566 -1.2418 8015.3500 -4.2434 -4.5852
8016.1500 -3.3110 -2.0652 8016.5500 0.0044 1.1231 8016.3500 -2.0582 2.1158
8017.1500 -2.5916 -4.5911 8017.5500 0.6684 1.2179 8017.3500 3.9754 0.7000
8018.1500 0.1624 -2.3888 8018.5500 -3.8933 -2.5129 8018.3500 -1.4782 -1.6297
8019.1500 -0.7221 -1.6165 8019.5500 3.4219 2.0144 8019.3500 2.5590 4.7279
8020.1500 -0.8273 2.1820 8020.5500 3.7956 1.5089 8020.3500 3.1458 0.3129
8021.1000 -0.4919 -0.0041 8021.9000 0.0072 0.0045 8021.4000 0.4938 0.0095
8021.5000 -0.2983 -0.4910 8021.5000 0.2938 -0.4974 8021.5000 0.0100 0.5077
8022.1500 1.6815 1.8977 8022.5500 1.9328 -2.6105 8022.3500 4.7480 -0.9173
8023.1500 -0.1312 1.9524 8023.5500 -0.3394 -2.1655 8023.3500 -1.3743 -3.6350
8024.1500 4.2089 3.9896 8024.5500 3.3515 4.2617 8024.3500 2.8121 2.9798
8025.1500 2.4519 -4.9548 8025.5500 -1.1624 2.0006 8025.3500 2.1696 4.7590
8026.1500 4.9629 -2.4586 8026.5500 -0.9276 1.8940 8026.3500 3.5057 1.1614
8027.1000 -0.4935 -0.0067 8027.9000 0.0002 0.0057 8027.4000 0.4930 -0.0011
8027.5000 -0.3027 -0.5057 8027.5000 0.3073 -0.5063 8027.5000 -0.0067 0.4984
8028.1500 -4.7699 -1.6738 8028.5500 0.5510 -4.1908 8028.3500 -3.4712 2.9613
8029.1500 4.7463 1.3654 8029.5500 -2.0640 3.9077 8029.3500 -1.6374 4.9238
8030.1500 -2.0691 -4.7449 8030.5500 3.6620 4.6063 8030.3500 1.7891 1.6107
8031.1500 -2.6592 1.3233 8031.5500 -2.8539 3.5455 8031.3500 0.5205 -0.6537
8032.1500 4.3770 4.5720 8032.5500 3.7430 -3.3987 8032.3500 -1.5405 -3.9362
8033.1500 3.7704 3.8784 8033.5500 -4.5143 4.6258 8033.3500 -2.3579 -0.6074
8034.1500 3.1926 3.4070 8034.5500 -1.0303 -3.8159 8034.3500 -3.3260 -4.1085
8035.1500 2.1638 1.6695 8035.5500 0.4660 1.6753 8035.3500 3.5166 -4.7726
8036.1500 1.6793 3.8545 8036.5500 -1.0140 -3.7291 8036.3500 -1.4455 2.0152
8037.1000 -0.4923 0.0040 8037.9000 -0.0039 0.0051 8037.4000 0.5048 -0.0009
8037.5000 -0.2932 -0.5094 8037.5000 0.3030 -0.5010 8037.5000 -0.0035 0.5074
8038.1500 -1.5578 0.5379 8038.5500 -2.7879 4.6826 8038.3500 -3.6999 -3.4764
8039.1000 -0.5042 0.0082 8039.9000 0.0022 -0.0082 8039.4000 0.5085 0.0044
8039.5000 -0.2929 -0.4998 8039.5000 0.3073 -0.4902 8039.5000 -0.0089 0.4956
8040.1500 2.0962 0.8389 8040.5500 -3.0296 -3.2909 8040.3500 -1.5349 -0.4290
8041.1500 1.2120 -3.7997 8041.5500 -3.0730 2.0445 8041.3500 1.3070 4.0339
8042.1500 2.3951 0.5714 8042.5500 3.5604 -1.2401 8042.3500 -3.1321 4.9736
8043.1500 4.0170 2.9592 8043.5500 -2.1160 1.1201 8043.3500 -0.9651 3.6160
8044.1500 3.4172 0.8351 8044.5500 -3.9294 3.8389 8044.3500 -0.3817 -4.5912
8045.1500 -4.4597 -2.3863 8045.5500 4.2316 -0.3354 8045.3500 2.8367 3.4503
8046.1500 -0.8201 4.5379 8046.5500 1.6099 4.2602 8046.3500 -1.6026 -4.6151
8047.1500 0.6739 -1.7465 8047.5500 0.7962 -1.3546 8047.3500 -2.0236 -3.7143
8048.1500 1.6352 4.7911 8048.5500 1.4088 -3.7365 8048.3500 2.8384 1.0455
8049.1500 0.6686 -4.7099 8049.5500 2.5160 2.2615 8049.3500 -1.4211 -2.2524
8050.1500 -1.1962 -4.7922 8050.5500 -2.6919 1.2935 8050.3500 -0.7457 -3.2113
8051.1500 -0.9252 -4.9458 8051.5500 1.1886 1.7602 8051.3500 0.5478 1.0523
8052.1500 1.2349 2.6816 8052.5500 -2.8575 2.5181 8052.3500 -1.6718 3.2322
8053.1500 1.0125 2.3709 8053.5500 -3.5471 -3.7775 8053.3500 -3.9479 -2.8208
8054.1500 2.0085 3.6709 8054.5500 3.6705 -2.5708 8054.3500 2.4993 2.0041
8055.1500 3.5593 0.3621 8055.5500 2.1078 3.5206 8055.3500 -4.4618 -0.1810
8056.1500 -1.0205 -1.5942 8056.5500 -3.3424 -1.0351 8056.3500 -1.8060 -1.2020
8057.1500 1.5146 1.5050 8057.5500 1.9251 4.0200 8057.3500 4.5254 -1.5440
8058.1500 4.1518 -4.6827 8058.5500 3.1391 4.8877 8058.3500 1.1562 2.9081
8059.1500 3.4959 2.2194 8059.5500 0.7361 -3.0814 8059.3500 -4.7288 3.4624
8060.1000 -0.4961 0.0058 8060.9000 0.0047 0.0002 8060.4000 0.5009 0.0083
8060.5000 -0.2949 -0.4962 8060.5000 0.3059 -0.4969 8060.5000 0.0004 0.4983
8061.1000 -0.4901 0.0063 8061.9000 0.0072 0.0045 8061.4000 0.4946 -0.0088
8061.5000 -0.3081 -0.5053 8061.5000 0.2916 -0.5031 8061.5000 -0.0022 0.4991
8062.1500 -3.6408 3.6622 8062.5500 -2.7196 1.9492 8062.3500 -2.2376 0.9396
8063.1500 0.7453 3.6440 8063.5500 -4.5445 -4.6099 8063.3500 3.5305 1.8022
8064.1500 -2.0733 -2.7398 8064.5500 -3.9580 2.4407 8064.3500 -1.2921 2.1821
8065.1500 -1.3017 -2.2365 8065.5500 0.4028 0.2463 8065.3500 0.0345 -2.6418
8066.1500 4.6884 3.5422 8066.5500 2.2729 0.4321 8066.3500 0.1845 -4.7175
8067.1500 -4.0124 -4.2079 8067.5500 -2.4499 -3.8679 8067.3500 2.4757 1.0199
8068.1500 -4.5719 -1.8310 8068.5500 -4.7552 3.1718 8068.3500 -1.0244 -1.2843
8069.1500 1.0361 2.6426 8069.5500 2.8306 4.1293 8069.3500 4.7624 3.3936
8070.1500 -1.7988 0.7805 8070.5500 3.2206 1.1134 8070.3500 -2.5247 0.7243
8071.1500 -2.9947 -3.3759 8071.5500 -4.2745 0.9549 8071.3500 -0.0521 3.8071
8072.1500 0.7957 -3.2458 8072.5500 1.8216 -3.6998 8072.3500 -2.1376 4.3801
8073.1500 0.2462 -1.9327 8073.5500 -1.3207 -0.6961 8073.3500 -2.9700 -4.8525
8074.1500 4.7690 -3.0680 8074.5500 3.2061 -1.2884 8074.3500 -2.7345 -0.2085
8075.1500 3.1796 -1.3344 8075.5500 0.4971 0.7496 8075.3500 4.3399 -3.3214
8076.1500 3.2189 0.2164 8076.5500 0.9273 1.6286 8076.3500 -4.4018 -3.8213
8077.1000 -0.5054 -0.0100 8077.9000 0.0019 0.0021 8077.4000 0.4997 0.0085
8077.5000 -0.3050 -0.4910 8077.5000 0.2919 -0.4912 8077.5000 0.0083 0.4908
8078.1000 -0.4955 0.0061 8078.9000 0.0093 0.0049 8078.4000 0.5098 -0.0060
8078.5000 -0.2954 -0.5087 8078.5000 0.3065 -0.4974 8078.5000 0.0089 0.5073
8079.1500 -2.0150 -4.9995 8079.5500 -2.2416 -2.6773 8079.3500 -1.8014 -4.6846
8080.1500 4.0839 -3.7785 8080.5500 -0.4426 1.0967 8080.3500 1.4618 1.8232
8081.1500 -1.7178 3.3901 8081.5500 2.9838 0.6677 8081.3500 -3.6697 4.6938
8082.1500 -1.8081 -3.4048 8082.5500 2.4430 4.0868 8082.3500 -0.6192 1.3989
8083.1500 0.2354 -3.8233 8083.5500 -3.4803 -0.3302 8083.3500 0.1275 3.3408
8084.1000 -0.4932 -0.0070 8084.9000 -0.0034 0.0065 8084.4000 0.4931 -0.0055
8084.5000 -0.2901 -0.5032 8084.5000 0.2957 -0.5086 8084.5000 0.0063 0.4910
8085.1500 -3.7369 -3.7554 8085.5500 2.0574 -4.9393 8085.3500 3.9769 1.5924
8086.1500 3.0241 3.4245 8086.5500 -3.7902 -4.3131 8086.3500 -2.6922 -2.9840
8087.1500 4.9464 -1.3442 8087.5500 -4.9250 0.8420 8087.3500 2.6481 1.0943
8088.1500 -0.4306 0.1832 8088.5500 -0.9780 1.8511 8088.3500 0.7340 0.6820
8089.1500 3.0715 2.7001 8089.5500 1.5084 -3.4726 8089.3500 -4.7881 -1.8141
8090.1500 0.0429 2.1357 8090.5500 -1.9731 -0.9223 8090.3500 -4.9877 2.0143
8091.1500 2.7663 1.2894 8091.5500 3.8007 -4.2760 8091.3500 -1.2499 -2.9124
8092.1000 -0.4989 0.0056 8092.9000 0.0030 0.0002 8092.4000 0.4951 -0.0011
8092.5000 -0.3058 -0.4947 8092.5000 0.2936 -0.4990 8092.5000 -0.0095 0.4903
8093.1500 2.0688 -2.6053 8093.5500 3.1954 2.0696 8093.3500 -0.1906 3.9806
8094.1000 -0.5003 -0.0018 8094.9000 0.0086 0.0004 8094.4000 0.5094 -0.0087
8094.5000 -0.3069 -0.5021 8094.5000 0.3069 -0.5072 8094.5000 -0.0002 0.4908
8095.1500 4.8885 -4.1309 8095.5500 -0.3987 1.5998 8095.3500 4.7768 1.2111
8096.1500 3.1337 -3.6458 8096.5500 -1.8572 -2.0606 8096.3500 -0.7487 -3.5242
8097.1500 -1.7218 2.4207 8097.5500 -2.0482 3.3543 8097.3500 -1.6780 -2.5370
8098.1500 -0.7245 -0.4691 8098.5500 1.0469 -0.5273 8098.3500 2.1746 -0.3319
8099.1500 -0.4626 -3.4159 8099.5500 3.7231 0.1776 8099.3500 1.4928 -3.2295
8100.1500 -2.3124 1.3376 8100.5500 -3.5071 3.9457 8100.3500 -2.0055 4.1896
8101.1500 2.5725 -0.6125 8101.5500 -4.7992 1.2002 8101.3500 0.6858 3.1189
8102.1500 2.9896 -3.4474 8102.5500 -1.6371 -2.9978 8102.3500 -0.4093 3.4687
8103.1500 -0.1903 3.9045 8103.5500 -1.8752 -1.5309 8103.3500 -3.7845 -4.0506
8104.1500 4.2385 2.4421 8104.5500 0.4303 -1.2232 8104.3500 1.1152 -1.5914
8105.1500 -1.4207 -1.8695 8105.5500 3.1055 0.7265 8105.3500 -4.0853 -0.8658
8106.1500 2.4672 0.3505 8106.5500 -3.8439 3.5794 8106.3500 -1.0812 4.8667
8107.1500 -1.6643 1.9534 8107.5500 3.1265 -1.9934 8107.3500 -0.2704 4.2048
8108.1500 -2.5808 0.0687 8108.5500 -1.1108 -1.8375 8108.3500 3.2739 1.3483
8109.1500 4.1624 -4.6695 8109.5500 -2.3284 -0.8665 8109.3500 -2.2403 -4.2765
8110.1500 0.5539 0.7265 8110.5500 -3.9738 3.9582 8110.3500 4.9134 3.2795
8111.1500 1.6917 4.1422 8111.5500 2.6795 1.6893 8111.3500 -0.4943 2.8318
8112.1500 -4.0218 0.5905 8112.5500 4.8490 3.6937 8112.3500 4.4415 3.1230
8113.1000 -0.4964 -0.0078 8113.9000 -0.0080 -0.0048 8113.4000 0.5083 0.0020
8113.5000 -0.3041 -0.5019 8113.5000 0.3087 -0.4911 8113.5000 -0.0008 0.4919
8114.1000 -0.5062 -0.0011 8114.9000 -0.0031 0.0024 8114.4000 0.4966 0.0097
8114.5000 -0.2929 -0.4975 8114.5000 0.2919 -0.5054 8114.5000 -0.0018 0.4957
8115.1500 -2.9283 -3.7760 8115.5500 -4.4307 -4.2359 8115.3500 4.3983 -1.9436
8116.1500 2.0368 -0.2359 8116.5500 4.2847 4.4896 8116.3500 -4.9437 4.7600
8117.1500 1.0657 0.4176 8117.5500 4.1040 -2.9603 8117.3500 -3.3800 -1.4083
8118.1500 1.1086 -3.8083 8118.5500 2.8342 4.6864 8118.3500 -2.7347 -1.0504
8119.1500 -4.1106 -1.3552 8119.5500 4.6409 4.5449 8119.3500 -3.7510 -4.7284
8120.1500 -1.7133 1.4335 8120.5500 -1.6586 4.4402 8120.3500 -3.4952 -0.7191
8121.1500 2.4877 1.9803 8121.5500 3.8234 -2.0113 8121.3500 4.2179 2.6691
8122.1500 2.6164 -0.3133 8122.5500 -3.3665 -3.2369 8122.3500 -1.7441 1.8271
8123.1500 -2.0665 4.8619 8123.5500 -4.6018 -1.2052 8123.3500 4.1237 3.1404
8124.1500 4.5211 -0.6349 8124.5500 -3.9395 -1.4718 8124.3500 -0.5226 -4.2188
8125.1500 1.0457 0.9276 8125.5500 1.3302 0.6263 8125.3500 1.0948 -3.5592
8126.1500 -1.6643 4.2556 8126.5500 -4.2895 2.9903 8126.3500 4.3184 -4.4400
8127.1000 -0.4934 -0.0046 8127.9000 -0.0040 0.0029 8127.4000 0.5025 -0.0039
8127.5000 -0.3079 -0.4903 8127.5000 0.2968 -0.4957 8127.5000 -0.0011 0.4973
8128.1500 4.7130 -2.4743 8128.5500 -0.0856 4.5649 8128.3500 4.3877 4.8445
8129.1500 1.6715 1.5572 8129.5500 -4.6864 3.2270 8129.3500 -3.3558 -1.8960
8130.1500 -0.7943 1.8179 8130.5500 4.6167 -2.4842 8130.3500 -1.5369 -4.3654
8131.1500 -1.8753 -1.2722 8131.5500 2.7250 4.8497 8131.3500 0.1623 1.4596
8132.1500 4.5010 -1.1004 8132.5500 0.6367 -1.8868 8132.3500 -2.3751 4.1705
8133.1500 3.6043 -4.8874 8133.5500 -1.6040 3.8770 8133.3500 -3.8434 -3.5422
8134.1500 0.5232 -4.2066 8134.5500 -0.4024 1.3446 8134.3500 4.5899 2.7807
8135.1500 2.0196 1.1047 8135.5500 3.3802 -2.7904 8135.3500 4.1000 4.9414
8136.1500 -1.3933 2.2378 8136.5500 -2.2706 3.1002 8136.3500 -0.6703 3.1664
8137.1500 -1.4229 -1.7535 8137.5500 -2.5940 0.1553 8137.3500 1.3774 -4.2186
8138.1500 0.7057 4.7929 8138.5500 -4.9735 3.4360 8138.3500 1.6636 -2.1501
8139.1000 -0.5012 0.0027 8139.9000 0.0004 -0.0082 8139.4000 0.4945 -0.0046
8139.5000 -0.2983 -0.5052 8139.5000 0.3001 -0.4909 8139.5000 -0.0087 0.5000
8140.1000 -0.4992 0.0083 8140.9000 0.0048 -0.0081 8140.4000 0.4929 -0.0089
8140.5000 -0.3096 -0.4943 8140.5000 0.2990 -0.4926 8140.5000 0.0050 0.4979
8141.1000 -0.5082 0.0048 8141.9000 0.0075 0.0009 8141.4000 0.4958 -0.0051
8141.5000 -0.2963 -0.5067 8141.5000 0.3052 -0.4996 8141.5000 -0.0063 0.4978
8142.1500 2.5473 4.1323 8142.5500 2.9288 0.6667 8142.3500 3.1791 2.9797
8143.1500 4.3124 0.6489 8143.5500 2.7531 2.3124 8143.3500 -4.7121 -3.1528
8144.1500 -3.4594 1.3197 8144.5500 2.9259 2.5663 8144.3500 1.8975 3.9263
8145.1500 -2.8449 0.2990 8145.5500 -0.5213 1.0390 8145.3500 -4.2813 -2.4490
8146.1000 -0.5036 -0.0011 8146.9000 0.0040 0.0053 8146.4000 0.5038 0.0037
8146.5000 -0.3045 -0.4902 8146.5000 0.2901 -0.4936 8146.5000 0.0096 0.4997
8147.1500 -0.2113 2.2355 8147.5500 1.2037 0.1671 8147.3500 0.9992 1.7080
8148.1500 3.9917 -0.9528 8148.5500 0.0789 4.2659 8148.3500 1.4091 -4.2948
8149.1000 -0.5045 0.0056 8149.9000 0.0053 0.0052 8149.4000 0.5074 -0.0009
8149.5000 -0.2957 -0.5091 8149.5000 0.3032 -0.5088 8149.5000 0.0048 0.5061
8150.1500 0.9451 -0.8153 8150.5500 0.2033 0.5512 8150.3500 -3.2907 1.7634
8151.1500 3.3010 -2.6627 8151.5500 4.0849 -2.7488 8151.3500 -4.4074 2.5873
8152.1500 1.9302 3.2824 8152.5500 3.5410 -0.8318 8152.3500 -4.1996 4.2550
8153.1500 4.2711 -2.9140 8153.5500 3.9229 0.9475 8153.3500 -3.1263 -2.5659
8154.1000 -0.5044 0.0051 8154.9000 -0.0070 -0.0049 8154.4000 0.5069 -0.0048
8154.5000 -0.3032 -0.5097 8154.5000 0.3095 -0.4996 8154.5000 -0.0001 0.4934
8155.1500 4.8487 2.3417 8155.5500 -0.6859 -1.7871 8155.3500 2.1385 -4.1032
8156.1500 0.3377 1.5014 8156.5500 0.3751 -4.1236 8156.3500 -0.4819 4.9393
8157.1500 1.6740 2.3180 8157.5500 -4.8366 -0.3567 8157.3500 -1.2128 -1.4230
8158.1500 2.3834 4.6386 8158.5500 -2.1160 -0.5050 8158.3500 1.7179 -1.4994
8159.1500 -3.9868 1.7265 8159.5500 -4.4595 -3.5634 8159.3500 3.1523 -4.1194
8160.1000 -0.4989 0.0025 8160.9000 -0.0098 0.0024 8160.4000 0.4953 0.0001
8160.5000 -0.2962 -0.5027 8160.5000 0.2909 -0.4983 8160.5000 -0.0052 0.5090
8161.1500 -0.1294 4.1415 8161.5500 -3.8371 1.8425 8161.3500 3.9544 -4.0399
8162.1000 -0.4969 0.0007 8162.9000 0.0005 0.0039 8162.4000 0.4945 0.0012
8162.5000 -0.2976 -0.4980 8162.5000 0.3043 -0.5094 8162.5000 0.0012 0.5004
8163.1000 -0.4987 -0.0052 8163.9000 -0.0053 0.0062 8163.4000 0.4903 -0.0071
8163.5000 -0.2957 -0.4932 8163.5000 0.2934 -0.5038 8163.5000 0.0065 0.4988
8164.1500 -1.9162 -4.6308 8164.5500 -1.4773 -2.6486 8164.3500 -4.8024 -1.6957
8165.1000 -0.5066 0.0037 8165.9000 0.0024 -0.0003 8165.4000 0.5011 -0.0023
8165.5000 -0.2993 -0.4926 8165.5000 0.3039 -0.4993 8165.5000 -0.0022 0.5001
8166.1500 -0.7528 -2.4487 8166.5500 1.6190 -4.5861 8166.3500 -3.5496 -0.4780
8167.1500 3.8945 -0.4622 8167.5500 -0.7505 -1.5656 8167.3500 0.6157 0.4662
8168.1500 -3.8183 -4.1689 8168.5500 -2.4120 2.5447 8168.3500 0.1752 4.7058
8169.1500 -3.2616 -4.5680 8169.5500 -2.6498 1.8936 8169.3500 4.3605 -0.5030
8170.1500 -2.1260 4.0105 8170.5500 4.3553 3.6423 8170.3500 0.9922 2.0581
8171.1000 -0.4913 0.0062 8171.9000 0.0006 0.0030 8171.4000 0.5017 -0.0018
8171.5000 -0.3080 -0.5071 8171.5000 0.2910 -0.5007 8171.5000 0.0079 0.4967
8172.1500 -0.7414 0.3708 8172.5500 -3.0338 -1.8259 8172.3500 0.9505 -0.4083
8173.1500 -3.9352 3.2167 8173.5500 -1.3522 4.9745 8173.3500 -4.7814 -1.8670
8174.1500 -1.5586 -3.7314 8174.5500 3.5693 -4.5184 8174.3500 -4.8248 -0.9527
8175.1500 2.5649 -1.5644 8175.5500 2.3535 2.5737 8175.3500 2.3923 1.8844
8176.1500 1.1401 -0.7628 8176.5500 2.1604 1.2594 8176.3500 3.2296 3.1915
8177.1500 4.5288 -2.9344 8177.5500 -3.4726 -1.3526 8177.3500 -1.7309 3.6002
8178.1500 1.1297 2.4711 8178.5500 1.5722 2.4448 8178.3500 -1.1272 -0.3071
8179.1500 1.5133 -2.1219 8179.5500 -2.4637 -2.2230 8179.3500 -4.2271 -2.1734
8180.1500 -4.2028 -4.0965 8180.5500 0.8893 4.9609 8180.3500 3.1463 -2.3065
8181.1500 -4.6040 2.0335 8181.5500 4.7490 -0.2146 8181.3500 2.9479 2.3698
8182.1500 -4.0879 4.4653 8182.5500 0.7516 3.7706 8182.3500 -3.6452 1.1127
8183.1500 0.5016 3.3250 8183.5500 -0.9235 -3.7494 8183.3500 3.2876 -1.4812
8184.1000 -0.4933 0.0058 8184.9000 0.0068 0.0011 8184.4000 0.4987 -0.0025
8184.5000 -0.2910 -0.4940 8184.5000 0.3015 -0.4989 8184.5000 -0.0062 0.4986
8185.1500 1.3856 -1.4023 8185.5500 -4.6665 2.5673 8185.3500 2.5078 -3.1913
8186.1500 1.9838 1.8913 8186.5500 -4.1677 3.5671 8186.3500 2.8133 2.6218
8187.1500 1.4171 0.0852 8187.5500 -1.6640 -4.4275 8187.3500 4.2341 0.0202
8188.1500 4.4680 -3.7013 8188.5500 3.1361 3.4273 8188.3500 -4.6789 1.7766
8189.1500 -2.3964 -1.7007 8189.5500 -4.1712 3.0722 8189.3500 -1.8712 -1.2432
8190.1500 2.8843 -0.3081 8190.5500 2.9722 1.2512 8190.3500 2.8173 4.9061
8191.1500 -1.1881 -2.4134 8191.5500 2.1299 3.3423 8191.3500 -0.7925 0.9848
8192.1500 -3.5012 -3.0098 8192.5500 0.3565 -0.0550 8192.3500 -1.8966 4.0536
8193.1000 -0.5014 0.0089 8193.9000 -0.0041 -0.0068 8193.4000 0.4990 0.0018
8193.5000 -0.2908 -0.5029 8193.5000 0.3012 -0.5020 8193.5000 -0.0079 0.4924
8194.1000 -0.4931 0.0024 8194.9000 -0.0055 0.0007 8194.4000 0.5081 0.0063
8194.5000 -0.2976 -0.4960 8194.5000 0.3021 -0.4914 8194.5000 0.0061 0.4911
8195.1500 1.2841 4.7605 8195.5500 3.3896 0.0417 8195.3500 -1.0905 2.9274
8196.1500 -4.6121 -2.8591 8196.5500 4.7497 0.8556 8196.3500 -2.3466 -1.8044
8197.1000 -0.4973 -0.0049 8197.9000 -0.0067 -0.0064 8197.4000 0.4969 0.0007
8197.5000 -0.2999 -0.4948 8197.5000 0.2975 -0.5015 8197.5000 0.0096 0.5081
8198.1500 4.8163 2.4076 8198.5500 4.8616 3.5893 8198.3500 1.9290 -3.8581
8199.1500 -3.5166 -2.2169 8199.5500 -1.4066 0.6479 8199.3500 -3.9650 2.1990
8200.1000 -0.5025 0.0089 8200.9000 -0.0062 0.0095 8200.4000 0.4925 0.0020
8200.5000 -0.2942 -0.5093 8200.5000 0.2998 -0.5078 8200.5000 0.0042 0.5081
8201.1500 3.0073 1.0766 8201.5500 -3.6722 -0.0857 8201.3500 0.5019 1.5017
8202.1500 -3.1662 -4.0913 8202.5500 -3.2601 4.1990 8202.3500 1.9546 -4.2606
8203.1500 -2.7157 1.7248 8203.5500 -0.6547 2.8638 8203.3500 -3.4257 4.9975
8204.1500 -3.6168 1.8127 8204.5500 -4.2973 4.7277 8204.3500 0.0184 -4.2367
8205.1500 -0.7000 -0.6894 8205.5500 -4.1408 -0.9291 8205.3500 -1.9850 3.7693
8206.1500 -3.5369 -0.6855 8206.5500 -1.9857 0.3459 8206.3500 4.4690 4.9772
8207.1500 -2.1087 0.2772 8207.5500 3.0074 0.4711 8207.3500 2.8066 0.2400
8208.1500 4.7071 3.4726 8208.5500 1.9196 4.4593 8208.3500 0.0850 3.0624
8209.1000 -0.4952 -0.0025 8209.9000 0.0043 0.0085 8209.4000 0.4951 -0.0028
8209.5000 -0.3074 -0.5047 8209.5000 0.2920 -0.5047 8209.5000 -0.0005 0.4944
8210.1500 2.5824 -3.0797 8210.5500 -3.4450 -0.1264 8210.3500 4.2384 0.0934
8211.1500 0.9271 3.6613 8211.5500 2.7188 -4.3294 8211.3500 3.0561 -2.1825
8212.1500 0.1584 -4.9219 8212.5500 4.1369 4.0955 8212.3500 3.1517 2.4012
8213.1500 -4.2002 -3.3251 8213.5500 -1.1250 -0.4777 8213.3500 1.4508 -1.9912
8214.1500 1.1923 -0.2207 8214.5500 -3.0940 -0.3490 8214.3500 2.5707 -2.6369
8215.1500 2.0326 -2.6677 8215.5500 2.0230 3.2256 8215.3500 -2.6194 -2.4274
8216.1000 -0.4910 0.0078 8216.9000 0.0099 0.0097 8216.4000 0.4995 -0.0095
8216.5000 -0.2958 -0.5016 8216.5000 0.2974 -0.4976 8216.5000 -0.0054 0.5090
8217.1500 3.9140 -2.0985 8217.5500 2.3049 -4.1438 8217.3500 4.2041 -2.1234
8218.1500 1.5676 -0.3606 8218.5500 4.6783 1.3257 8218.3500 4.6165 0.2373
8219.1500 2.0522 3.5427 8219.5500 -3.1959 -0.8344 8219.3500 4.6257 -3.5385
8220.1500 0.7286 4.9640 8220.5500 -1.7867 4.2626 8220.3500 -2.7853 1.3421
8221.1500 2.0235 -2.8099 8221.5500 3.5371 3.2790 8221.3500 -2.2026 0.0213
8222.1500 4.6368 -1.6552 8222.5500 -1.6816 2.6827 8222.3500 -2.3981 1.0987
8223.1000 -0.4923 -0.0088 8223.9000 0.0017 0.0009 8223.4000 0.4991 -0.0090
8223.5000 -0.3002 -0.4938 8223.5000 0.2909 -0.4927 8223.5000 0.0005 0.5002
8224.1500 -2.1468 0.1829 8224.5500 -1.0273 -2.6879 8224.3500 1.0216 3.5761
8225.1500 -0.0051 -3.2773 8225.5500 -0.1708 -3.5170 8225.3500 4.2693 -3.4116
8226.1500 -3.1335 -2.8675 8226.5500 4.6786 -0.3687 8226.3500 1.7680 -3.1936
8227.1000 -0.5008 -0.0050 8227.9000 0.0057 -0.0029 8227.4000 0.5083 0.0086
8227.5000 -0.3091 -0.5084 8227.5000 0.3047 -0.4982 8227.5000 -0.0053 0.4959
8228.1500 -1.9071 -2.5743 8228.5500 3.2040 1.9294 8228.3500 -3.8521 1.4191
8229.1000 -0.5020 0.0084 8229.9000 0.0004 -0.0012 8229.4000 0.5034 -0.0048
8229.5000 -0.2971 -0.4943 8229.5000 0.2934 -0.4954 8229.5000 -0.0030 0.4951
8230.1500 -0.7689 2.3334 8230.5500 -1.8916 2.6664 8230.3500 4.9886 1.4745
8231.1500 3.0056 2.2023 8231.5500 0.0588 -2.3070 8231.3500 -4.4539 -2.8638
8232.1500 3.6196 -3.1836 8232.5500 -4.8174 3.3088 8232.3500 2.1805 0.4723
8233.1500 4.4989 -2.1862 8233.5500 2.0943 -0.4906 8233.3500 3.4717 3.8340
8234.1500 -1.5891 0.5127 8234.5500 -0.1690 -3.5890 8234.3500 0.0425 -2.2923
8235.1500 -3.1229 3.1422 8235.5500 -2.7443 2.1548 8235.3500 0.7780 -3.2499
8236.1500 3.3840 2.2709 8236.5500 -3.2350 -3.6704 8236.3500 -3.7705 0.7675
8237.1500 -3.1754 4.2486 8237.5500 -4.3702 -3.7435 8237.3500 3.2175 -3.0491
8238.1500 2.5279 1.7917 8238.5500 3.9853 -1.2814 8238.3500 -1.0283 0.8269
8239.1500 3.1353 -0.8074 8239.5500 -3.5042 -3.0126 8239.3500 -4.5172 -1.2808
8240.1500 1.6802 -2.9117 8240.5500 -3.6824 -2.3236 8240.3500 0.4628 -3.5064
8241.1500 -3.3002 -2.2297 8241.5500 -2.5927 4.4306 8241.3500 0.2977 -2.7966
8242.1500 3.4185 -4.6872 8242.5500 -1.3360 -0.2730 8242.3500 4.8643 0.2913
8243.1500 -0.2619 0.5776 8243.5500 -0.3299 -1.6273 8243.3500 -3.3557 0.5372
8244.1500 0.3987 1.3454 8244.5500 1.2616 0.0002 8244.3500 3.7551 3.8265
8245.1000 -0.4958 -0.0085 8245.9000 -0.0003 -0.0063 8245.4000 0.5031 -0.0053
8245.5000 -0.2983 -0.4974 8245.5000 0.3047 -0.4945 8245.5000 -0.0045 0.4933
8246.1500 0.5511 0.8331 8246.5500 -4.9145 -1.1912 8246.3500 0.2014 2.2674
8247.1500 -0.1499 -2.8850 8247.5500 -2.0666 -4.3696 8247.3500 0.4313 -1.4020
8248.1500 -4.4080 3.4872 8248.5500 0.9889 -3.2277 8248.3500 -1.0829 1.9488
8249.1500 2.7917 -1.5963 8249.5500 -3.8728 -2.5613 8249.3500 1.8849 2.9291
8250.1500 -1.6591 1.5691 8250.5500 4.7804 1.6241 8250.3500 4.2162 -2.7142
8251.1000 -0.5064 0.0017 8251.9000 -0.0065 0.0060 8251.4000 0.4973 0.0005
8251.5000 -0.2920 -0.4922 8251.5000 0.3088 -0.5099 8251.5000 0.0057 0.5085
8252.1500 0.8681 -2.5585 8252.5500 1.0957 -1.0877 8252.3500 2.8225 4.8158
8253.1500 -2.3458 -3.5194 8253.5500 -3.9486 -3.7023 8253.3500 -4.7720 3.7972
8254.1500 -0.5526 3.6512 8254.5500 1.6734 0.3410 8254.3500 -3.1699 4.7854
8255.1500 -2.3371 -3.9226 8255.5500 3.9172 4.2370 8255.3500 4.7416 4.4118
8256.1500 3.5640 2.8503 8256.5500 -2.1391 1.0558 8256.3500 -0.2201 4.2649
8257.1500 3.3616 -1.0564 8257.5500 1.5706 3.8523 8257.3500 4.1178 -2.7457
8258.1500 1.4134 4.2472 8258.5500 -0.9595 -2.5910 8258.3500 0.4140 4.4771
8259.1500 1.7792 -0.1373 8259.5500 0.5934 -3.3629 8259.3500 -0.8026 4.0632
8260.1500 -3.8089 -3.8836 8260.5500 0.9350 -3.3337 8260.3500 0.2449 3.4465
8261.1500 -2.1260 -2.2315 8261.5500 -3.6790 0.3823 8261.3500 -0.2147 4.7934
8262.1500 3.7871 1.8736 8262.5500 -3.6663 3.6503 8262.3500 -3.2596 -0.2827
8263.1500 -4.7068 -1.9720 8263.5500 3.9014 -4.2202 8263.3500 3.7748 0.4194
8264.1000 -0.5006 0.0082 8264.9000 0.0095 -0.0036 8264.4000 0.5007 0.0023
8264.5000 -0.3031 -0.4917 8264.5000 0.2953 -0.5013 8264.5000 -0.0089 0.5042
8265.1500 -0.8384 -4.7994 8265.5500 3.6765 -1.5241 8265.3500 -1.3864 4.9036
8266.1500 -4.4024 4.4965 8266.5500 4.0314 0.5258 8266.3500 -0.3014 -2.0514
8267.1500 4.8585 1.2127 8267.5500 -1.3822 1.1660 8267.3500 4.4108 4.5329
8268.1500 1.8900 0.9601 8268.5500 -1.9653 0.9320 8268.3500 0.0278 -1.8788
8269.1500 -3.5588 3.7879 8269.5500 -3.5985 -1.7685 8269.3500 0.6912 1.7295
8270.1500 -1.9648 -2.2282 8270.5500 1.9458 1.0627 8270.3500 -4.2240 2.5799
8271.1500 -3.7008 0.4430 8271.5500 -4.6163 -4.6012 8271.3500 2.3589 2.0335
8272.1500 -3.6298 -4.1193 8272.5500 -4.2799 -4.4073 8272.3500 1.8800 -3.9833
8273.1500 0.8709 1.3722 8273.5500 1.7004 -2.9150 8273.3500 -3.8608 -2.2210
8274.1500 3.0679 0.5717 8274.5500 -3.5050 -3.4941 8274.3500 -3.4242 4.5801
8275.1500 2.9696 4.4287 8275.5500 -4.0927 2.4123 8275.3500 -3.9855 -4.0160
8276.1500 0.9236 -3.6639 8276.5500 4.3328 -2.3974 8276.3500 -2.4074 -4.6140
8277.1500 -2.1759 -4.3814 8277.5500 3.5091 -1.8000 8277.3500 3.9826 0.2836
8278.1500 -4.3153 3.2633 8278.5500 1.1094 -3.6567 8278.3500 -2.6269 -3.9085
8279.1500 0.4892 1.2099 8279.5500 2.9983 2.4512 8279.3500 0.3532 -0.8727
8280.1500 0.9761 2.7850 8280.5500 3.1812 -0.1368 8280.3500 -3.1748 -3.1594
8281.1500 0.4672 -0.4528 8281.5500 -0.2464 3.9503 8281.3500 4.0216 -1.7784
8282.1500 1.3751 4.0484 8282.5500 -2.1113 3.1414 8282.3500 -0.8688 2.7598
8283.1500 1.3833 -1.7741 8283.5500 0.4423 4.9785 8283.3500 -2.8366 -4.9291
8284.1500 2.6054 4.2408 8284.5500 -3.2078 -1.5170 8284.3500 -0.1338 -2.3987
8285.1500 -3.3787 4.3353 8285.5500 4.5373 -1.5877 8285.3500 -0.4514 1.8654
8286.1500 2.2260 -4.5012 8286.5500 -0.4668 -2.2971 8286.3500 0.5769 0.0265
8287.1500 -3.3834 0.0594 8287.5500 4.2559 -2.0602 8287.3500 -1.0560 3.9910
8288.1500 -4.3438 2.7284 8288.5500 1.4720 -4.0928 8288.3500 1.8244 0.2164
8289.1500 2.8569 -3.5665 8289.5500 1.9836 -3.9644 8289.3500 4.0098 -1.9878
8290.1000 -0.5097 -0.0031 8290.9000 -0.0081 -0.0025 8290.4000 0.4932 -0.0029
8290.5000 -0.2931 -0.5009 8290.5000 0.3066 -0.5061 8290.5000 0.0060 0.4969
8291.1500 -2.9734 -2.0036 8291.5500 2.1843 -4.6052 8291.3500 4.4809 0.5864
8292.1500 0.6021 2.2285 8292.5500 1.5812 -2.5954 8292.3500 2.7107 1.0687
8293.1500 -0.8631 3.6899 8293.5500 2.9851 -0.4253 8293.3500 -1.6593 1.8597
8294.1500 3.7480 0.8720 8294.5500 -2.6091 -3.5374 8294.3500 1.6343 -1.9410
8295.1500 -3.3365 4.5225 8295.5500 4.8194 -4.9746 8295.3500 3.7686 3.4231
8296.1500 1.5039 -3.7341 8296.5500 1.0162 0.5263 8296.3500 -4.9695 -1.1566
8297.1500 2.1008 -1.9051 8297.5500 1.5295 -0.2093 8297.3500 -4.7337 1.1278
8298.1500 -2.2248 -0.3650 8298.5500 2.6162 1.0545 8298.3500 -0.7880 -0.8506
8299.1500 4.1459 1.5892 8299.5500 3.1500 4.4677 8299.3500 4.8988 2.8179
8300.1500 -3.9427 -0.5378 8300.5500 -2.9829 -1.1733 8300.3500 -3.2422 -2.1330
8301.1500 -1.1225 0.8209 8301.5500 -4.2177 -0.0560 8301.3500 4.0375 -1.3112
8302.1500 1.5844 -2.6445 8302.5500 4.0214 -2.2333 8302.3500 -3.6885 -2.2950
8303.1500 2.8368 -1.4708 8303.5500 -1.4521 3.0546 8303.3500 -4.1139 1.0547
8304.1500 -3.3012 0.4515 8304.5500 1.3563 -0.5963 8304.3500 2.6189 -2.6242
8305.1500 -0.0568 -2.7469 8305.5500 1.9937 -0.7839 8305.3500 -1.0220 2.7289
8306.1500 4.3618 1.7871 8306.5500 0.6762 -4.1237 8306.3500 -1.0480 -0.9359
8307.1500 -3.8611 -3.5483 8307.5500 -3.3516 -3.9582 8307.3500 3.9508 -3.2740
8308.1500 -0.5202 1.9017 8308.5500 -3.8829 -2.5904 8308.3500 4.1555 -4.7086
8309.1000 -0.4912 0.0041 8309.9000 0.0024 0.0022 8309.4000 0.4973 0.0015
8309.5000 -0.2982 -0.4908 8309.5000 0.2966 -0.5038 8309.5000 -0.0006 0.4976
8310.1500 2.4151 1.2192 8310.5500 3.4588 0.4609 8310.3500 -1.6841 4.6085
8311.1500 1.8556 0.8248 8311.5500 0.9449 -0.5960 8311.3500 4.4967 0.2413
8312.1500 1.1198 2.1971 8312.5500 -3.2679 2.3702 8312.3500 -0.7271 0.0331
8313.1000 -0.5007 0.0070 8313.9000 -0.0072 -0.0038 8313.4000 0.5051 -0.0066
8313.5000 -0.3020 -0.4916 8313.5000 0.2943 -0.4997 8313.5000 -0.0023 0.4907
8314.1500 -4.0084 1.3956 8314.5500 2.3496 -0.4021 8314.3500 -2.9046 3.6231
8315.1500 -2.8122 -3.5345 8315.5500 2.3389 -0.4511 8315.3500 4.9013 -0.3450
8316.1500 1.1960 -0.0348 8316.5500 -4.7624 -0.7251 8316.3500 2.2506 -1.3910
8317.1500 3.8492 0.1297 8317.5500 3.8148 -1.2374 8317.3500 -1.9283 -3.4601
8318.1500 -4.4043 0.6482 8318.5500 -4.0107 2.3474 8318.3500 0.6132 -0.8891
8319.1000 -0.4902 -0.0057 8319.9000 -0.0004 -0.0019 8319.4000 0.4950 -0.0023
8319.5000 -0.2961 -0.5002 8319.5000 0.3078 -0.5035 8319.5000 0.0098 0.5023
8320.1500 0.0006 -1.5210 8320.5500 0.7655 -2.4333 8320.3500 -3.2107 3.8707
8321.1500 2.8902 3.8422 8321.5500 3.8473 0.0271 8321.3500 1.7282 -3.0851
8322.1500 -4.0212 -4.3318 8322.5500 4.6958 0.5143 8322.3500 -4.0250 -3.0305
8323.1500 1.0320 -0.5899 8323.5500 -3.4046 -4.9212 8323.3500 4.6012 -2.2686
8324.1500 0.1082 -0.6658 8324.5500 -2.0226 -1.7733 8324.3500 2.2915 -0.4382
8325.1500 -4.1249 -2.7241 8325.5500 0.4030 4.1773 8325.3500 0.3473 -4.3991
8326.1500 0.3062 2.9077 8326.5500 -3.9641 -2.9435 8326.3500 -3.8405 2.9348
8327.1500 3.2196 1.7642 8327.5500 -1.9386 -2.7243 8327.3500 1.4686 3.4198
8328.1500 -2.2219 -4.8790 8328.5500 -4.5396 0.2225 8328.3500 -2.7029 -2.4171
8329.1500 1.7232 3.7885 8329.5500 -1.5927 3.8063 8329.3500 3.5525 1.7284
8330.1000 -0.4906 -0.0002 8330.9000 -0.0090 0.0014 8330.4000 0.4914 0.0029
8330.5000 -0.3022 -0.4916 8330.5000 0.2926 -0.4968 8330.5000 -0.0038 0.5075
8331.1500 -0.3025 1.6264 8331.5500 -1.2689 3.2961 8331.3500 0.8206 0.6179
8332.1500 3.9226 4.3437 8332.5500 -2.4600 1.6264 8332.3500 -3.3525 0.7268
8333.1500 -3.6992 -4.8610 8333.5500 -1.3633 1.4964 8333.3500 -2.3996 -3.7870
8334.1500 -1.5755 -2.9414 8334.5500 -3.0199 4.5730 8334.3500 1.3120 -0.4405
8335.1000 -0.4917 0.0063 8335.9000 -0.0031 0.0022 8335.4000 0.4956 0.0001
8335.5000 -0.2986 -0.5037 8335.5000 0.2962 -0.4992 8335.5000 0.0062 0.4931
8336.1500 -1.5690 -3.5944 8336.5500 -0.4044 0.0077 8336.3500 -4.4130 -4.8524
8337.1500 -3.9861 4.0743 8337.5500 -1.5566 2.2471 8337.3500 -2.2956 -1.0344
8338.1500 1.2391 3.1821 8338.5500 -3.8419 4.7152 8338.3500 3.5253 3.5422
8339.1500 -2.8791 1.4024 8339.5500 0.2183 -3.9842 8339.3500 2.3988 3.6942
8340.1500 2.9119 4.9893 8340.5500 3.4111 3.6162 8340.3500 2.9375 -1.0261
8341.1000 -0.4906 0.0040 8341.9000 -0.0050 -0.0037 8341.4000 0.4952 0.0030
8341.5000 -0.3078 -0.4932 8341.5000 0.2929 -0.5076 8341.5000 0.0066 0.5100
8342.1500 0.0835 1.3573 8342.5500 -3.4486 -4.0151 8342.3500 0.0216 -0.4709
8343.1500 3.6938 0.3279 8343.5500 1.8558 -1.9487 8343.3500 -4.6688 2.2594
8344.1500 -3.9765 3.9879 8344.5500 1.4454 -1.7023 8344.3500 4.9100 0.2670
8345.1000 -0.4904 -0.0043 8345.9000 0.0069 0.0079 8345.4000 0.5010 -0.0010
8345.5000 -0.3064 -0.4948 8345.5000 0.2905 -0.4924 8345.5000 0.0082 0.5099
8346.1500 -4.4883 2.0978 8346.5500 -0.1780 -4.7118 8346.3500 -1.2020 -2.5948
8347.1500 -4.9725 -1.6826 8347.5500 3.6155 0.4567 8347.3500 -3.4601 -3.7982
8348.1500 -4.0838 -3.5483 8348.5500 0.9622 1.6591 8348.3500 -0.7130 4.0676
8349.1500 0.3328 -3.8709 8349.5500 -1.0173 1.1393 8349.3500 -1.4696 4.3296
8350.1500 -1.7708 -1.1504 8350.5500 -4.1658 0.0779 8350.3500 4.6158 1.6495
8351.1500 0.6499 -1.2506 8351.5500 1.4154 -0.5312 8351.3500 -4.7205 -2.8407
8352.1500 -4.8736 3.0857 8352.5500 -2.5750 1.1547 8352.3500 1.7129 0.2465
8353.1500 -2.2563 -1.5682 8353.5500 -3.2864 4.5877 8353.3500 -1.4980 -1.6167
8354.1500 -3.9056 -4.9690 8354.5500 -2.2834 2.4986 8354.3500 -0.0034 4.5708
8355.1500 -0.9237 -4.5436 8355.5500 0.6934 1.4835 8355.3500 -2.8153 -4.0211
8356.1000 -0.5046 -0.0061 8356.9000 0.0039 0.0082 8356.4000 0.5082 0.0073
8356.5000 -0.3060 -0.4956 8356.5000 0.3005 -0.5009 8356.5000 0.0057 0.5088
8357.1500 -1.6998 -0.6041 8357.5500 1.7444 -3.5196 8357.3500 1.7917 4.7882
8358.1000 -0.5036 -0.0008 8358.9000 -0.0065 0.0009 8358.4000 0.4955 -0.0026
8358.5000 -0.3018 -0.4900 8358.5000 0.3010 -0.4959 8358.5000 -0.0021 0.5066
8359.1500 -4.2363 4.5202 8359.5500 3.5906 -4.9482 8359.3500 0.7920 1.8161
8360.1500 -4.5004 2.8867 8360.5500 3.8665 0.6648 8360.3500 -4.9711 -2.2094
8361.1500 -3.5836 -0.3334 8361.5500 -2.2882 -4.5125 8361.3500 -4.1607 4.9833
8362.1500 -4.4351 2.8400 8362.5500 -3.1042 -4.8126 8362.3500 0.9612 4.5946
8363.1500 -1.3974 -4.7312 8363.5500 4.4127 -3.2568 8363.3500 -3.4941 1.3502
8364.1500 2.5728 3.8496 8364.5500 0.8124 2.1228 8364.3500 3.1806 -1.5495
8365.1500 -0.8850 2.4682 8365.5500 4.5959 -4.5716 8365.3500 1.4813 0.4656
8366.1500 3.7635 -0.8020 8366.5500 2.3931 3.1033 8366.3500 4.3976 -1.6966
8367.1000 -0.5063 -0.0051 8367.9000 0.0040 0.0058 8367.4000 0.5037 -0.0003
8367.5000 -0.2925 -0.5038 8367.5000 0.2993 -0.5007 8367.5000 0.0073 0.5064
8368.1500 -3.3883 -1.1555 8368.5500 -2.4310 2.4241 8368.3500 -3.1991 -1.4786
8369.1500 -0.8483 -3.6185 8369.5500 -1.5029 -2.0600 8369.3500 0.8365 -1.0697
8370.1500 -1.0028 3.3423 8370.5500 2.0592 0.8011 8370.3500 -3.5071 -2.4612
8371.1500 -4.2708 0.5492 8371.5500 -1.0369 -2.6935 8371.3500 -3.9844 -1.2106
8372.1500 0.3049 4.7872 8372.5500 4.0935 1.5453 8372.3500 -3.2305 2.9605
8373.1500 -0.2550 -2.2332 8373.5500 2.6685 -0.8719 8373.3500 -0.9281 -1.9959
8374.1500 3.6388 0.1053 8374.5500 -3.3594 -4.2930 8374.3500 0.6129 -3.8111
8375.1500 -3.4312 -1.8457 8375.5500 -2.6379 -1.8558 8375.3500 1.1955 -4.9034
8376.1000 -0.5044 -0.0082 8376.9000 -0.0088 0.0049 8376.4000 0.5006 -0.0016
8376.5000 -0.3061 -0.4946 8376.5000 0.3002 -0.4980 8376.5000 -0.0027 0.4960
8377.1500 -4.9301 -4.2708 8377.5500 3.7363 -1.0709 8377.3500 -4.7016 -3.6365
8378.1500 3.2071 3.5429 8378.5500 2.2795 2.0267 8378.3500 2.9913 3.1438
8379.1500 -3.0039 2.6247 8379.5500 1.5825 4.1194 8379.3500 1.9308 -1.8180
8380.1500 4.3041 -2.6685 8380.5500 2.0737 -4.6258 8380.3500 -3.1824 -2.0334
8381.1500 0.3086 -2.5718 8381.5500 -1.2994 4.5100 8381.3500 2.7274 2.0891
8382.1500 -0.4256 -1.7085 8382.5500 -4.0599 -2.7483 8382.3500 -2.5913 4.7191
8383.1500 -1.1341 3.4520 8383.5500 0.4390 -2.2225 8383.3500 4.8767 3.1092
8384.1500 -1.7403 0.9831 8384.5500 2.9445 2.0531 8384.3500 1.7775 -3.7914
8385.1500 1.2306 4.6845 8385.5500 -4.9248 0.1425 8385.3500 3.0371 3.8773
8386.1500 -4.2282 -3.7155 8386.5500 1.7500 0.0817 8386.3500 3.1708 4.7458
8387.1500 4.9686 -2.4686 8387.5500 -0.3621 2.6816 8387.3500 -0.8301 -4.8007
8388.1500 3.6481 -3.8898 8388.5500 0.6593 -0.8592 8388.3500 1.3612 -4.3811
8389.1000 -0.4941 -0.0005 8389.9000 -0.0083 -0.0080 8389.4000 0.5007 -0.0082
8389.5000 -0.3051 -0.4978 8389.5000 0.3018 -0.4991 8389.5000 -0.0016 0.5051
8390.1500 1.6066 1.9871 8390.5500 -2.9126 3.2746 8390.3500 3.3661 -4.4308
8391.1500 -0.0104 4.6862 8391.5500 -3.5442 -4.7759 8391.3500 0.6262 -4.9325
8392.1500 -1.4548 4.4376 8392.5500 3.1954 -2.4263 8392.3500 4.8386 1.5836
8393.1500 -1.9255 3.3296 8393.5500 3.8430 3.7576 8393.3500 -4.8712 1.8549
8394.1500 4.7724 -3.9371 8394.5500 -3.5539 2.4104 8394.3500 2.4425 -0.1929
8395.1500 -4.4494 -4.7689 8395.5500 4.7475 2.7031 8395.3500 -1.8292 -0.4393
8396.1500 -3.0766 -2.2741 8396.5500 -2.8397 1.1047 8396.3500 3.4181 4.4656
8397.1000 -0.5023 -0.0013 8397.9000 0.0065 0.0019 8397.4000 0.4925 -0.0045
8397.5000 -0.2967 -0.4952 8397.5000 0.2995 -0.5055 8397.5000 0.0081 0.5003
8398.1500 -4.3215 0.7492 8398.5500 -3.7388 -2.0860 8398.3500 -3.9126 -0.1404
8399.1500 -3.8940 2.9165 8399.5500 4.9895 -1.6994 8399.3500 -0.4374 -4.8800
8400.1500 -0.0119 2.0738 8400.5500 0.1172 3.1765 8400.3500 -4.4380 0.4160
8401.1500 -2.1555 -4.9303 8401.5500 2.8376 -0.6151 8401.3500 2.4141 -2.0885
8402.1500 4.6000 1.3888 8402.5500 0.2188 -4.2444 8402.3500 -4.5439 -0.1484
8403.1500 0.8472 2.2002 8403.5500 -3.1178 -0.4273 8403.3500 1.6822 -0.7616
8404.1500 2.7984 -0.0160 8404.5500 1.4550 -0.1028 8404.3500 -4.0351 -2.8120
8405.1500 2.8668 3.3383 8405.5500 -0.5568 -1.8392 8405.3500 -1.3696 -2.7744
8406.1500 1.3878 1.2694 8406.5500 1.3335 -3.1331 8406.3500 4.5747 0.0134
8407.1500 -2.4349 0.1833 8407.5500 2.3942 1.3133 8407.3500 1.1680 2.9288
8408.1500 2.6096 3.0589 8408.5500 -1.5876 -4.0750 8408.3500 4.1504 4.1561
8409.1500 -2.0696 -4.6060 8409.5500 -0.1313 4.2570 8409.3500 2.8402 -3.5562
8410.1500 -0.6541 -1.2740 8410.5500 3.7151 2.5750 8410.3500 -1.3168 2.9857
8411.1500 4.3174 -0.6915 8411.5500 3.1232 2.1464 8411.3500 1.4942 -4.2140
8412.1500 -4.3989 1.6154 8412.5500 1.7564 -2.4357 8412.3500 3.4480 1.1829
8413.1500 -0.8272 -1.7892 8413.5500 -3.9167 -3.6279 8413.3500 0.9665 -4.5804
8414.1500 3.2374 -3.2264 8414.5500 -3.0193 1.8093 8414.3500 -4.6638 -2.8589
8415.1000 -0.4909 -0.0022 8415.9000 -0.0063 0.0063 8415.4000 0.5022 0.0006
8415.5000 -0.2913 -0.5032 8415.5000 0.2967 -0.4981 8415.5000 -0.0042 0.4902
8416.1000 -0.4948 -0.0011 8416.9000 -0.0018 0.0022 8416.4000 0.5084 0.0005
8416.5000 -0.2910 -0.5076 8416.5000 0.2919 -0.4904 8416.5000 0.0088 0.5047
8417.1500 -4.5747 -3.1117 8417.5500 0.3858 -4.5992 8417.3500 4.3155 1.7604
8418.1500 -0.0950 3.8991 8418.5500 -0.4477 4.0037 8418.3500 4.3972 -3.3366
8419.1500 0.0497 0.2247 8419.5500 3.8643 2.9977 8419.3500 -3.7754 -2.1518
8420.1000 -0.4988 -0.0008 8420.9000 0.0009 -0.0022 8420.4000 0.4948 0.0075
8420.5000 -0.3040 -0.4936 8420.5000 0.3087 -0.4960 8420.5000 -0.0092 0.4932
8421.1500 -4.1030 4.1333 8421.5500 4.4960 -4.9301 8421.3500 -0.4393 -0.7495
8422.1500 -2.5943 -0.0852 8422.5500 -4.6874 -4.1611 8422.3500 -1.1478 2.6610
8423.1500 -2.4182 -0.2711 8423.5500 -4.4895 0.6195 8423.3500 -0.5976 -4.9053
8424.1000 -0.5014 0.0044 8424.9000 -0.0045 -0.0019 8424.4000 0.5057 0.0015
8424.5000 -0.2923 -0.5083 8424.5000 0.2912 -0.5032 8424.5000 -0.0024 0.4999
8425.1500 -4.9898 -2.2264 8425.5500 -3.6585 -2.5431 8425.3500 3.7454 3.0019
8426.1500 -4.4751 3.9514 8426.5500 -0.7855 4.4844 8426.3500 1.9536 1.2488
8427.1500 -3.3010 -3.6440 8427.5500 -0.9104 4.8860 8427.3500 -0.6196 -0.2330
8428.1500 -0.2568 -4.4128 8428.5500 -3.1471 0.8725 8428.3500 -1.3755 0.8818
8429.1500 4.4375 -1.8336 8429.5500 2.0112 -4.5734 8429.3500 -3.8704 -0.7979
8430.1500 -1.3144 3.9578 8430.5500 0.4893 -0.6088 8430.3500 -0.2448 3.1529
8431.1500 -3.9534 -1.8925 8431.5500 4.8575 1.4877 8431.3500 1.8506 1.5180
8432.1500 -3.1734 0.3626 8432.5500 -4.8454 2.7414 8432.3500 -4.2899 -0.7877
8433.1500 0.5675 4.5803 8433.5500 -4.1753 4.7945 8433.3500 -2.7507 -4.1450
8434.1500 3.3642 -3.0532 8434.5500 -2.3863 -0.2007 8434.3500 2.5493 3.9120
8435.1500 2.8539 4.5904 8435.5500 -0.4904 2.0380 8435.3500 0.0859 -4.9466
8436.1000 -0.5007 0.0050 8436.9000 0.0058 -0.0088 8436.4000 0.5064 0.0025
8436.5000 -0.2906 -0.5072 8436.5000 0.3008 -0.5074 8436.5000 0.0081 0.4906
8437.1000 -0.5027 0.0081 8437.9000 0.0089 0.0072 8437.4000 0.5096 -0.0095
8437.5000 -0.3038 -0.5000 8437.5000 0.3038 -0.5067 8437.5000 0.0097 0.4922
8438.1500 -2.4438 -1.1202 8438.5500 -2.0251 3.5038 8438.3500 -3.6732 4.7630
8439.1500 -2.5315 3.8556 8439.5500 -3.9592 -0.6240 8439.3500 0.8033 -4.2226
8440.1000 -0.5045 -0.0013 8440.9000 -0.0012 -0.0064 8440.4000 0.5028 -0.0081
8440.5000 -0.3027 -0.4986 8440.5000 0.3080 -0.4933 8440.5000 0.0071 0.4931
8441.1500 -2.0561 1.5139 8441.5500 -4.6252 0.9583 8441.3500 -2.5285 1.3618
8442.1500 0.8409 -4.5216 8442.5500 2.9633 1.7762 8442.3500 -3.8047 -1.7563
8443.1500 -1.3045 -3.3143 8443.5500 -2.4325 4.4077 8443.3500 2.7196 3.0632
8444.1500 2.5376 -3.3699 8444.5500 -3.6239 4.5671 8444.3500 4.4606 -4.1177
8445.1000 -0.4902 0.0072 8445.9000 0.0012 0.0092 8445.4000 0.5099 -0.0033
8445.5000 -0.3040 -0.5022 8445.5000 0.3089 -0.4909 8445.5000 0.0067 0.5000
8446.1500 -3.3436 -3.2296 8446.5500 -4.2433 -1.7690 8446.3500 4.1568 3.9966
8447.1000 -0.4973 0.0100 8447.9000 0.0025 0.0059 8447.4000 0.5019 0.0004
8447.5000 -0.3093 -0.4957 8447.5000 0.2944 -0.5022 8447.5000 -0.0059 0.4973
8448.1500 0.3541 -1.3408 8448.5500 3.9685 3.1274 8448.3500 3.3486 4.3660
8449.1500 0.4396 3.1386 8449.5500 0.5688 -4.0048 8449.3500 0.2989 -3.3000
8450.1500 -1.2104 -0.5851 8450.5500 -0.4702 1.3394 8450.3500 -0.3445 -4.0592
8451.1000 -0.4994 -0.0055 8451.9000 0.0003 -0.0069 8451.4000 0.5089 0.0014
8451.5000 -0.2954 -0.4928 8451.5000 0.2964 -0.4928 8451.5000 -0.0023 0.4981
8452.1500 -0.8255 0.9664 8452.5500 4.4543 -1.2005 8452.3500 4.6283 -4.6281
8453.1500 0.3754 0.6682 8453.5500 0.1706 -1.1907 8453.3500 4.6182 3.8994
8454.1500 4.1730 1.2228 8454.5500 1.0303 -2.9105 8454.3500 -0.5241 2.5044
8455.1500 1.9382 -1.2243 8455.5500 1.1253 -1.0705 8455.3500 -3.3148 4.8348
8456.1500 3.6627 4.6379 8456.5500 1.5282 -0.1848 8456.3500 0.2257 -4.3842
8457.1500 -3.2364 -4.6081 8457.5500 -3.5740 -4.9131 8457.3500 2.2673 2.7914
8458.1500 -0.1185 2.1860 8458.5500 -4.8517 2.0648 8458.3500 1.9965 -1.0579
8459.1500 4.6744 2.8724 8459.5500 -4.3865 0.2633 8459.3500 4.7781 -1.1305
8460.1500 -0.4142 -1.9257 8460.5500 4.9377 1.6658 8460.3500 -0.4157 -1.7045
8461.1500 -2.6472 -0.6074 8461.5500 2.0476 4.3434 8461.3500 1.2472 1.7305
8462.1500 -0.8161 2.1920 8462.5500 1.2397 -0.9051 8462.3500 -3.3421 -2.4050
8463.1500 3.4112 -0.5291 8463.5500 1.8643 2.2528 8463.3500 1.8756 -4.3184
8464.1500 -2.0947 -3.6422 8464.5500 1.4380 -1.4943 8464.3500 2.9658 2.2631
8465.1500 -3.2224 -3.3704 8465.5500 0.7336 2.2744 8465.3500 1.2524 2.7262
8466.1500 -3.2203 1.7838 8466.5500 -2.8863 3.1481 8466.3500 -3.7085 -3.3334
8467.1000 -0.5019 0.0029 8467.9000 -0.0002 0.0034 8467.4000 0.4911 0.0056
8467.5000 -0.2959 -0.4941 8467.5000 0.2984 -0.5036 8467.5000 0.0051 0.4937
8468.1000 -0.4969 -0.0029 8468.9000 0.0028 -0.0000 8468.4000 0.4915 0.0086
8468.5000 -0.3070 -0.4947 8468.5000 0.2910 -0.4953 8468.5000 -0.0053 0.5083
8469.1500 -4.7810 -1.9558 8469.5500 -4.9741 4.9543 8469.3500 -2.0892 -3.6835
8470.1000 -0.5016 -0.0068 8470.9000 0.0073 -0.0051 8470.4000 0.4954 -0.0011
8470.5000 -0.2995 -0.5082 8470.5000 0.3024 -0.4966 8470.5000 -0.0018 0.5068
8471.1500 -3.7449 -3.2082 8471.5500 0.0066 -1.9870 8471.3500 3.1311 2.2279
8472.1000 -0.5044 0.0058 8472.9000 0.0078 0.0026 8472.4000 0.4944 -0.0012
8472.5000 -0.2916 -0.4941 8472.5000 0.3037 -0.4948 8472.5000 0.0075 0.4919
8473.1500 -2.6433 -3.8367 8473.5500 -2.5021 2.7453 8473.3500 3.0623 2.6356
8474.1500 0.8767 1.2619 8474.5500 -1.2822 -3.4989 8474.3500 -1.6761 -1.9731
8475.1500 -0.0240 -2.6011 8475.5500 -1.1611 -0.5585 8475.3500 -0.2466 3.9908
8476.1500 -2.0866 -4.1986 8476.5500 1.7606 -0.3927 8476.3500 -3.5514 1.7692
8477.1500 -0.5816 -2.9928 8477.5500 -3.8216 2.6002 8477.3500 0.7378 -4.6548
8478.1500 -1.0413 -0.6953 8478.5500 1.5352 2.2001 8478.3500 -1.6088 4.4103
8479.1000 -0.5005 0.0096 8479.9000 -0.0085 0.0003 8479.4000 0.4971 0.0021
8479.5000 -0.2988 -0.4964 8479.5000 0.3098 -0.5024 8479.5000 0.0049 0.5087
8480.1000 -0.4909 -0.0065 8480.9000 0.0024 0.0058 8480.4000 0.4912 -0.0019
8480.5000 -0.3085 -0.5092 8480.5000 0.3032 -0.4916 8480.5000 0.0084 0.5016
8481.1500 -4.5528 -2.0472 8481.5500 -3.9196 3.9380 8481.3500 3.1754 -0.0756
8482.1000 -0.5092 -0.0058 8482.9000 0.0061 -0.0033 8482.4000 0.4983 -0.0037
8482.5000 -0.3073 -0.4928 8482.5000 0.2974 -0.4960 8482.5000 -0.0038 0.5093
8483.1500 -0.6717 0.5788 8483.5500 2.4581 2.3690 8483.3500 -4.3176 2.6996
8484.1500 -1.1346 3.8348 8484.5500 -2.3301 -4.0174 8484.3500 3.2948 -0.4386
8485.1500 -0.4106 0.6993 8485.5500 -3.4890 -1.9220 8485.3500 4.1444 -2.0325
8486.1500 0.0045 0.0112 8486.5500 3.4443 4.0341 8486.3500 -1.7596 0.1049
8487.1500 -0.3767 3.3438 8487.5500 1.0432 1.1726 8487.3500 -4.1120 -2.7794
8488.1500 3.8360 -4.3575 8488.5500 2.3431 0.4193 8488.3500 2.9159 -0.1405
8489.1000 -0.4986 -0.0003 8489.9000 0.0054 -0.0060 8489.4000 0.5032 0.0055
8489.5000 -0.2960 -0.5089 8489.5000 0.3093 -0.4922 8489.5000 0.0035 0.4912
8490.1500 3.8832 -3.3678 8490.5500 4.5684 -1.3825 8490.3500 -4.0398 -2.9809
8491.1500 4.6926 0.2447 8491.5500 -2.4857 -0.9721 8491.3500 3.0178 3.5237
8492.1500 -2.8791 -1.3083 8492.5500 -1.7834 -4.8831 8492.3500 -1.2215 -1.4172
8493.1500 -4.6854 -3.2962 8493.5500 1.9341 -2.4527 8493.3500 -4.6217 -0.2948
8494.1500 1.1439 -0.7635 8494.5500 0.7572 1.2830 8494.3500 4.9754 4.9691
8495.1000 -0.4994 0.0050 8495.9000 -0.0064 -0.0089 8495.4000 0.5002 0.0066
8495.5000 -0.2982 -0.4933 8495.5000 0.3083 -0.5099 8495.5000 0.0042 0.5074
8496.1500 -0.8262 4.9247 8496.5500 -2.4876 1.2433 8496.3500 4.0606 1.9986
8497.1000 -0.4976 -0.0061 8497.9000 -0.0090 -0.0095 8497.4000 0.4986 0.0009
8497.5000 -0.3064 -0.5047 8497.5000 0.3072 -0.4965 8497.5000 0.0071 0.5060
8498.1500 0.4068 -1.5677 8498.5500 -4.5404 -2.7149 8498.3500 3.1906 -4.1319
8499.1500 -2.6413 -0.5606 8499.5500 -3.2719 4.0959 8499.3500 -3.0046 -3.5219
8500.1500 0.4975 -2.8509 8500.5500 -4.3344 -4.7422 8500.3500 2.2178 3.8658
8501.1500 2.1812 -4.5279 8501.5500 -2.0151 3.1773 8501.3500 -2.1311 0.8251
8502.1500 -2.5638 -2.6337 8502.5500 -2.9387 2.3861 8502.3500 -0.2519 -1.2203
8503.1500 -0.1637 -3.3839 8503.5500 -2.4128 -0.1045 8503.3500 3.4378 -1.6914
8504.1500 1.6714 0.6862 8504.5500 -1.8397 4.9891 8504.3500 1.6064 -2.1413
8505.1500 2.1856 -3.6243 8505.5500 -0.7317 -0.9033 8505.3500 1.0480 -0.2662
8506.1500 -0.8896 -0.4635 8506.5500 0.0224 -1.5750 8506.3500 2.8765 2.2066
8507.1000 -0.4955 -0.0068 8507.9000 0.0021 0.0025 8507.4000 0.4906 0.0009
8507.5000 -0.2989 -0.5020 8507.5000 0.3051 -0.4922 8507.5000 -0.0020 0.4987
8508.1500 -3.0368 -2.7003 8508.5500 3.4876 -4.0502 8508.3500 -3.9666 1.3093
8509.1500 -3.7018 1.4696 8509.5500 -4.5964 -0.3184 8509.3500 -1.4485 0.8828
8510.1500 -1.1900 -4.1468 8510.5500 -3.5559 -2.6471 8510.3500 1.7717 3.9756
8511.1500 4.2531 -3.8455 8511.5500 2.7268 -1.1312 8511.3500 0.6717 3.3302
8512.1500 -1.2623 3.4841 8512.5500 3.3341 -4.8921 8512.3500 4.5413 -0.3226
8513.1500 1.4393 -3.0264 8513.5500 -4.7505 -3.4098 8513.3500 3.7651 -2.1376
8514.1500 2.5834 3.8395 8514.5500 0.5734 -2.0783 8514.3500 -1.9404 4.8504
8515.1000 -0.4949 -0.0009 8515.9000 -0.0041 0.0098 8515.4000 0.4963 -0.0090
8515.5000 -0.3078 -0.4941 8515.5000 0.3033 -0.4920 8515.5000 -0.0025 0.4955
8516.1500 0.8289 -2.8625 8516.5500 2.7373 -0.8443 8516.3500 -4.0394 4.5582
8517.1500 -4.8412 3.7155 8517.5500 -1.2433 -4.8451 8517.3500 1.6783 -3.5325
8518.1500 -2.7564 3.3664 8518.5500 -1.4527 -4.0905 8518.3500 1.8589 3.0982
8519.1500 -3.3560 4.7142 8519.5500 -1.0928 4.8282 8519.3500 2.3985 1.8842
8520.1500 -0.9256 4.0289 8520.5500 -2.5799 -1.1169 8520.3500 1.9159 -3.4319
8521.1500 0.4236 3.3114 8521.5500 -1.1204 3.3033 8521.3500 2.0091 -0.5683
8522.1500 -1.7061 -1.4787 8522.5500 -4.6567 -2.6087 8522.3500 2.3344 2.7515
8523.1000 -0.4944 -0.0066 8523.9000 0.0045 -0.0060 8523.4000 0.4952 -0.0026
8523.5000 -0.3092 -0.4932 8523.5000 0.2962 -0.5037 8523.5000 -0.0088 0.5035
8524.1500 2.4360 1.2635 8524.5500 0.3789 -2.9329 8524.3500 0.2820 3.5548
8525.1500 -4.3645 -2.9621 8525.5500 4.9881 3.2086 8525.3500 2.0583 -2.3746
8526.1000 -0.4908 -0.0080 8526.9000 0.0014 -0.0038 8526.4000 0.4901 0.0014
8526.5000 -0.2982 -0.5019 8526.5000 0.3052 -0.5036 8526.5000 0.0060 0.4912
8527.1500 2.4338 -2.4124 8527.5500 -0.5301 -3.1087 8527.3500 -1.7108 3.8394
8528.1500 4.4196 -2.5209 8528.5500 0.2563 -3.0444 8528.3500 2.0557 -1.6353
8529.1500 4.0331 0.8803 8529.5500 -4.5979 -1.8500 8529.3500 -4.6786 4.1426
8530.1500 4.1861 1.3347 8530.5500 3.9296 -2.3729 8530.3500 4.4272 -1.0582
8531.1000 -0.5089 -0.0003 8531.9000 -0.0024 -0.0064 8531.4000 0.5000 -0.0079
8531.5000 -0.2927 -0.4975 8531.5000 0.2975 -0.5067 8531.5000 0.0016 0.4932
8532.1500 0.2839 -2.6544 8532.5500 0.4713 -3.5514 8532.3500 1.5885 -4.5617
8533.1500 1.0066 -3.6716 8533.5500 4.5635 2.9527 8533.3500 4.4459 -2.7383
8534.1500 2.6651 3.9340 8534.5500 -2.6505 4.0136 8534.3500 -1.1497 2.5200
8535.1500 -0.5273 4.6165 8535.5500 -1.9039 3.1595 8535.3500 2.9441 -4.1181
8536.1000 -0.5036 -0.0017 8536.9000 -0.0001 -0.0048 8536.4000 0.5039 0.0027
8536.5000 -0.3083 -0.4992 8536.5000 0.2999 -0.5056 8536.5000 0.0037 0.4984
8537.1500 -0.9035 -1.7870 8537.5500 -2.9734 3.8816 8537.3500 3.7167 1.9389
8538.1500 3.8266 4.0743 8538.5500 0.2566 -3.1502 8538.3500 -0.4899 1.4156
8539.1500 0.6358 -0.7083 8539.5500 -1.8988 -2.2219 8539.3500 1.1106 -0.7460
8540.1500 3.2799 4.5255 8540.5500 2.0306 4.1642 8540.3500 4.0592 -0.9923
8541.1500 -0.3376 -4.6018 8541.5500 3.4541 -2.4042 8541.3500 -4.5164 3.3014
8542.1500 0.8166 -2.2859 8542.5500 -3.7886 -3.3808 8542.3500 -2.1203 3.5812
8543.1500 -3.6875 4.1162 8543.5500 -0.7905 2.7433 8543.3500 -2.1243 4.9359
8544.1500 -3.5859 2.5806 8544.5500 -1.2930 -1.8407 8544.3500 0.8428 -4.8373
8545.1500 3.9650 3.9872 8545.5500 3.3969 4.6784 8545.3500 2.2960 2.7701
8546.1500 3.2986 1.5768 8546.5500 -1.3647 1.2199 8546.3500 0.3751 3.8247
8547.1500 4.9795 -1.3520 8547.5500 1.0701 3.9146 8547.3500 -3.9426 -4.3657
8548.1500 1.6387 -1.9332 8548.5500 -1.3123 -0.9879 8548.3500 0.1116 -4.0440
8549.1000 -0.4987 -0.0088 8549.9000 -0.0033 0.0017 8549.4000 0.5042 0.0036
8549.5000 -0.3073 -0.4999 8549.5000 0.2971 -0.4997 8549.5000 -0.0060 0.4936
8550.1500 4.0730 3.8197 8550.5500 1.5424 4.6856 8550.3500 -0.2843 -1.2286
8551.1500 0.2750 -4.4757 8551.5500 2.3353 -4.3047 8551.3500 -2.4031 2.2642
8552.1500 -1.9021 4.2519 8552.5500 -1.1723 -4.4937 8552.3500 3.6409 -3.1829
8553.1500 1.1056 -1.7654 8553.5500 -2.8632 -2.9888 8553.3500 -3.4615 -1.8591
8554.1500 -0.7678 4.9533 8554.5500 2.7910 -2.1575 8554.3500 0.0703 -4.6014
8555.1500 -3.1863 -2.5413 8555.5500 -4.0126 -4.2707 8555.3500 0.3962 1.1447
8556.1500 3.2686 -3.1304 8556.5500 3.3954 0.8029 8556.3500 -0.3493 1.2035
8557.1500 1.4908 -4.2862 8557.5500 -2.4248 -4.1115 8557.3500 -0.0850 0.3433
8558.1500 2.9840 -1.1670 8558.5500 4.7138 4.5974 8558.3500 -2.0870 -0.0126
8559.1500 -4.6046 -4.4364 8559.5500 3.4793 -3.2662 8559.3500 3.8996 -1.3440
8560.1500 4.9905 0.3855 8560.5500 -4.5518 1.7296 8560.3500 -2.3182 4.0795
8561.1500 0.7791 -3.4851 8561.5500 -4.5703 -2.9783 8561.3500 0.9959 -2.6398
8562.1500 -0.2383 -2.5492 8562.5500 -2.7475 -1.2076 8562.3500 -1.4614 -0.4909
8563.1500 -3.2096 -1.7036 8563.5500 0.6506 0.9210 8563.3500 1.7551 2.5398
8564.1500 3.5991 -4.5773 8564.5500 -1.4012 -0.5396 8564.3500 -3.9162 -2.2286
8565.1500 2.8490 3.8623 8565.5500 2.8661 2.0388 8565.3500 -2.3457 0.2323
8566.1500 3.3663 -1.5252 8566.5500 2.2721 1.2635 8566.3500 1.9919 3.8303
8567.1500 -2.1645 0.4888 8567.5500 -2.9223 0.4941 8567.3500 3.8390 4.8180
8568.1500 4.0849 4.6212 8568.5500 -0.6178 -0.6626 8568.3500 -4.7063 -0.0369
8569.1000 -0.4995 0.0007 8569.9000 0.0010 -0.0048 8569.4000 0.5091 -0.0051
8569.5000 -0.2962 -0.5041 8569.5000 0.3087 -0.5088 8569.5000 -0.0008 0.5072
8570.1500 2.8002 1.1545 8570.5500 -1.0773 -2.4511 8570.3500 -2.2715 -3.4561
8571.1500 1.2119 0.9167 8571.5500 -2.7560 -2.8952 8571.3500 2.0911 2.9595
8572.1500 1.8417 2.4189 8572.5500 -4.6820 -1.5690 8572.3500 -4.6143 2.5296
8573.1500 4.4792 -4.2714 8573.5500 0.1492 2.5174 8573.3500 -4.3189 -3.4185
8574.1500 -2.5809 0.7095 8574.5500 0.8658 3.8529 8574.3500 -4.8971 0.6389
8575.1500 -3.8044 3.9012 8575.5500 1.4350 -4.4059 8575.3500 -3.0969 -3.1689
8576.1000 -0.4990 -0.0070 8576.9000 -0.0022 0.0033 8576.4000 0.4927 -0.0082
8576.5000 -0.2959 -0.5094 8576.5000 0.3042 -0.4929 8576.5000 -0.0002 0.5055
8577.1000 -0.5046 -0.0044 8577.9000 0.0046 0.0039 8577.4000 0.4932 0.0083
8577.5000 -0.2960 -0.5032 8577.5000 0.3091 -0.4943 8577.5000 -0.0008 0.4946
8578.1500 -4.2913 -2.1830 8578.5500 1.1613 4.8339 8578.3500 -0.8099 1.4397
8579.1500 1.3447 -4.9137 8579.5500 -4.0893 -4.3982 8579.3500 -4.4688 -2.2773
8580.1500 1.1288 -2.6874 8580.5500 1.1943 4.7291 8580.3500 -3.5083 -2.2963
8581.1500 -0.1775 -0.0066 8581.5500 -4.6750 -1.8732 8581.3500 -0.6746 -0.3174
8582.1000 -0.4954 0.0072 8582.9000 0.0088 -0.0097 8582.4000 0.5074 -0.0050
8582.5000 -0.3066 -0.5091 8582.5000 0.2951 -0.4905 8582.5000 0.0011 0.4941
8583.1500 2.0204 1.9320 8583.5500 2.3979 0.4704 8583.3500 -2.2225 -4.8514
8584.1500 4.5519 -1.1624 8584.5500 -2.7322 4.9503 8584.3500 4.1796 2.3380
8585.1000 -0.5084 0.0099 8585.9000 -0.0031 -0.0006 8585.4000 0.4999 -0.0090
8585.5000 -0.3075 -0.5043 8585.5000 0.2965 -0.4966 8585.5000 0.0076 0.5040
8586.1500 1.4251 4.5262 8586.5500 -1.0505 3.9291 8586.3500 -3.4071 -3.5112
8587.1500 -4.9964 -1.3952 8587.5500 1.1903 -1.3334 8587.3500 4.3728 1.4719
8588.1500 1.7870 -0.4056 8588.5500 -2.6304 -1.0368 8588.3500 -4.9598 -3.8565
8589.1500 -2.7020 -2.7761 8589.5500 3.0897 -1.5886 8589.3500 4.7809 3.2430
8590.1500 -1.2416 -1.3683 8590.5500 -1.6036 1.3316 8590.3500 4.3298 -3.0207
8591.1500 1.6568 3.4814 8591.5500 4.9395 1.1805 8591.3500 -1.7985 -1.4394
8592.1000 -0.5014 0.0029 8592.9000 0.0069 0.0076 8592.4000 0.5094 -0.0049
8592.5000 -0.3078 -0.4938 8592.5000 0.2946 -0.4949 8592.5000 -0.0082 0.4961
8593.1500 2.5964 -4.7752 8593.5500 1.4078 -2.9347 8593.3500 3.4178 2.3498
8594.1000 -0.5039 -0.0047 8594.9000 0.0079 -0.0012 8594.4000 0.5051 0.0030
8594.5000 -0.2916 -0.4926 8594.5000 0.2919 -0.5043 8594.5000 0.0060 0.4960
8595.1500 0.1927 -0.9618 8595.5500 -0.8114 -2.4500 8595.3500 0.2283 0.8893
8596.1500 2.3606 -1.4726 8596.5500 -3.3443 -0.3449 8596.3500 -2.5521 4.5204
8597.1000 -0.4980 0.0038 8597.9000 -0.0074 0.0077 8597.4000 0.5000 0.0017
8597.5000 -0.2956 -0.5026 8597.5000 0.2926 -0.4912 8597.5000 -0.0082 0.4995
8598.1500 -1.0553 3.1610 8598.5500 2.2640 0.3737 8598.3500 -3.4188 2.1438
8599.1000 -0.4913 0.0005 8599.9000 -0.0028 -0.0011 8599.4000 0.5090 -0.0079
8599.5000 -0.3033 -0.4997 8599.5000 0.2950 -0.4942 8599.5000 -0.0022 0.5031
8600.1500 -4.2427 3.5307 8600.5500 -1.3831 -0.1315 8600.3500 4.2607 1.2769
8601.1500 1.2000 -0.7891 8601.5500 -3.6146 -3.5367 8601.3500 -2.9435 -0.3224
8602.1500 3.0192 3.6069 8602.5500 -1.3042 1.6757 8602.3500 0.6246 3.4619
8603.1500 -1.8687 -1.2130 8603.5500 -0.5788 -0.1930 8603.3500 0.8417 3.1660
8604.1500 3.7058 0.3770 8604.5500 0.2985 -4.0808 8604.3500 -0.1892 -2.0122
8605.1500 -4.9756 0.3153 8605.5500 -0.4979 2.3855 8605.3500 -3.5702 3.1110
8606.1500 0.9350 1.4564 8606.5500 -2.1291 2.9283 8606.3500 4.4648 -2.6955
8607.1500 2.6947 -4.4761 8607.5500 -4.1141 -3.4300 8607.3500 -0.3194 -3.9871
8608.1500 4.0117 -4.2954 8608.5500 -0.5106 -4.9616 8608.3500 2.6239 4.1370
8609.1500 -2.9480 0.9478 8609.5500 2.0144 2.2299 8609.3500 -3.2592 -0.3784
8610.1000 -0.5096 0.0001 8610.9000 0.0027 -0.0020 8610.4000 0.5083 0.0084
8610.5000 -0.2905 -0.4998 8610.5000 0.2948 -0.4982 8610.5000 -0.0015 0.5060
8611.1000 -0.5072 -0.0089 8611.9000 -0.0039 0.0045 8611.4000 0.5068 -0.0087
8611.5000 -0.3091 -0.5036 8611.5000 0.2988 -0.5092 8611.5000 -0.0081 0.5017
8612.1500 2.1262 -1.2889 8612.5500 -4.3459 2.8241 8612.3500 -1.8244 2.6864
8613.1500 -1.5095 1.0036 8613.5500 -1.0513 -4.2384 8613.3500 -2.2970 0.3523
8614.1500 4.7883 3.9855 8614.5500 4.1961 0.9758 8614.3500 2.1286 0.0499
8615.1500 -0.5093 -1.2378 8615.5500 -0.9012 -0.0546 8615.3500 -3.0687 -2.7596
8616.1500 -0.5938 1.1030 8616.5500 -2.7114 0.2838 8616.3500 0.4529 -3.2472
8617.1500 -3.9178 0.3809 8617.5500 4.7887 -3.0129 8617.3500 -4.1947 3.8026
8618.1500 -1.9842 4.9048 8618.5500 4.6135 3.9772 8618.3500 4.7629 -3.1751
8619.1500 3.5040 1.3941 8619.5500 -1.2101 1.1440 8619.3500 2.9232 -2.7087
8620.1000 -0.5019 -0.0091 8620.9000 0.0093 -0.0064 8620.4000 0.5042 -0.0013
8620.5000 -0.3048 -0.5048 8620.5000 0.2931 -0.5050 8620.5000 0.0010 0.4974
8621.1500 2.8515 -1.9233 8621.5500 -1.3047 0.9146 8621.3500 -1.1587 3.6030
8622.1000 -0.4939 -0.0001 8622.9000 0.0039 0.0011 8622.4000 0.5025 0.0052
8622.5000 -0.2939 -0.5018 8622.5000 0.2926 -0.5079 8622.5000 -0.0096 0.5092
8623.1500 -1.3776 2.0585 8623.5500 4.2982 1.0650 8623.3500 0.6433 -1.3860
8624.1500 -1.6059 -4.5409 8624.5500 2.3308 1.5186 8624.3500 -2.1715 -0.9360
8625.1500 -3.8842 2.6285 8625.5500 -3.9681 -0.0570 8625.3500 3.2184 -1.9537
8626.1500 0.8141 -0.2379 8626.5500 4.9460 1.2768 8626.3500 0.2870 -3.9550
8627.1500 2.1875 -2.0512 8627.5500 2.6846 -4.4827 8627.3500 4.3862 -1.0701
8628.1500 -0.1807 -4.4858 8628.5500 2.6445 -4.0897 8628.3500 -2.8613 -0.2652
8629.1500 -1.9729 1.8764 8629.5500 3.3305 4.5390 8629.3500 -4.2009 -4.2534
8630.1500 -0.6278 -0.4869 8630.5500 -4.0520 -0.0566 8630.3500 -1.4386 -1.5789
8631.1500 0.6735 -0.1099 8631.5500 -1.4097 1.1896 8631.3500 1.4313 -3.8430
8632.1500 -0.3528 -3.8562 8632.5500 -1.4131 -3.6200 8632.3500 -2.4743 -0.7663
8633.1500 -1.2782 -2.3439 8633.5500 -3.5007 -3.5286 8633.3500 -4.0470 0.1241
8634.1000 -0.4975 -0.0066 8634.9000 0.0067 -0.0078 8634.4000 0.4976 -0.0006
8634.5000 -0.3058 -0.5039 8634.5000 0.2974 -0.5054 8634.5000 0.0029 0.4970
8635.1500 3.0275 0.5907 8635.5500 -0.3541 -1.6079 8635.3500 -2.2948 1.8151
8636.1500 3.1775 4.0924 8636.5500 4.8176 0.2970 8636.3500 -0.6895 -1.3438
8637.1500 0.0399 3.6909 8637.5500 2.8870 2.5736 8637.3500 0.0154 -0.8389
8638.1500 3.8650 -0.2119 8638.5500 0.7651 0.2380 8638.3500 0.5007 0.3041
8639.1500 -3.6123 1.6031 8639.5500 2.9529 -0.5242 8639.3500 2.6096 -4.6290
8640.1500 4.2285 0.8421 8640.5500 4.8586 3.1278 8640.3500 1.6005 -0.0880
8641.1500 -0.6210 4.4820 8641.5500 1.3478 -4.9977 8641.3500 -4.6704 0.8705
8642.1500 -4.8735 -3.2198 8642.5500 4.5600 4.3711 8642.3500 0.9943 2.3987
8643.1500 4.9586 3.3330 8643.5500 -4.3456 -3.7566 8643.3500 0.8318 -1.5354
8644.1500 -3.0120 -3.5132 8644.5500 -3.9972 -0.0236 8644.3500 -3.3429 4.6174
8645.1500 0.6228 1.9925 8645.5500 -3.0590 0.9861 8645.3500 -2.6816 1.6223
8646.1500 3.7905 -1.4268 8646.5500 -3.0505 2.5110 8646.3500 -2.2478 -2.7441
8647.1500 -2.9838 1.3470 8647.5500 3.7984 4.7606 8647.3500 4.3029 2.0211
8648.1500 -2.2509 -1.5961 8648.5500 2.1763 2.1123 8648.3500 -3.8314 4.9150
8649.1500 -2.6992 1.2221 8649.5500 4.2554 -4.7132 8649.3500 -0.4056 -1.6891
8650.1000 -0.5016 -0.0031 8650.9000 0.0056 0.0014 8650.4000 0.5037 0.0033
8650.5000 -0.3094 -0.5050 8650.5000 0.2976 -0.5052 8650.5000 0.0076 0.5071
8651.1500 -1.3886 2.9923 8651.5500 -3.5826 4.9883 8651.3500 4.8666 -2.1261
8652.1500 1.4546 -3.4698 8652.5500 2.0826 -3.4295 8652.3500 -0.3561 -2.7650
8653.1500 2.5638 -4.3342 8653.5500 0.3754 4.9854 8653.3500 -0.0851 0.2013
8654.1000 -0.4905 -0.0004 8654.9000 -0.0086 -0.0087 8654.4000 0.5061 0.0088
8654.5000 -0.2959 -0.5087 8654.5000 0.2973 -0.5037 8654.5000 -0.0036 0.5026
8655.1500 -1.6012 0.1533 8655.5500 2.7623 1.5026 8655.3500 2.6890 -4.5401
8656.1500 -0.7500 2.7157 8656.5500 0.5341 -0.0685 8656.3500 -4.2030 -1.6792
8657.1500 1.2816 -2.9354 8657.5500 -4.6264 2.3423 8657.3500 2.8879 -4.3089
8658.1500 0.3804 2.5428 8658.5500 -3.6084 0.2601 8658.3500 4.4161 2.2426
8659.1500 3.2563 -1.3428 8659.5500 -0.1362 3.1002 8659.3500 -4.1637 4.9717
8660.1500 -4.5807 3.9672 8660.5500 2.7926 -1.4345 8660.3500 3.3713 -4.9962
8661.1500 -4.6043 4.0154 8661.5500 0.3454 -1.8615 8661.3500 4.9294 -4.4869
8662.1500 3.0254 0.3002 8662.5500 3.9003 -4.2518 8662.3500 1.7636 -4.1562
8663.1500 -2.7842 1.4829 8663.5500 0.4895 4.6153 8663.3500 1.0538 1.6975
8664.1500 -2.3514 -0.0433 8664.5500 4.3013 -3.2304 8664.3500 1.2576 -3.9066
8665.1500 0.0529 4.1772 8665.5500 -2.1740 0.4011 8665.3500 1.6543 2.7892
8666.1500 4.4085 -0.8254 8666.5500 -0.7369 3.7616 8666.3500 -2.7259 -2.4625
8667.1500 -4.4290 2.4511 8667.5500 4.0421 4.6294 8667.3500 1.7789 -3.5108
8668.1000 -0.5051 0.0065 8668.9000 -0.0062 -0.0032 8668.4000 0.5048 -0.0034
8668.5000 -0.3012 -0.4975 8668.5000 0.2976 -0.5058 8668.5000 0.0067 0.5049
8669.1500 -3.2316 -3.3667 8669.5500 4.9198 0.8103 8669.3500 -0.7400 0.6789
8670.1500 -2.5177 2.9120 8670.5500 2.5047 0.1086 8670.3500 0.6134 -1.6121
8671.1500 -1.2985 3.6292 8671.5500 1.2357 1.1772 8671.3500 -0.2258 0.7063
8672.1000 -0.4921 -0.0092 8672.9000 0.0049 0.0080 8672.4000 0.5031 -0.0033
8672.5000 -0.3069 -0.4906 8672.5000 0.3091 -0.5100 8672.5000 -0.0051 0.5065
8673.1000 -0.5052 0.0056 8673.9000 -0.0050 -0.0047 8673.4000 0.5079 0.0002
8673.5000 -0.2934 -0.4937 8673.5000 0.2970 -0.4965 8673.5000 -0.0086 0.4956
8674.1500 -0.1738 -1.2059 8674.5500 3.2424 4.0858 8674.3500 2.8201 -3.3612
8675.1500 1.7900 -3.7719 8675.5500 -1.5051 2.0118 8675.3500 0.2059 -3.2988
8676.1500 -2.6942 2.6978 8676.5500 2.6081 -4.0743 8676.3500 1.2244 -1.5691
8677.1500 4.6709 -0.8982 8677.5500 -2.6722 -2.6087 8677.3500 -0.2556 1.5693
8678.1500 4.0149 1.1531 8678.5500 -2.5714 -2.9329 8678.3500 -2.7180 4.7307
8679.1500 -1.8964 -1.9950 8679.5500 2.0469 4.7683 8679.3500 0.0979 1.9231
8680.1000 -0.4935 0.0094 8680.9000 0.0006 -0.0043 8680.4000 0.4952 -0.0006
8680.5000 -0.2993 -0.5083 8680.5000 0.2994 -0.5066 8680.5000 0.0086 0.5071
8681.1500 -3.3600 1.7692 8681.5500 -1.0368 -2.3488 8681.3500 -1.9021 -2.2838
8682.1500 -4.8782 4.0927 8682.5500 0.7526 1.5539 8682.3500 3.2777 -2.3607
8683.1500 4.8862 3.2852 8683.5500 -1.3897 3.7379 8683.3500 -4.6097 -2.0424
8684.1500 -3.6661 3.1967 8684.5500 -3.8279 0.6792 8684.3500 -2.0445 3.7120
8685.1500 -2.7221 -3.2178 8685.5500 0.6161 -4.5986 8685.3500 -2.5120 4.2926
8686.1500 3.1887 -4.1676 8686.5500 -2.4388 -0.4709 8686.3500 3.3082 4.8598
8687.1500 0.0913 2.9240 8687.5500 3.9256 1.1824 8687.3500 -2.0291 2.4142
8688.1500 -3.0480 2.2599 8688.5500 3.5772 1.1849 8688.3500 -3.1927 -4.8927
8689.1500 0.9062 -1.1742 8689.5500 4.4596 1.8460 8689.3500 3.1841 -4.3221
8690.1500 1.9797 -3.3622 8690.5500 2.1886 4.5238 8690.3500 -0.5415 3.1141
8691.1500 -2.8672 -1.4770 8691.5500 4.0773 -1.0649 8691.3500 -0.9120 0.2728
8692.1500 2.2011 -4.6679 8692.5500 -4.2104 -2.2647 8692.3500 -3.7683 1.6843
8693.1500 3.5870 1.9885 8693.5500 -0.5191 3.4375 8693.3500 -0.3370 -0.1129
8694.1000 -0.4979 -0.0010 8694.9000 -0.0086 0.0037 8694.4000 0.4936 0.0095
8694.5000 -0.2993 -0.4972 8694.5000 0.3027 -0.5042 8694.5000 -0.0078 0.4972
8695.1500 4.6585 -1.3531 8695.5500 2.7685 0.7688 8695.3500 2.8923 0.8556
8696.1500 -0.9295 -0.0922 8696.5500 -2.5478 -4.9427 8696.3500 1.0364 1.3820
8697.1000 -0.4929 0.0047 8697.9000 -0.0042 -0.0018 8697.4000 0.4936 0.0065
8697.5000 -0.3059 -0.4959 8697.5000 0.2991 -0.5065 8697.5000 0.0097 0.4955
8698.1000 -0.5042 -0.0092 8698.9000 -0.0075 -0.0072 8698.4000 0.5065 0.0033
8698.5000 -0.3066 -0.5053 8698.5000 0.2928 -0.5060 8698.5000 0.0072 0.5049
8699.1500 -0.0684 -0.6125 8699.5500 1.0568 -4.2559 8699.3500 2.6605 2.1385
8700.1500 3.8463 2.6343 8700.5500 2.2589 2.5024 8700.3500 3.3033 2.5022
8701.1500 1.4487 1.4702 8701.5500 1.2004 -3.5366 8701.3500 3.8348 2.0436
8702.1500 3.9944 -2.5416 8702.5500 0.6249 -2.9415 8702.3500 3.7007 1.6313
8703.1000 -0.5023 -0.0016 8703.9000 -0.0059 0.0068 8703.4000 0.5048 -0.0058
8703.5000 -0.3036 -0.4940 8703.5000 0.3037 -0.4938 8703.5000 -0.0022 0.4931
8704.1500 0.5721 -1.5843 8704.5500 0.3350 2.4724 8704.3500 -2.3049 1.7319
8705.1000 -0.4965 0.0030 8705.9000 0.0058 -0.0073 8705.4000 0.4978 0.0057
8705.5000 -0.2911 -0.5007 8705.5000 0.3011 -0.4973 8705.5000 -0.0051 0.4988
8706.1500 -3.3306 -1.5757 8706.5500 -2.3161 1.4232 8706.3500 4.7091 -4.3262
8707.1000 -0.4974 -0.0010 8707.9000 -0.0054 -0.0059 8707.4000 0.4922 0.0082
8707.5000 -0.3021 -0.5094 8707.5000 0.3073 -0.5008 8707.5000 -0.0019 0.5015
8708.1500 -1.7858 3.9012 8708.5500 3.6685 4.1270 8708.3500 0.2430 -3.4882
8709.1500 0.3818 -1.4805 8709.5500 -2.2224 4.2222 8709.3500 4.6701 3.5035
8710.1500 0.3434 -4.7966 8710.5500 0.7372 -4.6133 8710.3500 -2.2248 1.0398
8711.1500 -1.2447 -4.4734 8711.5500 4.9679 -3.6395 8711.3500 -3.3966 1.0609
8712.1500 0.2069 1.9193 8712.5500 -4.9882 -3.6603 8712.3500 -3.4647 -0.4430
8713.1500 1.7580 -3.7167 8713.5500 1.3472 4.8423 8713.3500 -1.1703 -4.6377
8714.1000 -0.5092 0.0044 8714.9000 -0.0060 0.0084 8714.4000 0.4938 0.0066
8714.5000 -0.3100 -0.4957 8714.5000 0.3074 -0.5040 8714.5000 -0.0004 0.4994
8715.1500 -3.0196 -4.2498 8715.5500 -1.5328 -4.9619 8715.3500 1.3291 3.9308
8716.1500 3.4934 -4.9915 8716.5500 -0.5303 2.0079 8716.3500 4.7574 4.8175
8717.1500 3.5706 -4.7552 8717.5500 -0.8138 -0.8042 8717.3500 -4.4017 4.4348
8718.1500 -1.1057 -2.8085 8718.5500 4.5934 4.1859 8718.3500 -2.1831 -1.1314
8719.1000 -0.5051 -0.0087 8719.9000 0.0040 -0.0027 8719.4000 0.5045 0.0042
8719.5000 -0.2968 -0.4968 8719.5000 0.2973 -0.5044 8719.5000 -0.0095 0.4933
8720.1500 3.9860 -3.2161 8720.5500 4.2758 -1.8777 8720.3500 4.4918 1.6794
8721.1500 -3.8441 -4.4109 8721.5500 -0.6775 3.8266 8721.3500 -1.7927 -4.6496
8722.1500 -1.9725 -2.2071 8722.5500 1.6409 -2.1654 8722.3500 -3.2590 -0.6643
8723.1500 -1.1422 -4.4296 8723.5500 4.7773 -1.7121 8723.3500 -1.6628 3.5996
8724.1500 3.0625 -2.1370 8724.5500 4.4844 -1.0573 8724.3500 -1.7139 -1.0419
8725.1500 -2.8432 1.6353 8725.5500 3.8311 -1.1383 8725.3500 0.6436 -2.3612
